Price,Close,High,Low,Open,Volume,SMA_10,SMA_20,Signal,Position
Ticker,UEN.F,UEN.F,UEN.F,UEN.F,UEN.F,,,,
Date,,,,,,,,,
2020-01-02,61.79999923706055,61.79999923706055,61.79999923706055,61.79999923706055,10,,,0.0,
2020-01-03,62.0,62.0,62.0,62.0,0,,,0.0,0.0
2020-01-06,61.5,62.0,61.5,62.0,170,,,0.0,0.0
2020-01-07,63.2400016784668,63.2400016784668,61.84000015258789,61.84000015258789,52,,,0.0,0.0
2020-01-08,61.0,61.0,60.97999954223633,60.97999954223633,109,,,0.0,0.0
2020-01-09,65.69999694824219,65.81999969482422,64.4800033569336,64.4800033569336,202,,,0.0,0.0
2020-01-10,64.08000183105469,64.08000183105469,64.08000183105469,64.08000183105469,0,,,0.0,0.0
2020-01-13,65.22000122070312,66.63999938964844,65.22000122070312,65.31999969482422,49,,,0.0,0.0
2020-01-14,65.0,65.69999694824219,65.0,65.0999984741211,155,,,0.0,0.0
2020-01-15,64.41999816894531,64.68000030517578,64.41999816894531,64.68000030517578,20,63.395999908447266,,0.0,0.0
2020-01-16,65.63999938964844,65.63999938964844,64.41999816894531,64.41999816894531,2,63.77999992370606,,0.0,0.0
2020-01-17,62.97999954223633,65.0,61.560001373291016,65.0,182,63.87799987792969,,0.0,0.0
2020-01-20,64.55999755859375,64.55999755859375,61.779998779296875,61.779998779296875,180,64.18399963378906,,0.0,0.0
2020-01-21,63.880001068115234,64.80000305175781,62.599998474121094,62.599998474121094,178,64.24799957275391,,0.0,0.0
2020-01-22,64.31999969482422,64.31999969482422,62.540000915527344,62.540000915527344,1,64.57999954223632,,0.0,0.0
2020-01-23,63.08000183105469,63.08000183105469,63.08000183105469,63.08000183105469,0,64.31800003051758,,0.0,0.0
2020-01-24,65.4000015258789,66.72000122070312,64.4000015258789,64.4000015258789,63,64.45,,0.0,0.0
2020-01-27,65.66000366210938,65.66000366210938,64.12000274658203,64.12000274658203,21,64.49400024414062,,0.0,0.0
2020-01-28,68.0,69.0,65.87999725341797,65.87999725341797,367,64.79400024414062,,0.0,0.0
2020-01-29,69.0,69.5999984741211,69.0,69.0199966430664,553,65.25200042724609,64.32400016784668,1.0,0.0
2020-01-30,68.55999755859375,68.55999755859375,68.55999755859375,68.55999755859375,50,65.54400024414062,64.66200008392335,1.0,1.0
2020-01-31,68.0,68.0,68.0,68.0,29,66.04600028991699,64.96200008392334,1.0,1.0
2020-02-03,69.37999725341797,69.37999725341797,69.37999725341797,69.37999725341797,50,66.52800025939942,65.35599994659424,1.0,1.0
2020-02-04,68.12000274658203,71.0,68.12000274658203,71.0,431,66.95200042724609,65.6,1.0,1.0
2020-02-05,68.9800033569336,68.9800033569336,68.9800033569336,68.9800033569336,0,67.41800079345703,65.99900016784667,1.0,1.0
2020-02-06,70.5999984741211,72.4800033569336,70.04000091552734,70.04000091552734,377,68.17000045776368,66.24400024414062,1.0,1.0
2020-02-07,72.5,72.5,70.76000213623047,70.76000213623047,100,68.88000030517578,66.6650001525879,1.0,1.0
2020-02-10,72.5,72.5,71.13999938964844,71.13999938964844,50,69.56399993896484,67.02900009155273,1.0,1.0
2020-02-11,72.9800033569336,74.36000061035156,72.9800033569336,73.0,1197,70.0620002746582,67.42800025939941,1.0,1.0
2020-02-12,72.27999877929688,72.27999877929688,72.27999877929688,72.27999877929688,0,70.39000015258789,67.821000289917,1.0,1.0
2020-02-13,73.23999786376953,73.23999786376953,73.23999786376953,73.23999786376953,0,70.85800018310547,68.20100021362305,1.0,1.0
2020-02-14,74.5,74.5,73.37999725341797,73.37999725341797,1271,71.50800018310547,68.77700023651123,1.0,1.0
2020-02-17,74.19999694824219,74.69999694824219,74.19999694824219,74.69999694824219,80,71.9900001525879,69.25900020599366,1.0,1.0
2020-02-18,73.91999816894531,74.04000091552734,72.19999694824219,74.04000091552734,86,72.56999969482422,69.76100006103516,1.0,1.0
2020-02-19,73.05999755859375,73.05999755859375,73.05999755859375,73.05999755859375,0,72.97799911499024,70.19799995422363,1.0,1.0
2020-02-20,73.73999786376953,74.19999694824219,73.73999786376953,74.19999694824219,203,73.29199905395508,70.73099975585937,1.0,1.0
2020-02-21,74.5999984741211,76.18000030517578,74.19999694824219,74.19999694824219,11,73.50199890136719,71.19099960327148,1.0,1.0
2020-02-24,71.94000244140625,71.94000244140625,71.94000244140625,71.94000244140625,100,73.44599914550781,71.50499954223633,1.0,1.0
2020-02-25,72.18000030517578,74.04000091552734,72.18000030517578,74.04000091552734,140,73.36599884033203,71.71399955749511,1.0,1.0
2020-02-26,70.87999725341797,72.18000030517578,70.87999725341797,72.18000030517578,324,73.22599868774414,71.80799942016601,1.0,1.0
2020-02-27,68.36000061035156,70.33999633789062,67.30000305175781,70.33999633789062,467,72.73799896240234,71.79799957275391,1.0,1.0
2020-02-28,67.4000015258789,67.4000015258789,64.0,64.0,718,72.02799911499024,71.76799964904785,1.0,1.0
2020-03-02,66.30000305175781,68.0999984741211,66.30000305175781,68.0999984741211,380,71.2379997253418,71.61399993896484,0.0,1.0
2020-03-03,69.5999984741211,69.5999984741211,67.91999816894531,67.91999816894531,15,70.80599975585938,71.6879997253418,0.0,0.0
2020-03-04,69.69999694824219,69.69999694824219,67.41999816894531,67.41999816894531,60,70.46999969482422,71.72399940490723,0.0,0.0
2020-03-05,69.95999908447266,69.95999908447266,68.94000244140625,69.87999725341797,790,70.09199981689453,71.6919994354248,0.0,0.0
2020-03-06,65.33999633789062,68.0,65.18000030517578,68.0,555,69.16599960327149,71.33399925231933,0.0,0.0
2020-03-09,63.400001525878906,65.16000366210938,61.08000183105469,65.16000366210938,480,68.31199951171875,70.87899932861328,0.0,0.0
2020-03-10,62.5,62.5,62.5,62.5,0,67.34399948120117,70.3549991607666,0.0,0.0
2020-03-11,60.65999984741211,62.5,60.65999984741211,62.459999084472656,307,66.32199974060059,69.77399921417236,0.0,0.0
2020-03-12,55.459999084472656,58.0,55.459999084472656,58.0,565,65.0319995880127,68.88499927520752,0.0,0.0
2020-03-13,59.099998474121094,60.040000915527344,55.97999954223633,55.97999954223633,100,64.20199928283691,68.11499919891358,0.0,0.0
2020-03-16,57.599998474121094,57.599998474121094,51.720001220703125,54.119998931884766,1635,63.33199882507324,67.28499927520753,0.0,0.0
2020-03-17,62.86000061035156,64.94000244140625,61.52000045776367,63.099998474121094,244,62.65799903869629,66.73199939727783,0.0,0.0
2020-03-18,60.0,65.91999816894531,60.0,65.41999816894531,101,61.68799934387207,66.07899951934814,0.0,0.0
2020-03-19,60.939998626708984,60.939998626708984,60.939998626708984,60.939998626708984,14,60.7859992980957,65.43899955749512,0.0,0.0
2020-03-20,63.720001220703125,63.720001220703125,63.720001220703125,63.720001220703125,0,60.623999786376956,64.89499969482422,0.0,0.0
2020-03-23,59.880001068115234,59.880001068115234,57.68000030517578,57.68000030517578,15,60.271999740600585,64.29199962615967,0.0,0.0
2020-03-24,66.0199966430664,66.0199966430664,64.5,64.5,204,60.623999404907224,63.9839994430542,0.0,0.0
2020-03-25,63.040000915527344,66.5999984741211,63.040000915527344,66.5999984741211,270,60.86199951171875,63.59199962615967,0.0,0.0
2020-03-26,63.0,63.0,63.0,63.0,90,61.61599960327148,63.32399959564209,0.0,0.0
2020-03-27,66.44000244140625,66.44000244140625,66.44000244140625,66.44000244140625,0,62.35,63.27599964141846,0.0,0.0
2020-03-30,68.62000274658203,68.95999908447266,66.54000091552734,66.54000091552734,109,63.45200042724609,63.39199962615967,1.0,0.0
2020-03-31,67.36000061035156,67.36000061035156,67.36000061035156,67.36000061035156,0,63.902000427246094,63.27999973297119,1.0,1.0
2020-04-01,66.4000015258789,66.73999786376953,64.0,64.0,560,64.54200057983398,63.11499996185303,1.0,1.0
2020-04-02,69.45999908447266,69.45999908447266,67.81999969482422,67.81999969482422,2080,65.39400062561035,63.089999961853025,1.0,1.0
2020-04-03,71.69999694824219,71.69999694824219,68.18000030517578,68.18000030517578,105,66.19200019836425,63.407999992370605,1.0,1.0
2020-04-06,71.4800033569336,72.5199966430664,71.4000015258789,72.5199966430664,97,67.3520004272461,63.81200008392334,1.0,1.0
2020-04-07,67.5,68.23999786376953,67.5,68.23999786376953,140,67.50000076293945,64.06200008392334,1.0,1.0
2020-04-08,66.94000244140625,66.94000244140625,66.94000244140625,66.94000244140625,0,67.89000091552734,64.37600021362304,1.0,1.0
2020-04-09,69.30000305175781,69.30000305175781,68.72000122070312,68.72000122070312,4,68.52000122070312,65.0680004119873,1.0,1.0
2020-04-14,68.0999984741211,68.0999984741211,68.0999984741211,68.0999984741211,0,68.68600082397461,65.5180004119873,1.0,1.0
2020-04-15,69.30000305175781,69.73999786376953,69.30000305175781,69.73999786376953,116,68.75400085449219,66.10300064086914,1.0,1.0
2020-04-16,69.0999984741211,69.0999984741211,67.76000213623047,67.76000213623047,50,68.92800064086914,66.41500053405761,1.0,1.0
2020-04-17,69.5,70.04000091552734,69.19999694824219,69.5999984741211,253,69.23800048828124,66.89000053405762,1.0,1.0
2020-04-20,69.22000122070312,69.22000122070312,69.22000122070312,69.22000122070312,0,69.2140007019043,67.30400066375732,1.0,1.0
2020-04-21,65.95999908447266,67.77999877929688,65.95999908447266,67.0,16,68.64000091552734,67.4160005569458,1.0,1.0
2020-04-22,64.55999755859375,68.19999694824219,64.55999755859375,67.33999633789062,130,67.94800033569337,67.65000038146972,1.0,1.0
2020-04-23,67.19999694824219,67.19999694824219,66.0,66.0,92,67.91800003051758,67.70900039672851,1.0,1.0
2020-04-24,67.91999816894531,67.91999816894531,65.66000366210938,65.66000366210938,40,68.01599960327148,67.95300025939942,1.0,1.0
2020-04-27,67.55999755859375,67.55999755859375,67.55999755859375,67.55999755859375,0,67.84199905395508,68.18100013732911,0.0,1.0
2020-04-28,69.30000305175781,70.45999908447266,69.30000305175781,69.72000122070312,12,67.96199951171874,68.32400016784668,0.0,0.0
2020-04-29,69.44000244140625,69.44000244140625,68.91999816894531,68.91999816894531,15,67.97599945068359,68.3650001525879,0.0,0.0
2020-04-30,68.58000183105469,68.58000183105469,68.0999984741211,68.0999984741211,20,67.92399978637695,68.42600021362304,0.0,0.0
2020-05-04,66.0,66.0,66.0,66.0,243,67.57399978637696,68.4060001373291,0.0,0.0
2020-05-05,69.91999816894531,69.91999816894531,69.91999816894531,69.91999816894531,0,67.64399948120118,68.42900009155274,0.0,0.0
2020-05-06,72.76000213623047,72.76000213623047,71.27999877929688,71.27999877929688,43,68.32399978637696,68.48200035095215,0.0,0.0
2020-05-07,72.55999755859375,72.55999755859375,71.5199966430664,71.5199966430664,11,69.12399978637696,68.53600006103515,1.0,0.0
2020-05-08,73.0,74.66000366210938,72.5,72.5,516,69.70400009155273,68.81100006103516,1.0,1.0
2020-05-11,73.0,73.0,72.37999725341797,72.91999816894531,505,70.21200027465821,69.11399993896484,1.0,1.0
2020-05-12,70.69999694824219,72.13999938964844,70.69999694824219,71.72000122070312,85,70.52600021362305,69.18399963378906,1.0,1.0
2020-05-13,70.69999694824219,70.69999694824219,70.69999694824219,70.69999694824219,0,70.66599960327149,69.31399955749512,1.0,1.0
2020-05-14,69.08000183105469,69.08000183105469,68.18000030517578,68.18000030517578,34,70.62999954223633,69.30299949645996,1.0,1.0
2020-05-15,65.5999984741211,65.5999984741211,65.5999984741211,65.5999984741211,0,70.33199920654297,69.12799949645996,1.0,1.0
2020-05-18,67.0,68.62000274658203,67.0,67.72000122070312,189,70.43199920654297,69.00299949645996,1.0,1.0
2020-05-19,67.33999633789062,68.19999694824219,63.97999954223633,68.19999694824219,552,70.1739990234375,68.90899925231933,1.0,1.0
2020-05-20,69.73999786376953,69.73999786376953,65.87999725341797,65.87999725341797,179,69.8719985961914,69.09799919128417,1.0,1.0
2020-05-21,70.5199966430664,70.5199966430664,69.73999786376953,69.73999786376953,16,69.66799850463867,69.39599914550782,1.0,1.0
2020-05-22,69.80000305175781,69.80000305175781,67.77999877929688,67.77999877929688,35,69.34799880981446,69.5259994506836,0.0,1.0
2020-05-25,71.9800033569336,72.0,71.05999755859375,71.05999755859375,61,69.24599914550781,69.728999710083,0.0,0.0
2020-05-26,70.4000015258789,70.5,70.4000015258789,70.5,42,69.21599960327148,69.87099990844726,0.0,0.0
2020-05-27,67.04000091552734,67.36000061035156,66.58000183105469,67.36000061035156,65,68.85,69.75799980163575,0.0,0.0
2020-05-28,67.77999877929688,69.23999786376953,66.05999755859375,66.05999755859375,923,68.71999969482422,69.67499961853028,0.0,0.0
2020-05-29,69.9000015258789,69.9000015258789,68.37999725341797,68.37999725341797,52,69.15,69.74099960327149,0.0,0.0
2020-06-02,69.4000015258789,70.0,69.16000366210938,69.16000366210938,45,69.39000015258789,69.91099967956544,0.0,0.0
2020-06-03,69.86000061035156,69.86000061035156,69.86000061035156,69.86000061035156,0,69.64200057983399,69.90799980163574,0.0,0.0
2020-06-04,67.63999938964844,67.87999725341797,67.63999938964844,67.87999725341797,40,69.43200073242187,69.65199966430664,0.0,0.0
2020-06-05,66.9000015258789,67.94000244140625,66.19999694824219,67.5,631,69.07000122070312,69.3689998626709,0.0,0.0
2020-06-08,67.16000366210938,67.16000366210938,65.36000061035156,65.36000061035156,61,68.80600128173828,69.07700004577637,0.0,0.0
2020-06-09,67.80000305175781,67.80000305175781,65.31999969482422,66.9800033569336,22,68.3880012512207,68.81700019836425,0.0,0.0
2020-06-10,67.30000305175781,67.80000305175781,67.30000305175781,67.80000305175781,100,68.0780014038086,68.64700050354004,0.0,0.0
2020-06-11,66.0,68.58000183105469,66.0,66.44000244140625,431,67.97400131225587,68.41200065612793,0.0,0.0
2020-06-12,66.41999816894531,66.41999816894531,66.41999816894531,66.41999816894531,0,67.8380012512207,68.27900047302246,0.0,0.0
2020-06-15,65.81999969482422,66.87999725341797,64.76000213623047,65.0,335,67.43000106811523,68.29000053405761,0.0,0.0
2020-06-16,67.19999694824219,67.19999694824219,66.5999984741211,66.5999984741211,7,67.21000061035156,68.30000038146973,0.0,0.0
2020-06-17,68.16000366210938,68.16000366210938,68.16000366210938,68.16000366210938,0,67.04000091552734,68.34100074768067,0.0,0.0
2020-06-18,68.41999816894531,68.41999816894531,68.41999816894531,68.41999816894531,0,67.11800079345703,68.27500076293946,0.0,0.0
2020-06-19,67.87999725341797,68.12000274658203,67.87999725341797,68.12000274658203,30,67.21600036621093,68.14300079345703,0.0,0.0
2020-06-22,70.81999969482422,70.81999969482422,67.83999633789062,68.37999725341797,309,67.58199996948242,68.19400062561036,0.0,0.0
2020-06-23,67.83999633789062,67.83999633789062,67.83999633789062,67.83999633789062,0,67.5859992980957,67.9870002746582,0.0,0.0
2020-06-24,69.9000015258789,69.9000015258789,68.41999816894531,68.41999816894531,50,67.84599914550782,67.96200027465821,0.0,0.0
2020-06-25,69.5999984741211,69.5999984741211,68.33999633789062,68.33999633789062,10,68.20599899291992,68.09000015258789,1.0,0.0
2020-06-26,71.41999816894531,72.63999938964844,70.9800033569336,71.0199966430664,474,68.70599899291992,68.27200012207031,1.0,1.0
2020-06-29,69.77999877929688,70.0199966430664,69.77999877929688,70.0199966430664,55,69.10199890136718,68.26599998474121,1.0,1.0
2020-06-30,71.86000061035156,71.86000061035156,71.18000030517578,71.22000122070312,147,69.56799926757813,68.38899993896484,1.0,1.0
2020-07-01,74.5,74.5,74.5,74.5,42,70.20199890136719,68.62099990844726,1.0,1.0
2020-07-02,76.54000091552734,76.54000091552734,75.0,75.81999969482422,412,71.0139991760254,69.06599998474121,1.0,1.0
2020-07-03,77.80000305175781,77.80000305175781,76.36000061035156,76.36000061035156,117,72.00599975585938,69.61100006103516,1.0,1.0
2020-07-06,79.41999816894531,79.41999816894531,77.5,78.83999633789062,20,72.86599960327149,70.22399978637695,1.0,1.0
2020-07-07,78.05999755859375,78.05999755859375,76.80000305175781,76.80000305175781,2,73.8879997253418,70.73699951171875,1.0,1.0
2020-07-08,79.0199966430664,79.0199966430664,78.73999786376953,78.73999786376953,170,74.79999923706055,71.32299919128418,1.0,1.0
2020-07-09,80.0,80.0,79.30000305175781,79.30000305175781,15,75.83999938964844,72.02299919128419,1.0,1.0
2020-07-10,78.0,78.0,78.0,78.0,0,76.49799957275391,72.60199928283691,1.0,1.0
2020-07-13,74.44000244140625,78.33999633789062,70.23999786376953,78.33999633789062,935,76.96399993896485,73.03299942016602,1.0,1.0
2020-07-14,72.0999984741211,73.04000091552734,72.0,72.0,120,76.9879997253418,73.27799949645996,1.0,1.0
2020-07-15,71.36000061035156,75.0,71.36000061035156,75.0,577,76.67399978637695,73.43799934387206,1.0,1.0
2020-07-16,69.83999633789062,69.83999633789062,69.83999633789062,69.83999633789062,0,76.00399932861328,73.50899925231934,1.0,1.0
2020-07-17,67.0999984741211,70.0,67.0,70.0,272,74.9339988708496,73.46999931335449,1.0,1.0
2020-07-20,70.0,70.0,68.63999938964844,68.76000213623047,303,73.99199905395508,73.42899932861329,1.0,1.0
2020-07-21,71.04000091552734,71.04000091552734,69.55999755859375,70.69999694824219,86,73.28999938964844,73.58899955749511,0.0,1.0
2020-07-22,70.76000213623047,71.04000091552734,70.76000213623047,71.04000091552734,94,72.46399993896485,73.63199958801269,0.0,0.0
2020-07-23,73.4800033569336,73.4800033569336,71.66000366210938,71.66000366210938,95,71.8120002746582,73.82599983215331,0.0,0.0
2020-07-24,69.37999725341797,72.12000274658203,69.37999725341797,72.12000274658203,470,70.95,73.72399978637695,0.0,0.0
2020-07-27,70.4000015258789,70.4000015258789,70.4000015258789,70.4000015258789,160,70.54599990844727,73.75499992370605,0.0,0.0
2020-07-28,71.26000213623047,71.26000213623047,71.26000213623047,71.26000213623047,5,70.46200027465821,73.725,0.0,0.0
2020-07-29,69.4800033569336,71.04000091552734,69.44000244140625,69.44000244140625,55,70.27400054931641,73.47400016784668,0.0,0.0
2020-07-30,69.27999877929688,69.27999877929688,69.27999877929688,69.27999877929688,0,70.21800079345704,73.11100006103516,0.0,0.0
2020-07-31,71.26000213623047,71.26000213623047,69.05999755859375,69.05999755859375,516,70.63400115966797,72.78400001525878,0.0,0.0
2020-08-03,72.9800033569336,72.9800033569336,70.55999755859375,70.55999755859375,245,70.93200149536133,72.46200027465821,0.0,0.0
2020-08-04,72.0199966430664,72.72000122070312,71.9000015258789,72.72000122070312,31,71.03000106811524,72.16000022888184,0.0,0.0
2020-08-05,71.45999908447266,72.0,71.31999969482422,71.9800033569336,167,71.10000076293946,71.78200035095215,0.0,0.0
2020-08-06,70.4000015258789,70.68000030517578,69.62000274658203,69.62000274658203,44,70.79200057983398,71.3020004272461,0.0,0.0
2020-08-07,69.30000305175781,69.30000305175781,69.30000305175781,69.30000305175781,0,70.78400115966797,70.86700057983398,0.0,0.0
2020-08-10,69.33999633789062,69.33999633789062,68.68000030517578,68.68000030517578,40,70.67800064086914,70.6120002746582,1.0,0.0
2020-08-11,69.23999786376953,69.23999786376953,67.4000015258789,67.4000015258789,10,70.47600021362305,70.46900024414063,1.0,1.0
2020-08-12,67.81999969482422,67.81999969482422,67.36000061035156,67.36000061035156,9,70.30999984741212,70.29200019836426,1.0,1.0
2020-08-13,68.44000244140625,68.44000244140625,68.44000244140625,68.44000244140625,0,70.22600021362305,70.22200050354004,1.0,1.0
2020-08-14,69.83999633789062,69.83999633789062,69.08000183105469,69.08000183105469,1,70.08399963378906,70.35900039672852,0.0,1.0
2020-08-17,67.87999725341797,67.87999725341797,67.87999725341797,67.87999725341797,0,69.5739990234375,70.25300025939941,0.0,0.0
2020-08-18,68.0,68.0,68.0,68.0,0,69.17199935913087,70.10100021362305,0.0,0.0
2020-08-19,68.33999633789062,68.33999633789062,68.33999633789062,68.33999633789062,0,68.85999908447266,69.97999992370606,0.0,0.0
2020-08-20,69.55999755859375,69.55999755859375,68.08000183105469,68.08000183105469,75,68.77599868774413,69.78399963378907,0.0,0.0
2020-08-21,68.08000183105469,68.08000183105469,68.08000183105469,68.08000183105469,0,68.65399856567383,69.7189998626709,0.0,0.0
2020-08-24,70.76000213623047,70.76000213623047,69.87999725341797,69.87999725341797,65,68.7959991455078,69.73699989318848,0.0,0.0
2020-08-25,69.0199966430664,70.18000030517578,68.37999725341797,68.69999694824219,225,68.7739990234375,69.62499961853027,0.0,0.0
2020-08-26,71.0,71.0,67.9800033569336,67.9800033569336,38,69.09199905395508,69.7009994506836,0.0,0.0
2020-08-27,69.4000015258789,69.4000015258789,69.05999755859375,69.05999755859375,48,69.18799896240235,69.70699958801269,0.0,0.0
2020-08-28,68.94000244140625,68.94000244140625,68.94000244140625,68.94000244140625,0,69.0979995727539,69.59099960327148,0.0,0.0
2020-08-31,68.69999694824219,68.69999694824219,68.0999984741211,68.0999984741211,80,69.17999954223633,69.37699928283692,0.0,0.0
2020-09-01,68.36000061035156,68.36000061035156,68.36000061035156,68.36000061035156,10,69.21599960327148,69.19399948120117,1.0,0.0
2020-09-02,71.5,71.5,70.13999938964844,70.13999938964844,102,69.53199996948243,69.19599952697754,1.0,1.0
2020-09-03,68.05999755859375,70.94000244140625,68.05999755859375,69.9000015258789,36,69.38199996948242,69.07899932861328,1.0,1.0
2020-09-04,66.36000061035156,67.37999725341797,66.36000061035156,67.0,319,69.2099998474121,68.93199920654297,1.0,1.0
2020-09-07,65.9000015258789,67.0,65.9000015258789,67.0,285,68.72399978637695,68.75999946594239,0.0,1.0
2020-09-08,67.18000030517578,67.18000030517578,67.18000030517578,67.18000030517578,0,68.5400001525879,68.6569995880127,0.0,0.0
2020-09-09,67.80000305175781,67.80000305175781,66.66000366210938,66.66000366210938,6,68.22000045776367,68.65599975585937,0.0,0.0
2020-09-10,71.13999938964844,71.13999938964844,68.36000061035156,68.36000061035156,315,68.39400024414063,68.79099960327149,0.0,0.0
2020-09-11,72.94000244140625,74.0,69.5,69.5199966430664,759,68.79400024414062,68.94599990844726,0.0,0.0
2020-09-14,73.45999908447266,74.0,73.45999908447266,74.0,105,69.27000045776367,69.225,1.0,0.0
2020-09-15,73.23999786376953,73.23999786376953,73.23999786376953,73.23999786376953,5,69.75800018310547,69.48699989318848,1.0,1.0
2020-09-16,73.31999969482422,73.31999969482422,73.31999969482422,73.31999969482422,0,69.94000015258788,69.73600006103516,1.0,1.0
2020-09-17,73.0,73.0,73.0,73.0,100,70.43400039672852,69.90800018310547,1.0,1.0
2020-09-18,73.12000274658203,73.12000274658203,71.69999694824219,71.69999694824219,279,71.11000061035156,70.16000022888184,1.0,1.0
2020-09-21,73.58000183105469,73.58000183105469,70.91999816894531,72.0,116,71.87800064086915,70.30100021362304,1.0,1.0
2020-09-22,74.58000183105469,75.0,73.77999877929688,73.77999877929688,150,72.61800079345703,70.57900047302246,1.0,1.0
2020-09-23,73.44000244140625,73.44000244140625,73.44000244140625,73.44000244140625,0,73.18200073242187,70.70100059509278,1.0,1.0
2020-09-24,74.81999969482422,74.81999969482422,72.62000274658203,72.62000274658203,54,73.55000076293945,70.97200050354004,1.0,1.0
2020-09-25,76.94000244140625,76.94000244140625,74.22000122070312,74.22000122070312,185,73.95000076293945,71.37200050354004,1.0,1.0
2020-09-28,77.12000274658203,77.12000274658203,77.12000274658203,77.12000274658203,15,74.3160011291504,71.79300079345703,1.0,1.0
2020-09-29,74.72000122070312,74.72000122070312,74.72000122070312,74.72000122070312,0,74.46400146484375,72.1110008239746,1.0,1.0
2020-09-30,77.0,77.0,75.05999755859375,75.05999755859375,360,74.83200149536133,72.38600082397461,1.0,1.0
2020-10-01,78.77999877929688,78.80000305175781,77.0,77.0,501,75.41000137329101,72.92200088500977,1.0,1.0
2020-10-02,79.5,79.5,78.26000213623047,78.26000213623047,100,76.04800109863281,73.5790008544922,1.0,1.0
2020-10-05,79.5999984741211,79.5999984741211,78.58000183105469,78.80000305175781,92,76.65000076293946,74.2640007019043,1.0,1.0
2020-10-06,78.27999877929688,78.27999877929688,78.27999877929688,78.27999877929688,0,77.02000045776367,74.81900062561036,1.0,1.0
2020-10-07,77.73999786376953,77.73999786376953,77.73999786376953,77.73999786376953,0,77.45,75.31600036621094,1.0,1.0
2020-10-08,80.19999694824219,80.19999694824219,79.41999816894531,80.08000183105469,21,77.9879997253418,75.76900024414063,1.0,1.0
2020-10-09,79.4800033569336,79.4800033569336,79.4800033569336,79.4800033569336,0,78.24199981689453,76.09600028991699,1.0,1.0
2020-10-12,82.0,83.5,82.0,82.76000213623047,536,78.72999954223633,76.52300033569335,1.0,1.0
2020-10-13,83.91999816894531,83.91999816894531,82.44000244140625,82.44000244140625,2,79.64999923706054,77.05700035095215,1.0,1.0
2020-10-14,83.0,84.91999816894531,82.16000366210938,82.16000366210938,306,80.24999923706055,77.54100036621094,1.0,1.0
2020-10-15,82.9800033569336,84.66000366210938,82.44000244140625,84.66000366210938,174,80.66999969482421,78.04000053405761,1.0,1.0
2020-10-16,82.0999984741211,82.0999984741211,82.0999984741211,82.0999984741211,0,80.92999954223633,78.48900032043457,1.0,1.0
2020-10-19,82.72000122070312,84.4000015258789,81.0,83.86000061035156,516,81.24199981689453,78.946000289917,1.0,1.0
2020-10-20,81.68000030517578,81.68000030517578,80.91999816894531,81.33999633789062,255,81.58199996948242,79.30100021362304,1.0,1.0
2020-10-21,80.5999984741211,80.5999984741211,80.36000061035156,80.36000061035156,20,81.86800003051758,79.65900001525878,1.0,1.0
2020-10-22,79.0,79.0,79.0,79.0,75,81.74800033569336,79.86800003051758,1.0,1.0
2020-10-23,80.5999984741211,80.5999984741211,79.77999877929688,79.77999877929688,142,81.85999984741211,80.05099983215332,1.0,1.0
2020-10-26,79.80000305175781,81.77999877929688,79.80000305175781,81.77999877929688,285,81.64000015258789,80.18499984741212,1.0,1.0
2020-10-27,82.23999786376953,82.23999786376953,81.0199966430664,81.0199966430664,10,81.47200012207031,80.56099967956543,1.0,1.0
2020-10-28,81.0199966430664,83.87999725341797,80.36000061035156,83.87999725341797,484,81.27399978637695,80.76199951171876,1.0,1.0
2020-10-29,80.0,83.5,80.0,82.63999938964844,2335,80.97599945068359,80.8229995727539,1.0,1.0
2020-10-30,76.19999694824219,78.19999694824219,74.9800033569336,78.19999694824219,378,80.3859992980957,80.65799942016602,0.0,1.0
2020-11-02,74.58000183105469,76.9800033569336,74.58000183105469,76.9800033569336,442,79.57199935913086,80.4069995880127,0.0,0.0
2020-11-03,76.05999755859375,76.05999755859375,76.05999755859375,76.05999755859375,40,79.00999908447265,80.29599952697754,0.0,0.0
2020-11-04,77.5999984741211,77.5999984741211,76.0,76.13999938964844,71,78.70999908447266,80.28899955749512,0.0,0.0
2020-11-05,81.0999984741211,81.0999984741211,81.0999984741211,81.0999984741211,0,78.91999893188476,80.33399963378906,0.0,0.0
2020-11-06,79.87999725341797,79.87999725341797,79.87999725341797,79.87999725341797,0,78.84799880981446,80.35399932861328,0.0,0.0
2020-11-09,75.9000015258789,81.13999938964844,74.12000274658203,81.13999938964844,793,78.45799865722657,80.04899940490722,0.0,0.0
2020-11-10,74.18000030517578,76.72000122070312,72.0,76.72000122070312,233,77.6519989013672,79.56199951171875,0.0,0.0
2020-11-11,74.76000213623047,74.76000213623047,72.4800033569336,72.4800033569336,310,77.0259994506836,79.14999961853027,0.0,0.0
2020-11-12,80.5,80.5,73.69999694824219,73.69999694824219,205,77.0759994506836,79.0259994506836,0.0,0.0
2020-11-13,80.66000366210938,80.66000366210938,79.08000183105469,79.08000183105469,4,77.52200012207031,78.95399971008301,0.0,0.0
2020-11-16,79.0,79.0199966430664,79.0,79.0199966430664,44,77.96399993896485,78.76799964904785,0.0,0.0
2020-11-17,78.87999725341797,79.33999633789062,78.87999725341797,79.33999633789062,265,78.24599990844726,78.62799949645996,0.0,0.0
2020-11-18,81.5,82.0999984741211,81.27999877929688,81.27999877929688,257,78.63600006103516,78.67299957275391,0.0,0.0
2020-11-19,79.44000244140625,79.44000244140625,79.44000244140625,79.44000244140625,0,78.47000045776367,78.69499969482422,0.0,0.0
2020-11-20,77.76000213623047,77.76000213623047,77.76000213623047,77.76000213623047,130,78.25800094604492,78.5529998779297,0.0,0.0
2020-11-23,79.26000213623047,79.26000213623047,79.23999786376953,79.23999786376953,175,78.59400100708008,78.52599983215332,1.0,0.0
2020-11-24,77.0999984741211,77.0999984741211,77.0999984741211,77.0999984741211,5,78.88600082397461,78.2689998626709,1.0,1.0
2020-11-25,77.55999755859375,77.55999755859375,75.68000030517578,75.68000030517578,65,79.16600036621094,78.09599990844727,1.0,1.0
2020-11-26,77.5999984741211,77.5999984741211,77.5999984741211,77.5999984741211,0,78.87600021362304,77.97599983215332,1.0,1.0
2020-11-27,78.0,78.0,77.30000305175781,77.30000305175781,200,78.60999984741211,78.06599998474121,1.0,1.0
2020-11-30,80.5999984741211,80.5999984741211,78.63999938964844,78.63999938964844,52,78.76999969482422,78.36699981689453,1.0,1.0
2020-12-01,80.0,80.0,79.4800033569336,79.4800033569336,17,78.88199996948242,78.56399993896484,1.0,1.0
2020-12-02,78.55999755859375,78.55999755859375,77.0999984741211,77.0999984741211,7,78.5879997253418,78.61199989318848,0.0,1.0
2020-12-03,77.5,77.5,76.04000091552734,76.04000091552734,60,78.39399948120118,78.43199996948242,0.0,0.0
2020-12-04,77.37999725341797,77.37999725341797,77.37999725341797,77.37999725341797,0,78.35599899291992,78.30699996948242,1.0,0.0
2020-12-07,77.66000366210938,77.66000366210938,77.66000366210938,77.66000366210938,0,78.19599914550781,78.39500007629394,0.0,1.0
2020-12-08,77.30000305175781,77.30000305175781,77.30000305175781,77.30000305175781,0,78.21599960327148,78.55100021362304,0.0,0.0
2020-12-09,78.0,78.81999969482422,77.81999969482422,77.81999969482422,155,78.2599998474121,78.71300010681152,0.0,0.0
2020-12-10,78.16000366210938,78.16000366210938,77.66000366210938,77.66000366210938,9,78.31600036621094,78.59600028991699,0.0,0.0
2020-12-11,77.0199966430664,77.0199966430664,77.0199966430664,77.0199966430664,0,78.21800003051757,78.41399993896485,0.0,0.0
2020-12-14,76.0199966430664,77.58000183105469,76.0199966430664,76.0199966430664,330,77.7599998474121,78.26499977111817,0.0,0.0
2020-12-15,76.5,76.5,75.81999969482422,75.81999969482422,30,77.40999984741211,78.14599990844727,0.0,0.0
2020-12-16,74.0999984741211,74.0999984741211,74.0999984741211,74.0999984741211,13,76.96399993896485,77.77599983215332,0.0,0.0
2020-12-17,77.08000183105469,77.08000183105469,76.41999816894531,76.41999816894531,7,76.92200012207032,77.65799980163574,0.0,0.0
2020-12-18,78.23999786376953,78.23999786376953,76.77999877929688,76.77999877929688,3,77.00800018310547,77.6819995880127,0.0,0.0
2020-12-21,77.22000122070312,78.23999786376953,77.22000122070312,78.23999786376953,121,76.96399993896485,77.57999954223632,0.0,0.0
2020-12-22,79.0199966430664,79.0199966430664,79.0199966430664,79.0199966430664,0,77.1359992980957,77.67599945068359,0.0,0.0
2020-12-23,80.4800033569336,80.4800033569336,79.30000305175781,79.30000305175781,12,77.38399963378906,77.82199974060059,0.0,0.0
2020-12-28,80.63999938964844,80.63999938964844,79.5999984741211,79.5999984741211,60,77.63199920654297,77.97399978637695,0.0,0.0
2020-12-29,79.76000213623047,79.76000213623047,79.76000213623047,79.76000213623047,0,77.90599975585937,78.06199989318847,0.0,0.0
2020-12-30,79.76000213623047,79.76000213623047,79.37999725341797,79.37999725341797,2,78.28000030517578,78.02000007629394,1.0,0.0
2021-01-04,82.19999694824219,82.19999694824219,79.69999694824219,79.69999694824219,82,78.85,78.12999992370605,1.0,1.0
2021-01-05,79.86000061035156,79.86000061035156,78.58000183105469,78.58000183105469,14,79.42600021362304,78.19500007629395,1.0,1.0
2021-01-06,79.33999633789062,79.33999633789062,79.0999984741211,79.0999984741211,25,79.65199966430664,78.28699989318848,1.0,1.0
2021-01-07,78.5,79.33999633789062,78.0,78.68000030517578,708,79.6779998779297,78.34300003051757,1.0,1.0
2021-01-08,80.44000244140625,80.44000244140625,78.77999877929688,78.77999877929688,50,80.0,78.48199996948242,1.0,1.0
2021-01-11,80.63999938964844,80.63999938964844,79.45999908447266,79.45999908447266,5,80.1620002746582,78.64899978637695,1.0,1.0
2021-01-12,78.26000213623047,80.37999725341797,78.26000213623047,80.37999725341797,696,79.94000015258788,78.66199989318848,1.0,1.0
2021-01-13,84.4000015258789,84.5,78.72000122070312,78.72000122070312,340,80.31600036621094,78.97399978637695,1.0,1.0
2021-01-14,85.5999984741211,86.4000015258789,83.5,84.4000015258789,634,80.9,79.40299987792969,1.0,1.0
2021-01-15,84.23999786376953,85.5999984741211,83.5,85.5999984741211,165,81.3479995727539,79.81399993896484,1.0,1.0
2021-01-18,84.18000030517578,84.18000030517578,82.77999877929688,82.77999877929688,11,81.54599990844727,80.19799995422363,1.0,1.0
2021-01-19,82.4000015258789,82.66000366210938,82.4000015258789,82.66000366210938,60,81.8,80.61300010681153,1.0,1.0
2021-01-20,83.13999938964844,84.77999877929688,83.13999938964844,83.5,51,82.18000030517578,80.9159999847412,1.0,1.0
2021-01-21,85.30000305175781,85.30000305175781,84.5999984741211,84.5999984741211,100,82.86000061035156,81.26900024414063,1.0,1.0
2021-01-22,84.22000122070312,87.30000305175781,84.22000122070312,87.30000305175781,108,83.23800048828124,81.61900024414062,1.0,1.0
2021-01-25,83.26000213623047,85.0,83.26000213623047,84.95999908447266,200,83.50000076293945,81.83100051879883,1.0,1.0
2021-01-26,85.36000061035156,85.36000061035156,82.76000213623047,82.76000213623047,92,84.21000061035156,82.07500038146972,1.0,1.0
2021-01-27,79.9000015258789,82.0999984741211,78.69999694824219,82.0999984741211,61,83.76000061035157,82.03800048828126,1.0,1.0
2021-01-28,83.18000030517578,83.26000213623047,83.18000030517578,83.26000213623047,32,83.51800079345703,82.20900039672851,1.0,1.0
2021-01-29,81.83999633789062,81.83999633789062,79.73999786376953,79.73999786376953,264,83.27800064086914,82.31300010681153,1.0,1.0
2021-02-01,84.0,84.0,83.27999877929688,83.27999877929688,39,83.26000061035157,82.40300025939942,1.0,1.0
2021-02-02,83.08000183105469,85.4800033569336,83.08000183105469,84.81999969482422,17,83.32800064086913,82.56400032043457,1.0,1.0
2021-02-03,83.36000061035156,83.36000061035156,83.36000061035156,83.36000061035156,0,83.35000076293946,82.76500053405762,1.0,1.0
2021-02-04,83.77999877929688,83.77999877929688,82.16000366210938,82.63999938964844,990,83.19800033569337,83.02900047302246,1.0,1.0
2021-02-05,83.80000305175781,84.26000213623047,82.0,83.0999984741211,1192,83.15600051879883,83.19700050354004,0.0,1.0
2021-02-08,83.0199966430664,85.80000305175781,83.0199966430664,85.5199966430664,231,83.13199996948242,83.31600036621094,0.0,0.0
2021-02-09,83.0,84.9000015258789,82.30000305175781,83.0999984741211,716,82.89599990844727,83.55300025939941,0.0,0.0
2021-02-10,78.04000091552734,81.0,76.91999816894531,81.0,387,82.7099998474121,83.23500022888183,0.0,0.0
2021-02-11,77.58000183105469,77.58000183105469,77.27999877929688,77.27999877929688,5,82.15,82.83400039672851,0.0,0.0
2021-02-12,75.05999755859375,75.5199966430664,75.05999755859375,75.5199966430664,9,81.47200012207031,82.37500038146973,0.0,0.0
2021-02-15,77.12000274658203,77.12000274658203,74.45999908447266,76.30000305175781,130,80.78400039672852,82.02200050354004,0.0,0.0
2021-02-16,74.4000015258789,74.4000015258789,74.4000015258789,74.4000015258789,0,79.91600036621094,81.62200050354004,0.0,0.0
2021-02-17,74.62000274658203,74.63999938964844,73.69999694824219,73.69999694824219,81,79.04200057983398,81.19600067138671,0.0,0.0
2021-02-18,73.80000305175781,73.80000305175781,73.05999755859375,73.08000183105469,144,78.04400100708008,80.62100067138672,0.0,0.0
2021-02-19,73.69999694824219,73.69999694824219,73.55999755859375,73.55999755859375,1,77.03400039672852,80.09500045776367,0.0,0.0
2021-02-22,71.0199966430664,74.0999984741211,71.0199966430664,74.0999984741211,45,75.83400039672851,79.48300018310547,0.0,0.0
2021-02-23,70.41999816894531,70.41999816894531,69.58000183105469,69.58000183105469,3,74.57600021362305,78.73600006103516,0.0,0.0
2021-02-24,68.27999877929688,69.73999786376953,67.95999908447266,68.94000244140625,335,73.6,78.15499992370606,0.0,0.0
2021-02-25,69.12000274658203,69.12000274658203,67.58000183105469,67.58000183105469,15,72.75400009155274,77.45200004577637,0.0,0.0
2021-02-26,67.0199966430664,68.0199966430664,67.0,67.0,29,71.95,76.71100006103515,0.0,0.0
2021-03-01,68.4000015258789,68.4000015258789,68.4000015258789,68.4000015258789,145,71.07799987792968,75.93100013732911,0.0,0.0
2021-03-02,69.05999755859375,69.37999725341797,67.4000015258789,67.4000015258789,14,70.54399948120117,75.22999992370606,0.0,0.0
2021-03-03,67.9000015258789,70.30000305175781,67.9000015258789,70.30000305175781,633,69.87199935913085,74.45699996948242,0.0,0.0
2021-03-04,66.5,67.63999938964844,66.4000015258789,67.12000274658203,119,69.14199905395508,73.59300003051757,0.0,0.0
2021-03-05,65.0,65.5999984741211,65.0,65.5999984741211,45,68.27199935913086,72.65299987792969,0.0,0.0
2021-03-08,65.76000213623047,66.4000015258789,65.5,66.4000015258789,200,67.74599990844726,71.7900001525879,0.0,0.0
2021-03-09,67.4000015258789,68.30000305175781,65.22000122070312,65.22000122070312,66,67.44400024414062,71.01000022888184,0.0,0.0
2021-03-10,66.55999755859375,67.13999938964844,66.55999755859375,67.13999938964844,112,67.27200012207031,70.43600006103516,0.0,0.0
2021-03-11,67.0,67.0,64.95999908447266,64.95999908447266,91,67.05999984741212,69.90699996948243,0.0,0.0
2021-03-12,65.54000091552734,65.54000091552734,65.54000091552734,65.54000091552734,0,66.9120002746582,69.43100013732911,0.0,0.0
2021-03-15,66.62000274658203,66.62000274658203,66.0,66.0,82,66.73400039672852,68.9060001373291,0.0,0.0
2021-03-16,64.94000244140625,65.69999694824219,64.94000244140625,65.69999694824219,20,66.32200088500977,68.43300018310546,0.0,0.0
2021-03-17,64.77999877929688,64.77999877929688,64.5,64.63999938964844,60,66.01000061035157,67.94099998474121,0.0,0.0
2021-03-18,64.0,64.0,63.939998626708984,63.939998626708984,145,65.76000061035157,67.45099983215331,0.0,0.0
2021-03-19,64.13999938964844,64.44000244140625,63.08000183105469,64.44000244140625,125,65.6740005493164,66.97299995422364,0.0,0.0
2021-03-22,63.7400016784668,64.44000244140625,63.7400016784668,64.44000244140625,36,65.47200050354004,66.60900020599365,0.0,0.0
2021-03-23,66.16000366210938,66.16000366210938,63.220001220703125,63.70000076293945,101,65.34800071716309,66.39600048065185,0.0,0.0
2021-03-24,64.4800033569336,64.4800033569336,64.4800033569336,64.4800033569336,10,65.14000129699707,66.2060007095337,0.0,0.0
2021-03-25,63.119998931884766,63.119998931884766,63.119998931884766,63.119998931884766,0,64.75200119018555,65.90600051879883,0.0,0.0
2021-03-26,64.45999908447266,64.45999908447266,63.439998626708984,63.439998626708984,5,64.64400100708008,65.77800064086914,0.0,0.0
2021-03-29,64.68000030517578,64.68000030517578,64.4000015258789,64.4000015258789,70,64.45000076293945,65.59200057983398,0.0,0.0
2021-03-30,64.86000061035156,64.86000061035156,63.13999938964844,63.13999938964844,17,64.44200057983399,65.38200073242187,0.0,0.0
2021-03-31,65.58000183105469,65.58000183105469,64.36000061035156,64.66000366210938,105,64.52200088500976,65.26600074768066,0.0,0.0
2021-04-01,65.5,65.5,64.36000061035156,64.36000061035156,30,64.67200088500977,65.21600074768067,0.0,0.0
2021-04-06,67.08000183105469,67.08000183105469,66.0,66.0,133,64.96600112915038,65.3200008392334,0.0,0.0
2021-04-07,67.30000305175781,67.30000305175781,66.30000305175781,66.30000305175781,20,65.32200126647949,65.39700088500976,0.0,0.0
2021-04-08,68.0,68.19999694824219,67.36000061035156,67.36000061035156,91,65.50600090026856,65.42700080871582,1.0,0.0
2021-04-09,68.58000183105469,68.68000030517578,66.55999755859375,66.55999755859375,50,65.91600074768067,65.52800102233887,1.0,1.0
2021-04-12,67.9000015258789,68.58000183105469,66.9800033569336,68.58000183105469,363,66.39400100708008,65.57300109863282,1.0,1.0
2021-04-13,67.18000030517578,68.5999984741211,67.18000030517578,68.5999984741211,170,66.66600112915039,65.65500106811524,1.0,1.0
2021-04-14,65.08000183105469,67.0,65.08000183105469,67.0,70,66.70600128173828,65.57800102233887,1.0,1.0
2021-04-15,65.08000183105469,65.08000183105469,65.08000183105469,65.08000183105469,0,66.72800140380859,65.58500099182129,1.0,1.0
2021-04-16,65.58000183105469,65.58000183105469,65.58000183105469,65.58000183105469,25,66.72800140380859,65.62500114440918,1.0,1.0
2021-04-19,65.5999984741211,65.5999984741211,65.5999984741211,65.5999984741211,100,66.73800125122071,65.70500106811524,1.0,1.0
2021-04-20,64.12000274658203,66.0,64.12000274658203,65.23999786376953,22,66.44200134277344,65.70400123596191,1.0,1.0
2021-04-21,63.20000076293945,63.20000076293945,63.20000076293945,63.20000076293945,0,66.0320011138916,65.67700119018555,1.0,1.0
2021-04-22,65.0,65.0,65.0,65.0,7,65.7320011138916,65.61900100708007,1.0,1.0
2021-04-23,64.04000091552734,64.41999816894531,64.04000091552734,64.41999816894531,65,65.27800102233887,65.59700088500976,0.0,1.0
2021-04-26,65.54000091552734,65.54000091552734,63.68000030517578,63.68000030517578,61,65.04200096130371,65.71800098419189,0.0,0.0
2021-04-27,64.23999786376953,65.5,64.23999786376953,64.66000366210938,600,64.74800071716308,65.70700092315674,0.0,0.0
2021-04-28,64.4000015258789,64.4000015258789,63.2400016784668,63.58000183105469,301,64.68000068664551,65.6930009841919,0.0,0.0
2021-04-29,65.08000183105469,65.08000183105469,63.540000915527344,63.540000915527344,335,64.68000068664551,65.70400104522705,0.0,0.0
2021-04-30,63.5,64.19999694824219,61.97999954223633,64.04000091552734,1067,64.47200050354004,65.60000095367431,0.0,0.0
2021-05-03,63.0,64.0,63.0,64.0,90,64.21200065612793,65.47500095367431,0.0,0.0
2021-05-04,61.560001373291016,63.400001525878906,61.560001373291016,63.400001525878906,220,63.95600051879883,65.19900093078613,0.0,0.0
2021-05-05,62.29999923706055,62.34000015258789,60.52000045776367,60.52000045776367,175,63.86600036621094,64.94900074005128,0.0,0.0
2021-05-06,61.540000915527344,61.540000915527344,59.97999954223633,59.97999954223633,49,63.52000045776367,64.62600078582764,0.0,0.0
2021-05-07,62.29999923706055,62.7599983215332,61.459999084472656,61.459999084472656,479,63.346000289916994,64.31200065612794,0.0,0.0
2021-05-10,62.959999084472656,62.959999084472656,62.279998779296875,62.279998779296875,160,63.08800010681152,64.06500053405762,0.0,0.0
2021-05-11,61.0,61.2599983215332,61.0,61.2599983215332,40,62.76400032043457,63.75600051879883,0.0,0.0
2021-05-12,55.400001525878906,60.0,55.400001525878906,60.0,777,61.86400032043457,63.27200050354004,0.0,0.0
2021-05-13,54.20000076293945,55.400001525878906,53.79999923706055,55.400001525878906,24,60.77600021362305,62.728000450134275,0.0,0.0
2021-05-14,54.97999954223633,54.97999954223633,52.900001525878906,53.0,109,59.92400016784668,62.19800033569336,0.0,0.0
2021-05-17,55.099998474121094,55.459999084472656,55.099998474121094,55.459999084472656,176,59.13400001525879,61.67300033569336,0.0,0.0
2021-05-18,56.5,56.5,56.5,56.5,0,58.62799987792969,61.292000198364256,0.0,0.0
2021-05-19,57.65999984741211,57.65999984741211,57.0,57.0,57,58.16399993896484,61.01500015258789,0.0,0.0
2021-05-20,57.65999984741211,57.65999984741211,57.65999984741211,57.65999984741211,0,57.77599983215332,60.648000144958495,0.0,0.0
2021-05-21,59.279998779296875,59.5,58.099998474121094,58.099998474121094,362,57.47399978637695,60.410000038146975,0.0,0.0
2021-05-25,59.18000030517578,59.18000030517578,58.7400016784668,58.7400016784668,31,57.09599990844727,60.092000007629395,0.0,0.0
2021-05-26,57.86000061035156,57.86000061035156,57.79999923706055,57.79999923706055,200,56.78199996948242,59.773000144958495,0.0,0.0
2021-05-27,60.0,60.0,59.13999938964844,59.13999938964844,40,57.241999816894534,59.55300006866455,0.0,0.0
2021-05-28,60.84000015258789,60.84000015258789,60.84000015258789,60.84000015258789,0,57.905999755859376,59.34099998474121,0.0,0.0
2021-05-31,61.040000915527344,61.040000915527344,59.880001068115234,59.880001068115234,40,58.511999893188474,59.21800003051758,0.0,0.0
2021-06-01,60.0,60.0,59.34000015258789,59.34000015258789,100,59.00200004577637,59.06800003051758,0.0,0.0
2021-06-02,59.959999084472656,59.959999084472656,59.959999084472656,59.959999084472656,15,59.34799995422363,58.98799991607666,1.0,0.0
2021-06-03,58.0,58.439998626708984,58.0,58.0,65,59.38199996948242,58.772999954223636,1.0,1.0
2021-06-04,57.0,57.0,57.0,57.0,1042,59.31599998474121,58.545999908447264,1.0,1.0
2021-06-07,57.41999816894531,57.41999816894531,57.0,57.0,3,59.12999992370605,58.3019998550415,1.0,1.0
2021-06-08,58.439998626708984,58.5,58.439998626708984,58.5,66,59.055999755859375,58.07599983215332,1.0,1.0
2021-06-09,58.619998931884766,58.619998931884766,57.29999923706055,57.29999923706055,4,59.1319995880127,57.95699977874756,1.0,1.0
2021-06-10,59.02000045776367,59.02000045776367,57.13999938964844,57.68000030517578,308,59.033999633789065,58.1379997253418,1.0,1.0
2021-06-11,60.08000183105469,60.08000183105469,59.02000045776367,59.02000045776367,10,58.957999801635744,58.43199977874756,1.0,1.0
2021-06-14,60.0,61.0,60.0,61.0,295,58.85399971008301,58.682999801635745,1.0,1.0
2021-06-15,58.70000076293945,58.70000076293945,58.70000076293945,58.70000076293945,0,58.72399978637695,58.86299991607666,0.0,1.0
2021-06-16,60.31999969482422,60.31999969482422,58.36000061035156,58.36000061035156,35,58.75999984741211,59.05399990081787,0.0,0.0
2021-06-17,59.20000076293945,59.20000076293945,58.70000076293945,58.70000076293945,27,58.87999992370605,59.13099994659424,0.0,0.0
2021-06-18,59.36000061035156,59.36000061035156,59.119998931884766,59.119998931884766,57,59.11599998474121,59.21599998474121,0.0,0.0
2021-06-21,58.0,59.7400016784668,58.0,59.7400016784668,539,59.17400016784668,59.15200004577637,1.0,0.0
2021-06-22,58.97999954223633,58.97999954223633,57.29999923706055,57.29999923706055,190,59.228000259399415,59.14200000762939,1.0,1.0
2021-06-23,58.880001068115234,58.880001068115234,58.119998931884766,58.119998931884766,43,59.25400047302246,59.19300003051758,1.0,1.0
2021-06-24,57.52000045776367,57.52000045776367,57.52000045776367,57.52000045776367,0,59.10400047302246,59.06900005340576,1.0,1.0
2021-06-25,58.400001525878906,58.400001525878906,57.52000045776367,57.52000045776367,90,58.936000442504884,58.947000122070314,0.0,1.0
2021-06-28,57.52000045776367,58.52000045776367,57.15999984741211,57.15999984741211,281,58.68800048828125,58.77100009918213,0.0,0.0
2021-06-29,58.36000061035156,58.36000061035156,58.36000061035156,58.36000061035156,0,58.654000473022464,58.68900012969971,0.0,0.0
2021-06-30,59.619998931884766,59.619998931884766,58.560001373291016,58.560001373291016,100,58.58400039672851,58.672000122070315,0.0,0.0
2021-07-01,59.18000030517578,59.18000030517578,59.18000030517578,59.18000030517578,0,58.58200035095215,58.731000137329104,0.0,0.0
2021-07-02,60.099998474121094,60.099998474121094,59.2599983215332,59.2599983215332,2,58.6560001373291,58.886000061035155,0.0,0.0
2021-07-05,59.779998779296875,60.0,59.779998779296875,60.0,125,58.83400001525879,59.00400009155273,0.0,0.0
2021-07-06,60.040000915527344,60.040000915527344,60.040000915527344,60.040000915527344,0,58.94000015258789,59.084000205993654,0.0,0.0
2021-07-07,62.0,62.0,60.52000045776367,60.52000045776367,41,59.25200004577637,59.253000259399414,0.0,0.0
2021-07-08,59.15999984741211,60.58000183105469,59.15999984741211,60.58000183105469,28,59.41599998474121,59.260000228881836,1.0,0.0
2021-07-09,59.060001373291016,59.060001373291016,59.060001373291016,59.060001373291016,20,59.48199996948242,59.209000205993654,1.0,1.0
2021-07-12,59.34000015258789,61.08000183105469,59.34000015258789,59.880001068115234,582,59.66399993896484,59.17600021362305,1.0,1.0
2021-07-13,59.220001220703125,59.220001220703125,58.68000030517578,58.68000030517578,20,59.75,59.20200023651123,1.0,1.0
2021-07-14,57.5,57.7400016784668,57.5,57.7400016784668,50,59.53800010681152,59.06100025177002,1.0,1.0
2021-07-15,57.79999923706055,57.79999923706055,57.68000030517578,57.68000030517578,5,59.4,58.991000175476074,1.0,1.0
2021-07-16,56.79999923706055,56.84000015258789,56.79999923706055,56.84000015258789,15,59.070000076293944,58.863000106811526,1.0,1.0
2021-07-19,55.68000030517578,56.70000076293945,55.68000030517578,56.70000076293945,503,58.660000228881835,58.74700012207031,0.0,1.0
2021-07-20,54.70000076293945,56.619998931884766,54.70000076293945,56.619998931884766,40,58.126000213623044,58.53300018310547,0.0,0.0
2021-07-21,51.7599983215332,54.52000045776367,51.7599983215332,54.52000045776367,520,57.102000045776364,58.17700004577637,0.0,0.0
2021-07-22,55.779998779296875,56.040000915527344,55.2400016784668,55.2400016784668,32,56.763999938964844,58.089999961853025,0.0,0.0
2021-07-23,55.91999816894531,55.91999816894531,55.91999816894531,55.91999816894531,0,56.44999961853027,57.96599979400635,0.0,0.0
2021-07-26,54.720001220703125,56.02000045776367,54.720001220703125,55.599998474121094,72,55.987999725341794,57.82599983215332,0.0,0.0
2021-07-27,55.84000015258789,55.84000015258789,54.400001525878906,54.400001525878906,2,55.64999961853027,57.69999980926514,0.0,0.0
2021-07-28,54.400001525878906,54.41999816894531,53.599998474121094,53.599998474121094,265,55.339999771118165,57.43899993896484,0.0,0.0
2021-07-29,53.41999816894531,53.959999084472656,53.41999816894531,53.959999084472656,80,54.90199966430664,57.15099983215332,0.0,0.0
2021-07-30,53.7599983215332,53.7599983215332,53.7599983215332,53.7599983215332,75,54.597999572753906,56.83399982452393,0.0,0.0
2021-08-02,53.060001373291016,53.65999984741211,52.459999084472656,52.63999938964844,51,54.33599967956543,56.49799995422363,0.0,0.0
2021-08-03,52.79999923706055,52.79999923706055,52.779998779296875,52.779998779296875,90,54.14599952697754,56.135999870300296,0.0,0.0
2021-08-04,51.5,51.5,51.2599983215332,51.2599983215332,115,54.119999694824216,55.61099987030029,0.0,0.0
2021-08-05,50.86000061035156,51.02000045776367,50.86000061035156,51.0,309,53.62799987792969,55.19599990844726,0.0,0.0
2021-08-06,50.79999923706055,50.79999923706055,50.79999923706055,50.79999923706055,45,53.11599998474121,54.78299980163574,0.0,0.0
2021-08-09,50.36000061035156,50.540000915527344,50.099998474121094,50.540000915527344,283,52.679999923706056,54.33399982452393,0.0,0.0
2021-08-10,49.709999084472656,49.709999084472656,49.709999084472656,49.709999084472656,0,52.06699981689453,53.858499717712405,0.0,0.0
2021-08-11,50.060001373291016,50.060001373291016,50.060001373291016,50.060001373291016,0,51.63299980163574,53.48649978637695,0.0,0.0
2021-08-12,51.5,51.5,50.099998474121094,50.099998474121094,10,51.44099998474121,53.17149982452393,0.0,0.0
2021-08-13,51.79999923706055,51.79999923706055,50.959999084472656,50.959999084472656,116,51.24500007629395,52.92149982452393,0.0,0.0
2021-08-16,51.2400016784668,51.400001525878906,50.34000015258789,50.7599983215332,45,51.06300010681152,52.699499893188474,0.0,0.0
2021-08-17,50.0,50.13999938964844,50.0,50.13999938964844,2601,50.78300018310547,52.4644998550415,0.0,0.0
2021-08-18,50.7400016784668,50.7400016784668,50.7400016784668,50.7400016784668,0,50.70700035095215,52.413500022888186,0.0,0.0
2021-08-19,50.5,50.5,50.5,50.5,0,50.67100028991699,52.14950008392334,0.0,0.0
2021-08-20,51.63999938964844,51.63999938964844,51.599998474121094,51.599998474121094,10,50.755000305175784,51.935500144958496,0.0,0.0
2021-08-23,52.119998931884766,52.119998931884766,52.119998931884766,52.119998931884766,360,50.9310001373291,51.80550003051758,0.0,0.0
2021-08-24,53.720001220703125,53.720001220703125,52.040000915527344,52.040000915527344,372,51.33200035095215,51.69950008392334,0.0,0.0
2021-08-25,53.41999816894531,54.02000045776367,53.040000915527344,53.040000915527344,271,51.668000030517575,51.65049991607666,1.0,0.0
2021-08-26,52.79999923706055,52.79999923706055,51.779998779296875,51.779998779296875,200,51.797999954223634,51.61949996948242,1.0,1.0
2021-08-27,53.900001525878906,53.900001525878906,53.900001525878906,53.900001525878906,2,52.008000183105466,51.62650012969971,1.0,1.0
2021-08-30,53.2599983215332,54.2599983215332,53.2599983215332,54.2599983215332,245,52.20999984741211,51.63649997711182,1.0,1.0
2021-08-31,53.31999969482422,54.0,52.720001220703125,52.720001220703125,127,52.54199981689453,51.6625,1.0,1.0
2021-09-01,56.0,56.0,54.0,54.0,582,53.06799964904785,51.8875,1.0,1.0
2021-09-02,56.29999923706055,56.29999923706055,54.65999984741211,54.65999984741211,204,53.6479995727539,52.159499931335446,1.0,1.0
2021-09-03,56.400001525878906,56.400001525878906,56.400001525878906,56.400001525878906,500,54.123999786376956,52.43950004577637,1.0,1.0
2021-09-06,55.380001068115234,56.13999938964844,55.380001068115234,56.13999938964844,38,54.45,52.69050006866455,1.0,1.0
2021-09-07,55.02000045776367,55.02000045776367,55.02000045776367,55.02000045776367,0,54.579999923706055,52.9560001373291,1.0,1.0
2021-09-08,56.959999084472656,56.959999084472656,55.41999816894531,55.41999816894531,400,54.93400001525879,53.30100002288818,1.0,1.0
2021-09-09,56.119998931884766,56.119998931884766,54.97999954223633,55.15999984741211,566,55.265999984741214,53.53199996948242,1.0,1.0
2021-09-10,55.63999938964844,55.63999938964844,55.63999938964844,55.63999938964844,0,55.43999977111817,53.723999977111816,1.0,1.0
2021-09-13,55.880001068115234,55.880001068115234,55.880001068115234,55.880001068115234,0,55.702000045776366,53.95599994659424,1.0,1.0
2021-09-14,55.220001220703125,55.959999084472656,55.220001220703125,55.959999084472656,35,55.89200019836426,54.217000007629395,1.0,1.0
2021-09-15,55.099998474121094,55.099998474121094,55.099998474121094,55.099998474121094,0,55.80200004577637,54.43499984741211,1.0,1.0
2021-09-16,55.560001373291016,55.560001373291016,54.880001068115234,54.880001068115234,136,55.728000259399415,54.68799991607666,1.0,1.0
2021-09-17,56.52000045776367,56.52000045776367,55.68000030517578,55.68000030517578,83,55.74000015258789,54.93199996948242,1.0,1.0
2021-09-20,54.08000183105469,54.91999816894531,54.08000183105469,54.70000076293945,46,55.61000022888184,55.03000011444092,1.0,1.0
2021-09-21,53.5,53.5,53.5,53.5,30,55.45800018310547,55.01900005340576,1.0,1.0
2021-09-22,53.0,53.0,53.0,53.0,20,55.0620002746582,54.998000144958496,1.0,1.0
2021-09-23,55.47999954223633,55.47999954223633,53.91999816894531,53.91999816894531,58,54.99800033569336,55.13200016021729,0.0,1.0
2021-09-24,54.119998931884766,54.119998931884766,54.119998931884766,54.119998931884766,0,54.846000289916994,55.14300003051758,0.0,0.0
2021-09-27,54.279998779296875,54.279998779296875,54.279998779296875,54.279998779296875,0,54.68600006103516,55.19400005340576,0.0,0.0
2021-09-28,53.86000061035156,53.86000061035156,53.060001373291016,53.060001373291016,50,54.55,55.22100009918213,0.0,0.0
2021-09-29,53.13999938964844,53.13999938964844,53.13999938964844,53.13999938964844,0,54.354000091552734,55.07800006866455,0.0,0.0
2021-09-30,51.959999084472656,51.959999084472656,50.70000076293945,50.70000076293945,100,53.9939998626709,54.861000061035156,0.0,0.0
2021-10-01,52.65999984741211,52.7400016784668,50.5,50.5,301,53.60799980163574,54.67399997711182,0.0,0.0
2021-10-04,52.86000061035156,52.900001525878906,52.86000061035156,52.900001525878906,50,53.48599967956543,54.547999954223634,0.0,0.0
2021-10-05,53.619998931884766,53.619998931884766,52.099998474121094,52.099998474121094,143,53.497999572753905,54.47799987792969,0.0,0.0
2021-10-06,52.5,52.5,52.5,52.5,0,53.44799957275391,54.25499992370605,0.0,0.0
2021-10-07,48.88999938964844,51.68000030517578,47.97999954223633,51.68000030517578,1129,52.78899955749512,53.89349994659424,0.0,0.0
2021-10-08,49.29999923706055,49.29999923706055,48.20000076293945,48.79999923706055,201,52.306999588012694,53.576499938964844,0.0,0.0
2021-10-11,48.369998931884766,49.189998626708984,48.369998931884766,49.189998626708984,34,51.715999603271484,53.20099983215332,0.0,0.0
2021-10-12,46.38999938964844,46.38999938964844,46.38999938964844,46.38999938964844,0,50.96899948120117,52.75949974060059,0.0,0.0
2021-10-13,47.20000076293945,47.20000076293945,47.099998474121094,47.099998474121094,6,50.374999618530275,52.3644998550415,0.0,0.0
2021-10-14,45.900001525878906,48.279998779296875,45.900001525878906,48.279998779296875,300,49.768999862670896,51.8814998626709,0.0,0.0
2021-10-15,46.119998931884766,46.220001220703125,45.18000030517578,45.540000915527344,309,49.114999771118164,51.36149978637695,0.0,0.0
2021-10-18,46.0,46.0,45.02000045776367,45.02000045776367,118,48.428999710083005,50.95749969482422,0.0,0.0
2021-10-19,47.130001068115234,47.130001068115234,45.7599983215332,45.7599983215332,40,47.77999992370606,50.63899974822998,0.0,0.0
2021-10-20,47.5,48.099998474121094,46.29999923706055,46.29999923706055,281,47.27999992370606,50.36399974822998,0.0,0.0
2021-10-21,47.20000076293945,48.29999923706055,46.65999984741211,46.65999984741211,54,47.111000061035156,49.94999980926514,0.0,0.0
2021-10-22,47.81999969482422,47.81999969482422,47.81999969482422,47.81999969482422,0,46.96300010681152,49.63499984741211,0.0,0.0
2021-10-25,47.0,47.0,47.0,47.0,0,46.82600021362305,49.270999908447266,0.0,0.0
2021-10-26,45.279998779296875,46.02000045776367,45.279998779296875,46.02000045776367,1146,46.71500015258789,48.84199981689453,0.0,0.0
2021-10-27,43.790000915527344,45.16999816894531,43.790000915527344,45.16999816894531,107,46.37400016784668,48.37449989318848,0.0,0.0
2021-10-28,44.0099983215332,44.0099983215332,43.41999816894531,43.97999954223633,970,46.18499984741211,47.976999855041505,0.0,0.0
2021-10-29,45.84000015258789,45.90999984741211,44.0099983215332,44.0099983215332,100,46.15699996948242,47.635999870300296,0.0,0.0
2021-11-01,45.52000045776367,45.52000045776367,44.84000015258789,44.84000015258789,85,46.109000015258786,47.268999862670896,0.0,0.0
2021-11-02,47.65999984741211,47.65999984741211,44.70000076293945,44.70000076293945,605,46.16199989318848,46.97099990844727,0.0,0.0
2021-11-03,47.5099983215332,47.5099983215332,46.5099983215332,46.5099983215332,10,46.1629997253418,46.721499824523924,0.0,0.0
2021-11-04,47.2400016784668,47.36000061035156,45.81999969482422,45.81999969482422,1012,46.16699981689453,46.638999938964844,0.0,0.0
2021-11-05,47.65999984741211,47.65999984741211,46.61000061035156,46.61000061035156,150,46.15099983215332,46.55699996948242,0.0,0.0
2021-11-08,47.779998779296875,47.779998779296875,46.599998474121094,46.88999938964844,770,46.22899971008301,46.527499961853025,0.0,0.0
2021-11-09,47.709999084472656,48.02000045776367,46.86000061035156,46.86000061035156,177,46.47199974060059,46.593499946594235,0.0,0.0
2021-11-10,47.5,47.5,46.90999984741211,46.90999984741211,3,46.842999649047854,46.608499908447264,1.0,0.0
2021-11-11,47.0,47.0,46.5,46.5,10,47.14199981689453,46.66349983215332,1.0,1.0
2021-11-12,46.4900016784668,47.27000045776367,45.65999984741211,46.630001068115234,130,47.206999969482425,46.68199996948242,1.0,1.0
2021-11-15,47.0,47.0,46.70000076293945,46.70000076293945,330,47.35499992370605,46.73199996948242,1.0,1.0
2021-11-16,47.0,47.310001373291016,47.0,47.310001373291016,112,47.28899993896484,46.72549991607666,1.0,1.0
2021-11-17,46.45000076293945,46.45000076293945,46.18000030517578,46.18000030517578,230,47.18300018310547,46.672999954223634,1.0,1.0
2021-11-18,45.060001373291016,46.709999084472656,45.060001373291016,46.20000076293945,153,46.96500015258789,46.56599998474121,1.0,1.0
2021-11-19,45.400001525878906,45.400001525878906,44.0,44.22999954223633,40,46.73900032043457,46.445000076293944,1.0,1.0
2021-11-22,45.5,45.5,45.5,45.5,30,46.51100044250488,46.37000007629395,1.0,1.0
2021-11-23,44.08000183105469,44.08000183105469,43.209999084472656,43.209999084472656,110,46.148000717163086,46.31000022888183,0.0,1.0
2021-11-24,44.66999816894531,44.66999816894531,43.400001525878906,43.400001525878906,91,45.865000534057614,46.354000091552734,0.0,0.0
2021-11-25,44.20000076293945,44.20000076293945,44.20000076293945,44.20000076293945,0,45.585000610351564,46.36350021362305,0.0,0.0
2021-11-26,44.65999984741211,44.65999984741211,44.65999984741211,44.65999984741211,0,45.402000427246094,46.30450019836426,0.0,0.0
2021-11-29,44.54999923706055,44.54999923706055,44.54999923706055,44.54999923706055,2,45.157000350952146,46.2560001373291,0.0,0.0
2021-11-30,45.380001068115234,45.380001068115234,45.380001068115234,45.380001068115234,0,44.99500045776367,46.14200019836426,0.0,0.0
2021-12-01,44.439998626708984,44.90999984741211,44.439998626708984,44.90999984741211,37,44.794000244140626,45.98850021362305,0.0,0.0
2021-12-02,42.9900016784668,42.9900016784668,42.9900016784668,42.9900016784668,50,44.5870002746582,45.77600021362305,0.0,0.0
2021-12-03,42.119998931884766,42.13999938964844,42.119998931884766,42.13999938964844,15,44.25900001525879,45.49900016784668,0.0,0.0
2021-12-06,41.09000015258789,41.09000015258789,39.900001525878906,40.90999984741211,23,43.81800003051758,45.16450023651123,0.0,0.0
2021-12-07,41.38999938964844,41.38999938964844,41.38999938964844,41.38999938964844,0,43.54899978637695,44.84850025177002,0.0,0.0
2021-12-08,43.970001220703125,43.970001220703125,42.689998626708984,42.689998626708984,250,43.479000091552734,44.672000312805174,0.0,0.0
2021-12-09,43.7599983215332,43.970001220703125,43.72999954223633,43.970001220703125,71,43.43499984741211,44.510000228881836,0.0,0.0
2021-12-10,42.72999954223633,43.68000030517578,42.72999954223633,43.68000030517578,133,43.241999816894534,44.322000122070314,0.0,0.0
2021-12-13,42.38999938964844,42.86000061035156,42.38999938964844,42.58000183105469,103,43.02599983215332,44.09150009155273,0.0,0.0
2021-12-14,40.90999984741211,41.560001373291016,40.90999984741211,41.560001373291016,328,42.57899971008301,43.78700008392334,0.0,0.0
2021-12-15,41.060001373291016,41.65999984741211,40.9900016784668,41.65999984741211,83,42.24099998474121,43.51750011444092,0.0,0.0
2021-12-16,41.5,41.5,41.38999938964844,41.38999938964844,20,42.09199981689453,43.33950004577637,0.0,0.0
2021-12-17,41.709999084472656,41.709999084472656,40.25,40.25,45,42.05099983215332,43.15499992370606,0.0,0.0
2021-12-20,42.689998626708984,42.689998626708984,42.689998626708984,42.689998626708984,30,42.21099967956543,43.01449985504151,0.0,0.0
2021-12-21,43.40999984741211,43.720001220703125,42.20000076293945,42.20000076293945,425,42.4129997253418,42.98099975585937,0.0,0.0
2021-12-22,43.470001220703125,44.029998779296875,43.470001220703125,44.029998779296875,70,42.362999725341794,42.920999908447264,0.0,0.0
2021-12-23,42.95000076293945,42.95000076293945,42.77000045776367,42.77000045776367,750,42.28199996948242,42.858499908447264,0.0,0.0
2021-12-27,43.15999984741211,43.38999938964844,42.959999084472656,42.959999084472656,64,42.325,42.78349990844727,0.0,0.0
2021-12-28,42.79999923706055,42.79999923706055,42.5099983215332,42.5099983215332,44,42.36599998474121,42.69599990844726,0.0,0.0
2021-12-29,42.54999923706055,42.779998779296875,42.54999923706055,42.779998779296875,54,42.52999992370606,42.554499816894534,0.0,0.0
2021-12-30,42.11000061035156,42.11000061035156,42.11000061035156,42.11000061035156,0,42.63499984741211,42.43799991607666,1.0,0.0
2022-01-03,42.5,42.939998626708984,42.5,42.689998626708984,357,42.73499984741211,42.41349983215332,1.0,1.0
2022-01-04,41.22999954223633,42.939998626708984,41.22999954223633,42.939998626708984,140,42.68699989318848,42.3689998626709,1.0,1.0
2022-01-05,41.869998931884766,42.040000915527344,41.2599983215332,42.040000915527344,185,42.60499992370605,42.40799980163574,1.0,1.0
2022-01-06,40.90999984741211,40.90999984741211,40.540000915527344,40.540000915527344,281,42.35499992370605,42.383999824523926,0.0,1.0
2022-01-07,41.27000045776367,41.27000045776367,41.27000045776367,41.27000045776367,0,42.13499984741211,42.248999786376956,0.0,0.0
2022-01-10,43.0099983215332,43.0099983215332,41.29999923706055,41.29999923706055,625,42.14099960327148,42.211499786376955,0.0,0.0
2022-01-11,44.310001373291016,44.310001373291016,43.68000030517578,43.68000030517578,50,42.25599975585938,42.29049987792969,0.0,0.0
2022-01-12,44.91999816894531,44.91999816894531,44.91999816894531,44.91999816894531,2,42.467999649047854,42.41699981689453,1.0,0.0
2022-01-13,44.90999984741211,44.90999984741211,44.90999984741211,44.90999984741211,0,42.70399971008301,42.616999816894534,1.0,1.0
2022-01-14,46.5099983215332,46.5099983215332,45.630001068115234,45.630001068115234,16,43.14399948120117,42.88949966430664,1.0,1.0
2022-01-17,46.77000045776367,46.77000045776367,46.619998931884766,46.619998931884766,50,43.57099952697754,43.15299968719482,1.0,1.0
2022-01-18,51.0,51.0,44.20000076293945,44.970001220703125,1200,44.54799957275391,43.61749973297119,1.0,1.0
2022-01-19,51.560001373291016,52.70000076293945,50.099998474121094,51.0,523,45.51699981689453,44.06099987030029,1.0,1.0
2022-01-20,54.02000045776367,54.459999084472656,53.099998474121094,53.099998474121094,22,46.827999877929685,44.59149990081787,1.0,1.0
2022-01-21,52.0,53.099998474121094,51.79999923706055,52.540000915527344,740,47.90099983215332,45.01799983978272,1.0,1.0
2022-01-24,49.9900016784668,52.31999969482422,49.9900016784668,52.2599983215332,175,48.59900016784668,45.36999988555908,1.0,1.0
2022-01-25,48.040000915527344,50.36000061035156,47.11000061035156,50.36000061035156,528,48.97200012207031,45.613999938964845,1.0,1.0
2022-01-26,49.560001373291016,49.560001373291016,49.029998779296875,49.029998779296875,2,49.436000442504884,45.952000045776366,1.0,1.0
2022-01-27,47.5,47.5,47.5,47.5,0,49.69500045776367,46.19950008392334,1.0,1.0
2022-01-28,48.59000015258789,48.59000015258789,48.59000015258789,48.59000015258789,0,49.90300064086914,46.52350006103516,1.0,1.0
2022-01-31,49.72999954223633,49.72999954223633,49.310001373291016,49.310001373291016,7,50.19900054931641,46.88500003814697,1.0,1.0
2022-02-01,52.41999816894531,52.41999816894531,51.7599983215332,51.97999954223633,590,50.341000366210935,47.44449996948242,1.0,1.0
2022-02-02,52.15999984741211,52.15999984741211,51.79999923706055,51.79999923706055,11,50.40100021362305,47.95900001525879,1.0,1.0
2022-02-03,51.2400016784668,51.7599983215332,51.2400016784668,51.7599983215332,78,50.12300033569336,48.47550010681152,1.0,1.0
2022-02-04,51.18000030517578,51.2599983215332,51.18000030517578,51.2599983215332,100,50.04100036621094,48.97100009918213,1.0,1.0
2022-02-07,50.400001525878906,50.79999923706055,50.400001525878906,50.79999923706055,60,50.08200035095215,49.34050025939941,1.0,1.0
2022-02-08,50.20000076293945,50.20000076293945,50.20000076293945,50.20000076293945,0,50.29800033569336,49.635000228881836,1.0,1.0
2022-02-09,50.880001068115234,50.880001068115234,50.599998474121094,50.81999969482422,9,50.43000030517578,49.93300037384033,1.0,1.0
2022-02-10,50.47999954223633,50.47999954223633,50.47999954223633,50.47999954223633,10,50.728000259399415,50.211500358581546,1.0,1.0
2022-02-11,50.2599983215332,50.2599983215332,50.08000183105469,50.08000183105469,15,50.89500007629395,50.399000358581546,1.0,1.0
2022-02-14,51.0,51.0,50.439998626708984,50.439998626708984,57,51.02200012207031,50.61050033569336,1.0,1.0
2022-02-15,49.0,50.18000030517578,48.880001068115234,50.18000030517578,103,50.68000030517578,50.51050033569336,1.0,1.0
2022-02-16,46.79999923706055,48.59000015258789,46.79999923706055,48.59000015258789,10,50.14400024414063,50.27250022888184,0.0,1.0
2022-02-17,43.689998626708984,45.93000030517578,43.689998626708984,45.93000030517578,356,49.388999938964844,49.7560001373291,0.0,0.0
2022-02-18,46.130001068115234,46.369998931884766,44.52000045776367,44.61000061035156,1274,48.88400001525879,49.462500190734865,0.0,0.0
2022-02-21,45.349998474121094,45.349998474121094,45.04999923706055,45.04999923706055,1,48.37899971008301,49.230500030517575,0.0,0.0
2022-02-22,45.22999954223633,45.22999954223633,45.22999954223633,45.22999954223633,2,47.8819995880127,49.089999961853025,0.0,0.0
2022-02-23,47.54999923706055,47.54999923706055,47.54999923706055,47.54999923706055,0,47.54899940490723,48.9894998550415,0.0,0.0
2022-02-24,45.150001525878906,45.29999923706055,45.150001525878906,45.25,160,47.01599960327148,48.87199993133545,0.0,0.0
2022-02-25,45.70000076293945,45.70000076293945,45.70000076293945,45.70000076293945,0,46.55999984741211,48.72749996185303,0.0,0.0
2022-02-28,47.83000183105469,47.83000183105469,47.130001068115234,47.130001068115234,80,46.24300003051758,48.632500076293944,0.0,0.0
2022-03-01,48.13999938964844,48.13999938964844,48.13999938964844,48.13999938964844,0,46.15699996948242,48.418500137329104,0.0,0.0
2022-03-02,47.869998931884766,47.869998931884766,47.869998931884766,47.869998931884766,0,46.263999938964844,48.204000091552736,0.0,0.0
2022-03-03,44.61000061035156,47.06999969482422,44.61000061035156,47.06999969482422,472,46.356000137329104,47.872500038146974,0.0,0.0
2022-03-04,44.22999954223633,44.22999954223633,44.22999954223633,44.22999954223633,0,46.16599998474121,47.525,0.0,0.0
2022-03-07,40.349998474121094,40.349998474121094,39.54999923706055,40.310001373291016,4078,45.66599998474121,47.02249984741211,0.0,0.0
2022-03-08,40.0,40.400001525878906,39.900001525878906,39.900001525878906,162,45.14300003051758,46.51249980926514,0.0,0.0
2022-03-09,41.0,41.880001068115234,39.70000076293945,39.70000076293945,180,44.488000106811526,46.018499755859374,0.0,0.0
2022-03-10,41.47999954223633,41.47999954223633,41.47999954223633,41.47999954223633,0,44.12099990844727,45.56849975585938,0.0,0.0
2022-03-11,42.08000183105469,42.70000076293945,41.52000045776367,41.52000045776367,101,43.75900001525879,45.159499931335446,0.0,0.0
2022-03-14,40.72999954223633,40.72999954223633,40.72999954223633,40.72999954223633,0,43.04899978637695,44.645999908447266,0.0,0.0
2022-03-15,37.79999923706055,39.709999084472656,37.79999923706055,39.709999084472656,362,42.01499977111816,44.08599987030029,0.0,0.0
2022-03-16,38.599998474121094,38.599998474121094,38.599998474121094,38.599998474121094,20,41.087999725341795,43.67599983215332,0.0,0.0
2022-03-17,38.41999816894531,40.13999938964844,38.41999816894531,40.13999938964844,31,40.46899948120117,43.412499809265135,0.0,0.0
2022-03-18,39.06999969482422,39.06999969482422,39.06999969482422,39.06999969482422,0,39.95299949645996,43.059499740600586,0.0,0.0
2022-03-21,39.34000015258789,39.34000015258789,39.34000015258789,39.34000015258789,3,39.85199966430664,42.758999824523926,0.0,0.0
2022-03-22,39.849998474121094,39.849998474121094,39.849998474121094,39.849998474121094,0,39.83699951171875,42.489999771118164,0.0,0.0
2022-03-23,41.90999984741211,41.93000030517578,41.90999984741211,41.93000030517578,104,39.92799949645996,42.207999801635744,0.0,0.0
2022-03-24,40.88999938964844,40.88999938964844,40.88999938964844,40.88999938964844,0,39.86899948120117,41.994999694824216,0.0,0.0
2022-03-25,40.439998626708984,40.439998626708984,40.439998626708984,40.439998626708984,0,39.704999160766604,41.7319995880127,0.0,0.0
2022-03-28,39.540000915527344,39.540000915527344,39.52000045776367,39.52000045776367,100,39.5859992980957,41.31749954223633,0.0,0.0
2022-03-29,39.95000076293945,39.95000076293945,39.95000076293945,39.95000076293945,0,39.80099945068359,40.90799961090088,0.0,0.0
2022-03-30,40.36000061035156,40.54999923706055,40.36000061035156,40.54999923706055,50,39.97699966430664,40.53249969482422,0.0,0.0
2022-03-31,41.45000076293945,41.45000076293945,41.45000076293945,41.45000076293945,0,40.27999992370606,40.37449970245361,0.0,0.0
2022-04-01,39.900001525878906,40.11000061035156,39.900001525878906,40.11000061035156,24,40.363000106811526,40.15799980163574,1.0,0.0
2022-04-04,41.56999969482422,41.56999969482422,40.43000030517578,40.43000030517578,12,40.58600006103516,40.2189998626709,1.0,1.0
2022-04-05,42.09000015258789,42.09000015258789,42.09000015258789,42.09000015258789,0,40.81000022888183,40.323499870300296,1.0,1.0
2022-04-06,42.5,42.5,42.5,42.5,22,40.86900024414062,40.39849987030029,1.0,1.0
2022-04-07,39.720001220703125,39.720001220703125,39.720001220703125,39.720001220703125,0,40.752000427246095,40.31049995422363,1.0,1.0
2022-04-08,39.4900016784668,39.52000045776367,39.4900016784668,39.52000045776367,40,40.65700073242188,40.18099994659424,1.0,1.0
2022-04-11,38.18000030517578,38.18000030517578,38.18000030517578,38.18000030517578,0,40.521000671386716,40.05349998474121,1.0,1.0
2022-04-12,38.459999084472656,38.459999084472656,38.459999084472656,38.459999084472656,0,40.372000503540036,40.086499977111814,1.0,1.0
2022-04-13,38.16999816894531,38.380001068115234,38.0,38.380001068115234,153,40.15300025939941,40.064999961853026,1.0,1.0
2022-04-14,37.25,37.25,37.25,37.25,0,39.73300018310547,40.00650005340576,0.0,1.0
2022-04-19,36.06999969482422,36.06999969482422,35.380001068115234,35.380001068115234,5,39.35,39.85650005340576,0.0,0.0
2022-04-20,35.97999954223633,35.97999954223633,35.97999954223633,35.97999954223633,0,38.79099998474121,39.688500022888185,0.0,0.0
2022-04-21,34.560001373291016,35.33000183105469,34.220001220703125,35.0,391,38.03800010681152,39.42400016784668,0.0,0.0
2022-04-22,38.0,38.0,33.970001220703125,33.970001220703125,249,37.58800010681152,39.22850017547607,0.0,0.0
2022-04-25,42.529998779296875,44.5099983215332,39.0,39.0,716,37.8689998626709,39.310500144958496,0.0,0.0
2022-04-26,40.0,41.439998626708984,40.0,41.060001373291016,84,37.91999969482422,39.288500213623045,0.0,0.0
2022-04-27,40.790000915527344,40.790000915527344,40.34000015258789,40.34000015258789,200,38.180999755859375,39.351000213623045,0.0,0.0
2022-04-28,42.0,42.0,40.22999954223633,40.22999954223633,150,38.53499984741211,39.45350017547607,0.0,0.0
2022-04-29,43.619998931884766,43.619998931884766,41.779998779296875,41.779998779296875,50,39.079999923706055,39.61650009155274,0.0,0.0
2022-05-02,43.22999954223633,43.22999954223633,42.63999938964844,42.63999938964844,905,39.677999877929686,39.70550003051758,0.0,0.0
2022-05-03,42.45000076293945,42.45000076293945,42.45000076293945,42.45000076293945,0,40.31599998474121,39.8329999923706,1.0,0.0
2022-05-04,47.09000015258789,47.09000015258789,42.189998626708984,42.189998626708984,26,41.42700004577637,40.109000015258786,1.0,1.0
2022-05-05,48.40999984741211,48.40999984741211,46.779998779296875,46.779998779296875,110,42.81199989318848,40.425,1.0,1.0
2022-05-06,49.0,49.0,47.290000915527344,47.290000915527344,197,43.91199989318848,40.75,1.0,1.0
2022-05-09,45.22999954223633,49.68000030517578,45.22999954223633,49.68000030517578,110,44.18199996948242,41.02549991607666,1.0,1.0
2022-05-10,43.619998931884766,44.7400016784668,43.619998931884766,44.7400016784668,1,44.5439998626709,41.23199977874756,1.0,1.0
2022-05-11,40.79999923706055,43.47999954223633,39.5,43.47999954223633,605,44.54499969482422,41.362999725341794,1.0,1.0
2022-05-12,39.0,39.0,39.0,39.0,20,44.244999694824216,41.38999977111816,1.0,1.0
2022-05-13,43.869998931884766,43.869998931884766,42.29999923706055,42.29999923706055,37,44.26999969482422,41.67499980926514,1.0,1.0
2022-05-16,44.349998474121094,44.349998474121094,42.97999954223633,42.97999954223633,106,44.3819995880127,42.02999973297119,1.0,1.0
2022-05-17,45.349998474121094,45.63999938964844,44.40999984741211,44.40999984741211,1139,44.67199935913086,42.49399967193604,1.0,1.0
2022-05-18,46.0,46.0,45.15999984741211,45.15999984741211,20,44.56299934387207,42.994999694824216,1.0,1.0
2022-05-19,47.90999984741211,47.90999984741211,45.47999954223633,45.47999954223633,10,44.51299934387207,43.662499618530276,1.0,1.0
2022-05-20,46.9900016784668,46.9900016784668,46.9900016784668,46.9900016784668,0,44.31199951171875,44.111999702453616,1.0,1.0
2022-05-23,48.310001373291016,48.310001373291016,47.869998931884766,47.869998931884766,200,44.619999694824216,44.40099983215332,1.0,1.0
2022-05-24,46.7400016784668,47.43000030517578,46.7400016784668,46.880001068115234,530,44.93199996948242,44.73799991607666,1.0,1.0
2022-05-25,47.720001220703125,47.720001220703125,46.93000030517578,46.93000030517578,90,45.62400016784668,45.08449993133545,1.0,1.0
2022-05-26,48.04999923706055,48.7599983215332,48.04999923706055,48.4900016784668,260,46.52900009155273,45.386999893188474,1.0,1.0
2022-05-27,48.20000076293945,48.20000076293945,48.20000076293945,48.20000076293945,0,46.9620002746582,45.61599998474121,1.0,1.0
2022-05-30,48.5,48.5,48.279998779296875,48.279998779296875,15,47.377000427246095,45.879500007629396,1.0,1.0
2022-05-31,47.93000030517578,47.93000030517578,47.93000030517578,47.93000030517578,0,47.63500061035156,46.15349998474121,1.0,1.0
2022-06-01,48.599998474121094,48.599998474121094,48.599998474121094,48.599998474121094,0,47.89500045776367,46.22899990081787,1.0,1.0
2022-06-02,48.939998626708984,48.939998626708984,48.939998626708984,48.939998626708984,5,47.99800033569336,46.255499839782715,1.0,1.0
2022-06-03,46.720001220703125,47.869998931884766,46.720001220703125,47.849998474121094,31,47.971000289916994,46.14149990081787,1.0,1.0
2022-06-06,46.77000045776367,46.77000045776367,46.77000045776367,46.77000045776367,0,47.817000198364255,46.218499946594235,1.0,1.0
2022-06-07,46.95000076293945,46.95000076293945,46.810001373291016,46.810001373291016,8,47.83800010681152,46.38500003814697,1.0,1.0
2022-06-08,48.130001068115234,48.130001068115234,48.130001068115234,48.130001068115234,0,47.87900009155273,46.75150012969971,1.0,1.0
2022-06-09,47.02000045776367,47.18000030517578,47.02000045776367,47.18000030517578,27,47.77600021362305,47.15250015258789,1.0,1.0
2022-06-10,46.13999938964844,46.13999938964844,46.13999938964844,46.13999938964844,0,47.570000076293944,47.26600017547607,1.0,1.0
2022-06-13,44.560001373291016,45.0,44.560001373291016,44.7599983215332,306,47.17600021362305,47.27650032043457,0.0,1.0
2022-06-14,45.41999816894531,45.41999816894531,44.43000030517578,44.43000030517578,20,46.925,47.28000030517578,0.0,0.0
2022-06-15,44.939998626708984,44.939998626708984,44.81999969482422,44.81999969482422,435,46.55900001525879,47.22700023651123,0.0,0.0
2022-06-16,42.880001068115234,43.279998779296875,42.880001068115234,43.279998779296875,90,45.95300025939942,46.97550029754639,0.0,0.0
2022-06-17,42.72999954223633,42.72999954223633,42.279998779296875,42.279998779296875,2,45.55400009155274,46.76250019073486,0.0,0.0
2022-06-20,42.2400016784668,42.2400016784668,42.2400016784668,42.2400016784668,0,45.101000213623045,46.459000205993654,0.0,0.0
2022-06-21,43.27000045776367,43.5099983215332,43.25,43.25,123,44.73300018310547,46.2855001449585,0.0,0.0
2022-06-22,42.529998779296875,42.529998779296875,42.529998779296875,42.529998779296875,0,44.172999954223634,46.026000022888184,0.0,0.0
2022-06-23,43.060001373291016,43.060001373291016,43.060001373291016,43.060001373291016,0,43.77700004577637,45.776500129699706,0.0,0.0
2022-06-24,43.34000015258789,43.34000015258789,43.34000015258789,43.34000015258789,0,43.49700012207031,45.53350009918213,0.0,0.0
2022-06-27,44.52000045776367,44.52000045776367,44.52000045776367,44.52000045776367,165,43.49300003051758,45.33450012207031,0.0,0.0
2022-06-28,44.619998931884766,44.619998931884766,44.619998931884766,44.619998931884766,0,43.41300010681152,45.16900005340576,0.0,0.0
2022-06-29,43.52000045776367,43.66999816894531,43.52000045776367,43.630001068115234,26,43.27100028991699,44.91500015258789,0.0,0.0
2022-06-30,41.9900016784668,42.15999984741211,41.9900016784668,42.15999984741211,45,43.18200035095215,44.567500305175784,0.0,0.0
2022-07-01,41.11000061035156,41.11000061035156,40.61000061035156,40.61000061035156,10,43.02000045776367,44.287000274658205,0.0,0.0
2022-07-04,42.16999816894531,42.16999816894531,42.16999816894531,42.16999816894531,0,43.013000106811525,44.057000160217285,0.0,0.0
2022-07-05,42.189998626708984,42.70000076293945,42.189998626708984,42.70000076293945,2,42.90499992370606,43.81900005340576,0.0,0.0
2022-07-06,43.689998626708984,43.689998626708984,43.689998626708984,43.689998626708984,0,43.020999908447266,43.596999931335446,0.0,0.0
2022-07-07,42.83000183105469,42.869998931884766,42.16999816894531,42.16999816894531,360,42.99799995422363,43.3875,0.0,0.0
2022-07-08,40.83000183105469,40.83000183105469,40.83000183105469,40.83000183105469,0,42.74700012207031,43.12200012207031,0.0,0.0
2022-07-11,40.83000183105469,40.83000183105469,40.83000183105469,40.83000183105469,37,42.378000259399414,42.935500144958496,0.0,0.0
2022-07-12,40.779998779296875,40.779998779296875,40.779998779296875,40.779998779296875,150,41.99400024414062,42.70350017547607,0.0,0.0
2022-07-13,40.400001525878906,40.400001525878906,40.400001525878906,40.400001525878906,0,41.68200035095215,42.47650032043457,0.0,0.0
2022-07-14,39.41999816894531,40.5,39.41999816894531,40.5,375,41.425,42.303500175476074,0.0,0.0
2022-07-15,39.41999816894531,39.41999816894531,39.41999816894531,39.41999816894531,0,41.25599975585938,42.138000106811525,0.0,0.0
2022-07-18,40.0099983215332,40.0099983215332,40.0099983215332,40.0099983215332,0,41.03999977111816,42.02649993896485,0.0,0.0
2022-07-19,40.040000915527344,40.040000915527344,40.040000915527344,40.040000915527344,0,40.825,41.86499996185303,0.0,0.0
2022-07-20,41.63999938964844,41.63999938964844,41.63999938964844,41.63999938964844,0,40.62000007629395,41.82049999237061,0.0,0.0
2022-07-21,41.779998779296875,41.779998779296875,41.779998779296875,41.779998779296875,0,40.51499977111816,41.7564998626709,0.0,0.0
2022-07-22,40.13999938964844,40.13999938964844,40.13999938964844,40.13999938964844,0,40.44599952697754,41.596499824523924,0.0,0.0
2022-07-25,40.880001068115234,41.560001373291016,40.880001068115234,40.939998626708984,63,40.4509994506836,41.414499855041505,0.0,0.0
2022-07-26,40.0,40.0,40.0,40.0,0,40.372999572753905,41.18349990844727,0.0,0.0
2022-07-27,40.310001373291016,40.310001373291016,40.310001373291016,40.310001373291016,1,40.36399955749512,41.022999954223636,0.0,0.0
2022-07-28,41.4900016784668,41.4900016784668,40.529998779296875,40.529998779296875,20,40.57099990844726,40.99799995422363,0.0,0.0
2022-07-29,41.61000061035156,41.61000061035156,41.61000061035156,41.61000061035156,50,40.79000015258789,41.022999954223636,0.0,0.0
2022-08-01,42.0,42.0,41.209999084472656,41.209999084472656,80,40.98900032043457,41.014500045776366,0.0,0.0
2022-08-02,41.58000183105469,41.58000183105469,41.58000183105469,41.58000183105469,0,41.1430004119873,40.98400020599365,1.0,0.0
2022-08-03,40.06999969482422,40.06999969482422,40.06999969482422,40.06999969482422,0,40.98600044250488,40.80300025939941,1.0,1.0
2022-08-04,46.5,49.279998779296875,42.22999954223633,42.22999954223633,285,41.458000564575194,40.98650016784668,1.0,1.0
2022-08-05,47.20000076293945,47.689998626708984,47.09000015258789,47.689998626708984,235,42.1640007019043,41.305000114440915,1.0,1.0
2022-08-08,46.77000045776367,46.77000045776367,46.41999816894531,46.65999984741211,11,42.75300064086914,41.602000045776364,1.0,1.0
2022-08-09,44.72999954223633,46.58000183105469,44.72999954223633,46.58000183105469,107,43.22600059509277,41.79950008392334,1.0,1.0
2022-08-10,44.709999084472656,44.709999084472656,44.41999816894531,44.41999816894531,33,43.66600036621094,42.01499996185303,1.0,1.0
2022-08-11,45.18000030517578,45.18000030517578,45.18000030517578,45.18000030517578,0,44.035000228881835,42.30300006866455,1.0,1.0
2022-08-12,45.7400016784668,45.7400016784668,45.7400016784668,45.7400016784668,0,44.44800033569336,42.61900024414062,1.0,1.0
2022-08-15,45.540000915527344,45.540000915527344,45.540000915527344,45.540000915527344,0,44.80200042724609,42.895500373840335,1.0,1.0
2022-08-16,45.459999084472656,45.459999084472656,45.459999084472656,45.459999084472656,0,45.19000015258789,43.1665002822876,1.0,1.0
2022-08-17,46.06999969482422,46.06999969482422,44.88999938964844,44.88999938964844,4,45.79000015258789,43.388000297546384,1.0,1.0
2022-08-18,46.290000915527344,46.290000915527344,46.290000915527344,46.290000915527344,10,45.76900024414063,43.61350040435791,1.0,1.0
2022-08-19,44.869998931884766,44.869998931884766,44.869998931884766,44.869998931884766,0,45.53600006103515,43.85000038146973,1.0,1.0
2022-08-22,42.2400016784668,43.40999984741211,42.2400016784668,43.40999984741211,9,45.08300018310547,43.91800041198731,1.0,1.0
2022-08-23,41.9900016784668,41.9900016784668,41.9900016784668,41.9900016784668,0,44.809000396728514,44.017500495910646,1.0,1.0
2022-08-24,41.90999984741211,41.90999984741211,41.5,41.5099983215332,48,44.529000473022464,44.0975004196167,1.0,1.0
2022-08-25,42.20000076293945,42.5,42.20000076293945,42.20000076293945,39,44.23100051879883,44.13300037384033,1.0,1.0
2022-08-26,43.34000015258789,43.34000015258789,42.709999084472656,42.709999084472656,610,43.99100036621094,44.219500350952146,0.0,1.0
2022-08-29,43.54999923706055,43.54999923706055,43.54999923706055,43.54999923706055,0,43.792000198364256,44.297000312805174,0.0,0.0
2022-08-30,44.66999816894531,44.66999816894531,44.66999816894531,44.66999816894531,0,43.71300010681152,44.45150012969971,0.0,0.0
2022-08-31,45.439998626708984,45.439998626708984,45.439998626708984,45.439998626708984,0,43.65,44.72000007629394,0.0,0.0
2022-09-01,43.81999969482422,45.189998626708984,43.81999969482422,45.189998626708984,11,43.40299987792969,44.58600006103516,0.0,0.0
2022-09-02,43.939998626708984,43.939998626708984,43.939998626708984,43.939998626708984,0,43.30999984741211,44.422999954223634,0.0,0.0
2022-09-05,43.06999969482422,43.790000915527344,43.06999969482422,43.790000915527344,17,43.39299964904785,44.23799991607666,0.0,0.0
2022-09-06,45.70000076293945,49.4900016784668,43.7400016784668,43.7400016784668,800,43.76399955749512,44.286499977111816,0.0,0.0
2022-09-07,36.38999938964844,41.220001220703125,36.209999084472656,41.220001220703125,669,43.21199951171875,43.870499992370604,0.0,0.0
2022-09-08,35.56999969482422,36.5,34.9900016784668,36.290000915527344,383,42.54899940490723,43.38999996185303,0.0,0.0
2022-09-09,36.970001220703125,36.970001220703125,36.52000045776367,36.52000045776367,50,41.91199951171875,42.951499938964844,0.0,0.0
2022-09-12,37.970001220703125,37.970001220703125,37.0099983215332,37.29999923706055,289,41.35399971008301,42.57299995422363,0.0,0.0
2022-09-13,36.189998626708984,38.029998779296875,36.189998626708984,37.83000183105469,515,40.50599975585938,42.10949993133545,0.0,0.0
2022-09-14,35.459999084472656,35.869998931884766,35.459999084472656,35.869998931884766,230,39.50799980163574,41.57899990081787,0.0,0.0
2022-09-15,34.959999084472656,34.970001220703125,34.959999084472656,34.970001220703125,5,38.621999740600586,41.01249980926514,0.0,0.0
2022-09-16,34.59000015258789,34.59000015258789,34.0,34.560001373291016,519,37.68699989318848,40.49849987030029,0.0,0.0
2022-09-19,33.77000045776367,33.77000045776367,33.77000045776367,33.77000045776367,0,36.75699996948242,40.07499980926514,0.0,0.0
2022-09-20,33.619998931884766,34.189998626708984,33.56999969482422,34.189998626708984,63,35.54899978637695,39.65649967193603,0.0,0.0
2022-09-21,32.97999954223633,33.16999816894531,32.97999954223633,33.16999816894531,503,35.207999801635744,39.20999965667725,0.0,0.0
2022-09-22,30.940000534057617,31.989999771118164,30.940000534057617,31.989999771118164,370,34.74499988555908,38.64699964523315,0.0,0.0
2022-09-23,30.239999771118164,30.700000762939453,30.239999771118164,30.6299991607666,820,34.07199974060059,37.99199962615967,0.0,0.0
2022-09-26,30.520000457763672,30.520000457763672,30.389999389648438,30.389999389648438,56,33.32699966430664,37.34049968719482,0.0,0.0
2022-09-27,31.399999618530273,31.399999618530273,31.200000762939453,31.200000762939453,150,32.84799976348877,36.676999759674075,0.0,0.0
2022-09-28,30.65999984741211,30.65999984741211,30.65999984741211,30.65999984741211,17,32.36799983978271,35.93799982070923,0.0,0.0
2022-09-29,28.469999313354492,30.170000076293945,28.469999313354492,30.170000076293945,103,31.7189998626709,35.17049980163574,0.0,0.0
2022-09-30,28.40999984741211,28.530000686645508,28.40999984741211,28.530000686645508,10,31.10099983215332,34.393999862670896,0.0,0.0
2022-10-03,28.850000381469727,28.850000381469727,28.030000686645508,28.030000686645508,42,30.608999824523927,33.68299989700317,0.0,0.0
2022-10-04,29.270000457763672,29.360000610351562,29.270000457763672,29.360000610351562,30,30.173999977111816,32.861499881744386,0.0,0.0
2022-10-05,28.329999923706055,29.079999923706055,28.329999923706055,29.079999923706055,21,29.709000015258788,32.458499908447266,0.0,0.0
2022-10-06,29.040000915527344,29.040000915527344,29.040000915527344,29.040000915527344,0,29.51900005340576,32.13199996948242,0.0,0.0
2022-10-07,28.639999389648438,28.639999389648438,28.639999389648438,28.639999389648438,150,29.35900001525879,31.715499877929688,0.0,0.0
2022-10-10,27.989999771118164,27.989999771118164,27.989999771118164,27.989999771118164,0,29.10599994659424,31.21649980545044,0.0,0.0
2022-10-11,27.709999084472656,27.709999084472656,27.709999084472656,27.709999084472656,0,28.736999893188475,30.792499828338624,0.0,0.0
2022-10-12,26.520000457763672,27.09000015258789,26.5,27.09000015258789,16,28.322999954223633,30.345499897003172,0.0,0.0
2022-10-13,25.899999618530273,26.420000076293945,25.899999618530273,26.420000076293945,97,28.06599998474121,29.892499923706055,0.0,0.0
2022-10-14,26.799999237060547,26.84000015258789,26.799999237060547,26.84000015258789,40,27.904999923706054,29.50299987792969,0.0,0.0
2022-10-17,27.0,27.0,26.579999923706055,26.579999923706055,53,27.719999885559083,29.164499855041505,0.0,0.0
2022-10-18,27.09000015258789,27.100000381469727,27.09000015258789,27.100000381469727,27,27.501999855041504,28.83799991607666,0.0,0.0
2022-10-19,26.950000762939453,26.959999084472656,26.889999389648438,26.959999084472656,185,27.363999938964845,28.536499977111816,0.0,0.0
2022-10-20,26.5,26.5,26.5,26.5,40,27.10999984741211,28.314499950408937,0.0,0.0
2022-10-21,26.790000915527344,26.829999923706055,26.790000915527344,26.829999923706055,11,26.925,28.142000007629395,0.0,0.0
2022-10-24,26.530000686645508,26.8799991607666,26.530000686645508,26.709999084472656,242,26.779000091552735,27.942500019073485,0.0,0.0
2022-10-25,27.209999084472656,27.209999084472656,27.209999084472656,27.209999084472656,0,26.729000091552734,27.732999992370605,0.0,0.0
2022-10-26,26.399999618530273,26.850000381469727,26.399999618530273,26.6299991607666,298,26.717000007629395,27.519999980926514,0.0,0.0
2022-10-27,27.329999923706055,27.329999923706055,26.719999313354492,26.719999313354492,32,26.86000003814697,27.46300001144409,0.0,0.0
2022-10-28,26.15999984741211,26.979999542236328,26.15999984741211,26.969999313354492,1384,26.79600009918213,27.35050001144409,0.0,0.0
2022-10-31,27.760000228881836,27.760000228881836,25.959999084472656,25.959999084472656,65,26.87200012207031,27.296000003814697,0.0,0.0
2022-11-01,28.40999984741211,28.40999984741211,27.780000686645508,27.780000686645508,51,27.004000091552733,27.25299997329712,0.0,0.0
2022-11-02,27.889999389648438,27.889999389648438,27.799999237060547,27.799999237060547,10,27.09799995422363,27.23099994659424,0.0,0.0
2022-11-03,27.489999771118164,27.489999771118164,27.489999771118164,27.489999771118164,0,27.196999931335448,27.15349988937378,1.0,0.0
2022-11-04,28.040000915527344,28.040000915527344,27.690000534057617,27.690000534057617,110,27.321999931335448,27.123499965667726,1.0,1.0
2022-11-07,27.0,27.81999969482422,27.0,27.81999969482422,228,27.368999862670897,27.073999977111818,1.0,1.0
2022-11-08,27.100000381469727,27.420000076293945,27.030000686645508,27.030000686645508,423,27.357999992370605,27.04350004196167,1.0,1.0
2022-11-09,24.489999771118164,26.65999984741211,24.489999771118164,26.65999984741211,306,27.167000007629394,26.942000007629396,1.0,1.0
2022-11-10,25.790000915527344,25.790000915527344,25.489999771118164,25.489999771118164,200,27.013000106811525,26.936500072479248,1.0,1.0
2022-11-11,26.989999771118164,27.34000015258789,26.989999771118164,27.100000381469727,600,27.096000099182127,26.94600009918213,1.0,1.0
2022-11-14,27.809999465942383,27.809999465942383,27.530000686645508,27.639999389648438,34,27.101000022888183,26.98650007247925,1.0,1.0
2022-11-15,27.809999465942383,27.809999465942383,27.600000381469727,27.600000381469727,112,27.040999984741212,27.022500038146973,1.0,1.0
2022-11-16,26.790000915527344,27.989999771118164,26.790000915527344,27.989999771118164,336,26.9310001373291,27.014500045776366,0.0,1.0
2022-11-17,25.989999771118164,26.6299991607666,25.989999771118164,26.6299991607666,6,26.7810001373291,26.989000034332275,0.0,0.0
2022-11-18,25.829999923706055,25.829999923706055,25.829999923706055,25.829999923706055,0,26.560000038146974,26.94099998474121,0.0,0.0
2022-11-21,25.270000457763672,26.15999984741211,25.270000457763672,25.860000610351562,390,26.38700008392334,26.87799997329712,0.0,0.0
2022-11-22,25.15999984741211,25.15999984741211,24.59000015258789,24.59000015258789,250,26.193000030517577,26.77550001144409,0.0,0.0
2022-11-23,25.739999771118164,25.739999771118164,25.399999618530273,25.479999542236328,42,26.318000030517577,26.742500019073486,0.0,0.0
2022-11-24,26.850000381469727,26.850000381469727,26.1200008392334,26.1200008392334,147,26.423999977111816,26.71850004196167,0.0,0.0
2022-11-25,26.670000076293945,26.670000076293945,26.329999923706055,26.329999923706055,55,26.392000007629395,26.744000053405763,0.0,0.0
2022-11-28,26.440000534057617,26.700000762939453,26.40999984741211,26.700000762939453,230,26.255000114440918,26.678000068664552,0.0,0.0
2022-11-29,26.360000610351562,26.700000762939453,26.360000610351562,26.700000762939453,6,26.110000228881837,26.575500106811525,0.0,0.0
2022-11-30,26.229999542236328,26.229999542236328,26.229999542236328,26.229999542236328,0,26.054000091552734,26.49250011444092,0.0,0.0
2022-12-01,27.530000686645508,27.65999984741211,27.530000686645508,27.65999984741211,158,26.20800018310547,26.494500160217285,0.0,0.0
2022-12-02,28.459999084472656,28.559999465942383,27.479999542236328,27.479999542236328,118,26.471000099182127,26.51550006866455,0.0,0.0
2022-12-05,28.459999084472656,28.459999084472656,28.309999465942383,28.309999465942383,35,26.789999961853027,26.588500022888184,1.0,0.0
2022-12-06,27.600000381469727,27.719999313354492,27.600000381469727,27.719999313354492,34,27.03400001525879,26.613500022888182,1.0,1.0
2022-12-07,28.06999969482422,28.079999923706055,27.65999984741211,27.65999984741211,52,27.267000007629395,26.792500019073486,1.0,1.0
2022-12-08,27.809999465942383,27.809999465942383,27.809999465942383,27.809999465942383,0,27.36299991607666,26.89349994659424,1.0,1.0
2022-12-09,27.3799991607666,27.3799991607666,27.010000228881836,27.010000228881836,132,27.433999824523926,26.91299991607666,1.0,1.0
2022-12-12,26.610000610351562,26.610000610351562,26.610000610351562,26.610000610351562,0,27.45099983215332,26.85299997329712,1.0,1.0
2022-12-13,27.09000015258789,27.09000015258789,26.899999618530273,26.899999618530273,100,27.523999786376955,26.817000007629396,1.0,1.0
2022-12-14,25.940000534057617,25.940000534057617,25.940000534057617,25.940000534057617,0,27.494999885559082,26.77449998855591,1.0,1.0
2022-12-15,25.8799991607666,26.34000015258789,25.8799991607666,26.34000015258789,5,27.329999732971192,26.76899995803833,1.0,1.0
2022-12-16,25.610000610351562,25.610000610351562,25.520000457763672,25.520000457763672,190,27.044999885559083,26.757999992370607,1.0,1.0
2022-12-19,25.780000686645508,25.780000686645508,25.540000915527344,25.540000915527344,200,26.77700004577637,26.783500003814698,0.0,1.0
2022-12-20,25.639999389648438,25.639999389648438,25.639999389648438,25.639999389648438,0,26.58099994659424,26.807499980926515,0.0,0.0
2022-12-21,26.510000228881836,26.510000228881836,25.8700008392334,25.8700008392334,17,26.425,26.846000003814698,0.0,0.0
2022-12-22,26.1299991607666,26.850000381469727,26.1299991607666,26.780000686645508,76,26.256999969482422,26.80999994277954,0.0,0.0
2022-12-23,26.280000686645508,26.280000686645508,26.280000686645508,26.280000686645508,0,26.147000122070313,26.79049997329712,0.0,0.0
2022-12-27,26.31999969482422,26.56999969482422,26.31999969482422,26.56999969482422,51,26.118000030517578,26.78449993133545,0.0,0.0
2022-12-28,26.06999969482422,26.06999969482422,26.06999969482422,26.06999969482422,0,26.01599998474121,26.76999988555908,0.0,0.0
2022-12-29,27.270000457763672,27.270000457763672,26.040000915527344,26.040000915527344,710,26.148999977111817,26.821999931335448,0.0,0.0
2022-12-30,26.68000030517578,26.68000030517578,26.68000030517578,26.68000030517578,0,26.229000091552734,26.77949991226196,0.0,0.0
2023-01-02,27.219999313354492,27.219999313354492,26.829999923706055,26.829999923706055,10,26.38999996185303,26.717499923706054,0.0,0.0
2023-01-03,27.200000762939453,27.200000762939453,27.200000762939453,27.200000762939453,0,26.53199996948242,26.654500007629395,0.0,0.0
2023-01-04,27.8799991607666,27.8799991607666,27.260000228881836,27.260000228881836,276,26.755999946594237,26.66849994659424,1.0,0.0
2023-01-05,27.170000076293945,27.549999237060547,27.170000076293945,27.549999237060547,1,26.821999931335448,26.623499965667726,1.0,1.0
2023-01-06,26.559999465942383,26.559999465942383,26.559999465942383,26.559999465942383,0,26.864999961853027,26.560999965667726,1.0,1.0
2023-01-09,25.0,25.040000915527344,25.0,25.040000915527344,340,26.736999893188475,26.442000007629396,1.0,1.0
2023-01-10,23.489999771118164,24.40999984741211,23.489999771118164,24.40999984741211,168,26.45399990081787,26.285999965667724,1.0,1.0
2023-01-11,24.190000534057617,24.190000534057617,23.5,23.719999313354492,268,26.26599998474121,26.14099998474121,1.0,1.0
2023-01-12,20.59000015258789,20.59000015258789,18.5,19.80500030517578,2710,25.59799995422363,25.873499965667726,0.0,1.0
2023-01-13,20.920000076293945,21.68000030517578,20.389999389648438,20.389999389648438,5491,25.02199993133545,25.625500011444093,0.0,0.0
2023-01-16,20.489999771118164,21.190000534057617,20.399999618530273,21.190000534057617,316,24.348999977111816,25.369499969482423,0.0,0.0
2023-01-17,19.71500015258789,20.09000015258789,19.71500015258789,20.09000015258789,49,23.60049991607666,25.066249942779542,0.0,0.0
2023-01-18,20.579999923706055,20.610000610351562,19.854999542236328,20.610000610351562,258,22.870499992370604,24.81324996948242,0.0,0.0
2023-01-19,19.3799991607666,19.69499969482422,19.204999923706055,19.69499969482422,335,22.091499900817873,24.45674991607666,0.0,0.0
2023-01-20,18.729999542236328,19.709999084472656,18.729999542236328,19.40999984741211,804,21.308499908447267,24.086749935150145,0.0,0.0
2023-01-23,19.649999618530273,19.649999618530273,19.09000015258789,19.584999084472656,374,20.77349987030029,23.755249881744383,0.0,0.0
2023-01-24,19.34000015258789,19.684999465942383,19.18000030517578,19.684999465942383,396,20.358499908447264,23.406249904632567,0.0,0.0
2023-01-25,19.03499984741211,19.174999237060547,19.03499984741211,19.174999237060547,867,19.842999839782713,23.054499912261964,0.0,0.0
2023-01-26,19.190000534057617,19.190000534057617,18.9950008392334,19.190000534057617,104,19.702999877929688,22.65049991607666,0.0,0.0
2023-01-27,18.71500015258789,18.71500015258789,18.71500015258789,18.71500015258789,0,19.482499885559083,22.252249908447265,0.0,0.0
2023-01-30,19.09000015258789,19.225000381469727,19.09000015258789,19.209999084472656,110,19.342499923706054,21.845749950408937,0.0,0.0
2023-01-31,19.0049991607666,19.0049991607666,18.350000381469727,18.700000762939453,1301,19.271499824523925,21.435999870300293,0.0,0.0
2023-02-01,18.825000762939453,19.0,18.825000762939453,18.979999542236328,1332,19.095999908447265,20.983249950408936,0.0,0.0
2023-02-02,20.600000381469727,20.600000381469727,19.424999237060547,19.424999237060547,469,19.21800003051758,20.654749965667726,0.0,0.0
2023-02-03,20.920000076293945,20.920000076293945,20.239999771118164,20.239999771118164,25,19.43700008392334,20.372749996185302,0.0,0.0
2023-02-06,20.479999542236328,21.0,20.479999542236328,20.920000076293945,86,19.520000076293947,20.14674997329712,0.0,0.0
2023-02-07,20.790000915527344,21.030000686645508,20.790000915527344,21.030000686645508,65,19.66500015258789,20.01175003051758,0.0,0.0
2023-02-08,20.84000015258789,21.030000686645508,20.84000015258789,21.030000686645508,55,19.845500183105468,19.844250011444093,1.0,0.0
2023-02-09,21.31999969482422,21.31999969482422,20.959999084472656,20.959999084472656,32,20.05850009918213,19.88074998855591,1.0,1.0
2023-02-10,20.260000228881836,21.09000015258789,20.260000228881836,21.09000015258789,1800,20.213000106811524,19.847749996185303,1.0,1.0
2023-02-13,20.06999969482422,20.329999923706055,20.06999969482422,20.329999923706055,7,20.311000061035156,19.826749992370605,1.0,1.0
2023-02-14,20.350000381469727,20.350000381469727,20.350000381469727,20.350000381469727,0,20.44550018310547,19.858500003814697,1.0,1.0
2023-02-15,19.729999542236328,19.729999542236328,19.729999542236328,19.729999542236328,0,20.536000061035157,19.81599998474121,1.0,1.0
2023-02-16,19.934999465942383,20.18000030517578,19.934999465942383,20.18000030517578,59,20.46949996948242,19.84375,1.0,1.0
2023-02-17,20.600000381469727,20.600000381469727,20.299999237060547,20.299999237060547,8,20.4375,19.93725004196167,1.0,1.0
2023-02-20,20.799999237060547,20.799999237060547,20.399999618530273,20.719999313354492,150,20.46949996948242,19.994750022888184,1.0,1.0
2023-02-21,20.450000762939453,20.5,20.200000762939453,20.200000762939453,60,20.435499954223634,20.05025005340576,1.0,1.0
2023-02-22,20.270000457763672,20.3799991607666,20.270000457763672,20.3700008392334,73,20.37849998474121,20.11200008392334,1.0,1.0
2023-02-23,20.0,20.229999542236328,20.0,20.229999542236328,10,20.24650001525879,20.152500057220458,1.0,1.0
2023-02-24,20.110000610351562,20.110000610351562,20.110000610351562,20.110000610351562,0,20.23150005340576,20.222250080108644,1.0,1.0
2023-02-27,20.020000457763672,20.31999969482422,20.020000457763672,20.31999969482422,2,20.22650012969971,20.26875009536743,0.0,1.0
2023-02-28,21.079999923706055,21.079999923706055,20.56999969482422,20.56999969482422,87,20.29950008392334,20.372500133514404,0.0,0.0
2023-03-01,21.170000076293945,21.209999084472656,21.170000076293945,21.209999084472656,50,20.443500137329103,20.489750099182128,0.0,0.0
2023-03-02,20.299999237060547,20.350000381469727,20.299999237060547,20.350000381469727,50,20.48000011444092,20.47475004196167,1.0,0.0
2023-03-03,21.200000762939453,21.200000762939453,20.93000030517578,20.93000030517578,33,20.54000015258789,20.488750076293947,1.0,1.0
2023-03-06,21.790000915527344,21.790000915527344,21.270000457763672,21.639999389648438,524,20.63900032043457,20.554250144958495,1.0,1.0
2023-03-07,21.8700008392334,21.8700008392334,21.68000030517578,21.68000030517578,20,20.781000328063964,20.6082501411438,1.0,1.0
2023-03-08,21.899999618530273,21.899999618530273,21.360000610351562,21.360000610351562,30,20.944000244140625,20.661250114440918,1.0,1.0
2023-03-09,22.940000534057617,23.1299991607666,21.75,21.75,250,21.238000297546385,20.742250156402587,1.0,1.0
2023-03-10,22.559999465942383,22.559999465942383,22.559999465942383,22.559999465942383,0,21.483000183105467,20.857250118255614,1.0,1.0
2023-03-13,22.5,22.59000015258789,22.350000381469727,22.59000015258789,110,21.7310001373291,20.978750133514403,1.0,1.0
2023-03-14,22.979999542236328,22.979999542236328,22.610000610351562,22.610000610351562,10,21.92100009918213,21.110250091552736,1.0,1.0
2023-03-15,22.469999313354492,22.469999313354492,22.469999313354492,22.469999313354492,0,22.051000022888182,21.247250080108643,1.0,1.0
2023-03-16,23.520000457763672,23.520000457763672,22.219999313354492,22.219999313354492,137,22.373000144958496,21.426500129699708,1.0,1.0
2023-03-17,23.440000534057617,23.440000534057617,23.440000534057617,23.440000534057617,0,22.597000122070312,21.568500137329103,1.0,1.0
2023-03-20,22.799999237060547,22.799999237060547,22.799999237060547,22.799999237060547,0,22.697999954223633,21.6685001373291,1.0,1.0
2023-03-21,22.239999771118164,22.760000228881836,22.239999771118164,22.760000228881836,215,22.73499984741211,21.758000087738036,1.0,1.0
2023-03-22,23.0,23.0,23.0,23.0,0,22.844999885559083,21.894500064849854,1.0,1.0
2023-03-23,22.100000381469727,22.25,22.100000381469727,22.25,140,22.760999870300292,21.99950008392334,1.0,1.0
2023-03-24,22.079999923706055,22.079999923706055,22.010000228881836,22.010000228881836,1,22.71299991607666,22.098000049591064,1.0,1.0
2023-03-27,22.209999084472656,22.209999084472656,21.969999313354492,21.969999313354492,19,22.683999824523926,22.207499980926514,1.0,1.0
2023-03-28,22.200000762939453,22.200000762939453,21.809999465942383,21.809999465942383,17,22.60599994659424,22.263500022888184,1.0,1.0
2023-03-29,22.100000381469727,22.100000381469727,22.100000381469727,22.100000381469727,0,22.569000053405762,22.310000038146974,1.0,1.0
2023-03-30,24.030000686645508,24.110000610351562,23.06999969482422,23.06999969482422,80,22.620000076293945,22.496500110626222,1.0,1.0
2023-03-31,23.799999237060547,23.84000015258789,23.799999237060547,23.84000015258789,50,22.65599994659424,22.626500034332274,1.0,1.0
2023-04-03,23.899999618530273,24.6299991607666,23.899999618530273,24.5,500,22.76599998474121,22.731999969482423,1.0,1.0
2023-04-04,23.84000015258789,23.84000015258789,23.799999237060547,23.799999237060547,15,22.926000022888182,22.830499935150147,1.0,1.0
2023-04-05,23.010000228881836,23.049999237060547,23.010000228881836,23.049999237060547,20,22.927000045776367,22.885999965667725,1.0,1.0
2023-04-06,23.09000015258789,23.09000015258789,23.09000015258789,23.09000015258789,0,23.026000022888184,22.89349994659424,1.0,1.0
2023-04-11,23.829999923706055,23.829999923706055,23.829999923706055,23.829999923706055,0,23.201000022888184,22.95699996948242,1.0,1.0
2023-04-12,23.760000228881836,23.860000610351562,23.760000228881836,23.860000610351562,9,23.3560001373291,23.019999980926514,1.0,1.0
2023-04-13,23.700000762939453,23.899999618530273,23.700000762939453,23.899999618530273,100,23.506000137329103,23.05600004196167,1.0,1.0
2023-04-14,23.690000534057617,23.690000534057617,23.690000534057617,23.690000534057617,0,23.66500015258789,23.117000102996826,1.0,1.0
2023-04-17,23.389999389648438,23.389999389648438,23.389999389648438,23.389999389648438,0,23.601000022888183,23.110500049591064,1.0,1.0
2023-04-18,24.530000686645508,24.739999771118164,24.530000686645508,24.739999771118164,140,23.67400016784668,23.16500005722046,1.0,1.0
2023-04-19,24.420000076293945,24.709999084472656,24.420000076293945,24.709999084472656,40,23.726000213623045,23.24600009918213,1.0,1.0
2023-04-20,24.709999084472656,24.709999084472656,24.709999084472656,24.709999084472656,0,23.813000106811522,23.369500064849852,1.0,1.0
2023-04-21,25.40999984741211,25.40999984741211,24.690000534057617,24.690000534057617,206,24.053000068664552,23.49000005722046,1.0,1.0
2023-04-24,25.56999969482422,25.56999969482422,25.309999465942383,25.309999465942383,38,24.301000022888182,23.663500022888183,1.0,1.0
2023-04-25,25.1299991607666,25.1299991607666,25.1299991607666,25.1299991607666,0,24.430999946594238,23.81599998474121,1.0,1.0
2023-04-26,25.700000762939453,25.700000762939453,25.139999389648438,25.139999389648438,71,24.625,23.990500068664552,1.0,1.0
2023-04-27,25.530000686645508,25.530000686645508,25.530000686645508,25.530000686645508,0,24.807999992370604,24.157000064849854,1.0,1.0
2023-04-28,26.579999923706055,26.579999923706055,25.799999237060547,25.799999237060547,767,25.09699993133545,24.38100004196167,1.0,1.0
2023-05-02,26.209999084472656,26.209999084472656,26.209999084472656,26.209999084472656,0,25.37899990081787,24.489999961853027,1.0,1.0
2023-05-03,26.350000381469727,26.350000381469727,26.110000610351562,26.110000610351562,35,25.560999870300293,24.617500019073486,1.0,1.0
2023-05-04,26.06999969482422,26.06999969482422,26.06999969482422,26.06999969482422,0,25.72599983215332,24.726000022888183,1.0,1.0
2023-05-05,26.350000381469727,26.350000381469727,26.350000381469727,26.350000381469727,0,25.88999996185303,24.851500034332275,1.0,1.0
2023-05-08,26.350000381469727,26.350000381469727,26.350000381469727,26.350000381469727,0,25.98400001525879,25.01850004196167,1.0,1.0
2023-05-09,26.549999237060547,26.549999237060547,26.549999237060547,26.549999237060547,0,26.08199996948242,25.191499996185303,1.0,1.0
2023-05-10,26.799999237060547,26.799999237060547,26.799999237060547,26.799999237060547,0,26.248999977111815,25.339999961853028,1.0,1.0
2023-05-11,26.389999389648438,26.389999389648438,26.389999389648438,26.389999389648438,0,26.317999839782715,25.471499919891357,1.0,1.0
2023-05-12,26.450000762939453,26.450000762939453,26.450000762939453,26.450000762939453,0,26.40999984741211,25.608999919891357,1.0,1.0
2023-05-15,26.229999542236328,26.229999542236328,26.229999542236328,26.229999542236328,0,26.374999809265137,25.735999870300294,1.0,1.0
2023-05-16,26.020000457763672,26.020000457763672,26.020000457763672,26.020000457763672,0,26.35599994659424,25.867499923706056,1.0,1.0
2023-05-17,25.600000381469727,25.600000381469727,23.43000030517578,24.6200008392334,300,26.28099994659424,25.920999908447264,1.0,1.0
2023-05-18,24.15999984741211,25.149999618530273,24.15999984741211,25.149999618530273,16,26.089999961853028,25.907999897003172,1.0,1.0
2023-05-19,23.770000457763672,24.399999618530273,23.770000457763672,24.399999618530273,2000,25.83199996948242,25.860999965667723,0.0,1.0
2023-05-22,25.030000686645508,25.030000686645508,24.790000915527344,24.790000915527344,3,25.7,25.842000007629395,0.0,0.0
2023-05-23,24.809999465942383,24.809999465942383,24.600000381469727,24.600000381469727,8,25.526000022888184,25.803999996185304,0.0,0.0
2023-05-24,24.90999984741211,24.90999984741211,24.90999984741211,24.90999984741211,0,25.33700008392334,25.79300003051758,0.0,0.0
2023-05-25,24.3700008392334,24.3700008392334,24.3700008392334,24.3700008392334,0,25.135000228881836,25.726500034332275,0.0,0.0
2023-05-26,23.940000534057617,24.0,23.940000534057617,24.0,70,24.88400020599365,25.64700002670288,0.0,0.0
2023-05-29,25.3799991607666,25.3799991607666,24.700000762939453,24.700000762939453,401,24.79900016784668,25.58699998855591,0.0,0.0
2023-05-30,25.350000381469727,25.350000381469727,25.350000381469727,25.350000381469727,0,24.732000160217286,25.54400005340576,0.0,0.0
2023-05-31,26.56999969482422,26.56999969482422,26.25,26.25,30,24.829000091552736,25.555000019073486,0.0,0.0
2023-06-01,27.329999923706055,27.329999923706055,26.719999313354492,26.719999313354492,5,25.146000099182128,25.618000030517578,0.0,0.0
2023-06-02,27.489999771118164,27.950000762939453,27.489999771118164,27.950000762939453,150,25.518000030517577,25.675,0.0,0.0
2023-06-05,27.079999923706055,27.530000686645508,27.079999923706055,27.530000686645508,18,25.72299995422363,25.711499977111817,1.0,0.0
2023-06-06,27.6200008392334,27.6200008392334,27.6200008392334,27.6200008392334,0,26.004000091552733,25.76500005722046,1.0,1.0
2023-06-07,27.049999237060547,28.299999237060547,27.020000457763672,28.299999237060547,2440,26.21800003051758,25.777500057220458,1.0,1.0
2023-06-08,26.979999542236328,27.149999618530273,26.610000610351562,27.149999618530273,63,26.478999900817872,25.807000064849852,1.0,1.0
2023-06-09,25.780000686645508,25.780000686645508,25.780000686645508,25.780000686645508,0,26.66299991607666,25.773500061035158,1.0,1.0
2023-06-12,26.56999969482422,26.56999969482422,26.0,26.030000686645508,271,26.78199996948242,25.79050006866455,1.0,1.0
2023-06-13,26.40999984741211,26.809999465942383,26.40999984741211,26.809999465942383,35,26.88799991607666,25.810000038146974,1.0,1.0
2023-06-14,26.010000228881836,26.31999969482422,26.010000228881836,26.31999969482422,17,26.83199996948242,25.830500030517577,1.0,1.0
2023-06-15,26.200000762939453,26.799999237060547,26.200000762939453,26.799999237060547,5,26.71900005340576,25.932500076293945,1.0,1.0
2023-06-16,26.790000915527344,26.790000915527344,26.209999084472656,26.209999084472656,13,26.64900016784668,26.083500099182128,1.0,1.0
2023-06-19,26.670000076293945,26.670000076293945,26.170000076293945,26.479999542236328,88,26.608000183105467,26.16550006866455,1.0,1.0
2023-06-20,25.920000076293945,26.15999984741211,25.920000076293945,26.15999984741211,51,26.438000106811522,26.221000099182127,1.0,1.0
2023-06-21,25.68000030517578,25.68000030517578,25.40999984741211,25.40999984741211,20,26.30100021362305,26.259500122070314,1.0,1.0
2023-06-22,25.450000762939453,25.450000762939453,25.450000762939453,25.450000762939453,0,26.14800033569336,26.313500118255615,0.0,1.0
2023-06-23,25.780000686645508,25.780000686645508,25.780000686645508,25.780000686645508,0,26.14800033569336,26.40550012588501,0.0,0.0
2023-06-26,25.68000030517578,25.68000030517578,25.1200008392334,25.1200008392334,70,26.059000396728514,26.420500183105467,0.0,0.0
2023-06-27,25.530000686645508,25.530000686645508,25.530000686645508,25.530000686645508,0,25.971000480651856,26.42950019836426,0.0,0.0
2023-06-28,25.75,25.75,25.75,25.75,0,25.945000457763673,26.388500213623047,0.0,0.0
2023-06-29,25.729999542236328,25.729999542236328,25.729999542236328,25.729999542236328,0,25.89800033569336,26.30850019454956,0.0,0.0
2023-06-30,26.0,26.0,26.0,26.0,0,25.819000244140625,26.234000205993652,0.0,0.0
2023-07-03,25.799999237060547,25.799999237060547,25.520000457763672,25.520000457763672,10,25.732000160217286,26.17000017166138,0.0,0.0
2023-07-04,25.770000457763672,25.770000457763672,25.260000228881836,25.260000228881836,35,25.717000198364257,26.07750015258789,0.0,0.0
2023-07-05,25.149999618530273,25.149999618530273,25.040000915527344,25.040000915527344,300,25.66400012969971,25.98250017166138,0.0,0.0
2023-07-06,24.290000915527344,24.290000915527344,24.290000915527344,24.290000915527344,0,25.548000144958497,25.848000240325927,0.0,0.0
2023-07-07,24.209999084472656,24.209999084472656,23.719999313354492,23.719999313354492,100,25.39099998474121,25.769500160217284,0.0,0.0
2023-07-10,24.170000076293945,24.170000076293945,24.170000076293945,24.170000076293945,0,25.239999961853027,25.649500179290772,0.0,0.0
2023-07-11,24.549999237060547,24.850000381469727,24.549999237060547,24.760000228881836,110,25.141999816894533,25.556500148773193,0.0,0.0
2023-07-12,25.850000381469727,26.0,25.1299991607666,25.1299991607666,850,25.151999855041502,25.54850015640259,0.0,0.0
2023-07-13,25.68000030517578,25.68000030517578,25.68000030517578,25.68000030517578,0,25.14699993133545,25.522500133514406,0.0,0.0
2023-07-14,26.0,26.0,25.760000228881836,25.760000228881836,189,25.14699993133545,25.483000087738038,0.0,0.0
2023-07-17,25.3799991607666,25.3799991607666,25.3799991607666,25.3799991607666,0,25.104999923706053,25.41850004196167,0.0,0.0
2023-07-18,26.649999618530273,26.649999618530273,25.479999542236328,25.479999542236328,70,25.192999839782715,25.455000019073488,0.0,0.0
2023-07-19,26.899999618530273,26.899999618530273,26.899999618530273,26.899999618530273,0,25.367999839782716,25.51599998474121,0.0,0.0
2023-07-20,27.299999237060547,27.299999237060547,27.299999237060547,27.299999237060547,0,25.668999671936035,25.608499908447264,1.0,0.0
2023-07-21,27.84000015258789,28.399999618530273,27.84000015258789,28.399999618530273,250,26.031999778747558,25.711499881744384,1.0,1.0
2023-07-24,30.559999465942383,30.559999465942383,28.649999618530273,28.649999618530273,564,26.6709997177124,25.955499839782714,1.0,1.0
2023-07-25,30.09000015258789,30.34000015258789,30.049999237060547,30.34000015258789,123,27.224999809265135,26.183499813079834,1.0,1.0
2023-07-26,29.950000762939453,29.989999771118164,29.149999618530273,29.149999618530273,99,27.63499984741211,26.393499851226807,1.0,1.0
2023-07-27,30.139999389648438,30.299999237060547,29.780000686645508,30.299999237060547,255,28.080999755859374,26.613999843597412,1.0,1.0
2023-07-28,29.799999237060547,30.0,29.600000381469727,29.600000381469727,102,28.46099967956543,26.803999805450438,1.0,1.0
2023-07-31,30.649999618530273,30.649999618530273,29.65999984741211,29.65999984741211,110,28.987999725341798,27.046499824523927,1.0,1.0
2023-08-01,30.149999618530273,30.639999389648438,30.049999237060547,30.459999084472656,122,29.337999725341795,27.265499782562255,1.0,1.0
2023-08-02,30.049999237060547,30.049999237060547,29.600000381469727,29.90999984741211,210,29.652999687194825,27.51049976348877,1.0,1.0
2023-08-03,29.350000381469727,29.350000381469727,28.889999389648438,29.299999237060547,340,29.857999801635742,27.76349973678589,1.0,1.0
2023-08-04,28.700000762939453,28.700000762939453,28.700000762939453,28.700000762939453,0,29.9439998626709,27.987999820709227,1.0,1.0
2023-08-07,28.43000030517578,28.43000030517578,28.34000015258789,28.34000015258789,0,29.73099994659424,28.20099983215332,1.0,1.0
2023-08-08,27.950000762939453,28.1200008392334,27.829999923706055,27.829999923706055,38,29.517000007629395,28.370999908447267,1.0,1.0
2023-08-09,28.229999542236328,28.229999542236328,27.940000534057617,27.940000534057617,15,29.344999885559083,28.489999866485597,1.0,1.0
2023-08-10,28.059999465942383,28.059999465942383,27.5,27.610000610351562,55,29.136999893188477,28.608999824523927,1.0,1.0
2023-08-11,27.450000762939453,28.030000686645508,27.450000762939453,28.030000686645508,145,28.90200004577637,28.681499862670897,1.0,1.0
2023-08-14,27.43000030517578,27.43000030517578,27.43000030517578,27.43000030517578,0,28.580000114440917,28.783999919891357,0.0,1.0
2023-08-15,28.1200008392334,28.1200008392334,27.649999618530273,27.649999618530273,35,28.37700023651123,28.857499980926512,0.0,0.0
2023-08-16,27.770000457763672,27.770000457763672,27.770000457763672,27.770000457763672,0,28.149000358581542,28.901000022888184,0.0,0.0
2023-08-17,27.559999465942383,27.559999465942383,26.860000610351562,27.469999313354492,270,27.97000026702881,28.914000034332275,0.0,0.0
2023-08-18,27.100000381469727,27.100000381469727,26.809999465942383,26.809999465942383,10,27.810000228881837,28.877000045776366,0.0,0.0
2023-08-21,26.969999313354492,26.969999313354492,26.969999313354492,26.969999313354492,0,27.66400012969971,28.697500038146973,0.0,0.0
2023-08-22,29.309999465942383,29.399999618530273,28.219999313354492,28.219999313354492,65,27.8,28.658500003814698,0.0,0.0
2023-08-23,29.0,29.0,28.950000762939453,28.950000762939453,200,27.877000045776366,28.610999965667723,0.0,0.0
2023-08-24,28.5,28.690000534057617,28.5,28.690000534057617,20,27.92100009918213,28.528999996185302,0.0,0.0
2023-08-25,28.579999923706055,28.579999923706055,27.809999465942383,28.010000228881836,310,28.03400001525879,28.46800003051758,0.0,0.0
2023-08-28,28.5,28.5,28.5,28.5,220,28.14099998474121,28.360500049591064,0.0,0.0
2023-08-29,28.65999984741211,28.65999984741211,28.65999984741211,28.65999984741211,0,28.19499988555908,28.286000061035157,0.0,0.0
2023-08-30,27.489999771118164,28.75,27.489999771118164,28.75,290,28.16699981689453,28.15800008773804,1.0,0.0
2023-08-31,27.040000915527344,27.040000915527344,27.040000915527344,27.040000915527344,0,28.114999961853027,28.04250011444092,1.0,1.0
2023-09-01,28.920000076293945,28.920000076293945,28.040000915527344,28.040000915527344,1000,28.29699993133545,28.05350008010864,1.0,1.0
2023-09-04,28.43000030517578,29.020000457763672,28.360000610351562,29.020000457763672,89,28.443000030517577,28.05350008010864,1.0,1.0
2023-09-05,28.31999969482422,28.31999969482422,28.31999969482422,28.31999969482422,0,28.34400005340576,28.07200002670288,1.0,1.0
2023-09-06,28.010000228881836,28.010000228881836,28.010000228881836,28.010000228881836,0,28.245000076293945,28.061000061035156,1.0,1.0
2023-09-07,27.969999313354492,27.969999313354492,27.799999237060547,27.799999237060547,20,28.192000007629396,28.056500053405763,1.0,1.0
2023-09-08,27.649999618530273,27.780000686645508,27.649999618530273,27.780000686645508,18,28.098999977111816,28.066499996185303,1.0,1.0
2023-09-11,27.6299991607666,27.6299991607666,27.6299991607666,27.6299991607666,0,28.011999893188477,28.076499938964844,0.0,1.0
2023-09-12,27.399999618530273,27.399999618530273,27.399999618530273,27.399999618530273,0,27.885999870300292,28.040499877929687,0.0,0.0
2023-09-13,27.920000076293945,27.920000076293945,27.920000076293945,27.920000076293945,0,27.92899990081787,28.0479998588562,0.0,0.0
2023-09-14,28.399999618530273,28.399999618530273,28.399999618530273,28.399999618530273,0,28.064999771118163,28.089999866485595,0.0,0.0
2023-09-15,28.829999923706055,28.829999923706055,28.829999923706055,28.829999923706055,0,28.055999755859375,28.176499843597412,0.0,0.0
2023-09-18,27.799999237060547,28.790000915527344,27.639999389648438,28.790000915527344,3,27.992999649047853,28.217999839782713,0.0,0.0
2023-09-19,27.559999465942383,27.559999465942383,27.559999465942383,27.559999465942383,0,27.91699962615967,28.130499839782715,0.0,0.0
2023-09-20,29.81999969482422,29.81999969482422,28.65999984741211,28.65999984741211,38,28.097999572753906,28.171499824523927,0.0,0.0
2023-09-21,28.079999923706055,28.639999389648438,28.079999923706055,28.639999389648438,2,28.10899963378906,28.15049982070923,0.0,0.0
2023-09-22,29.049999237060547,29.049999237060547,29.049999237060547,29.049999237060547,0,28.24899959564209,28.173999786376953,1.0,0.0
2023-09-25,31.0,31.0,29.989999771118164,30.0,8040,28.58599967956543,28.298999786376953,1.0,1.0
2023-09-26,29.790000915527344,29.790000915527344,29.700000762939453,29.700000762939453,6,28.824999809265137,28.355499839782716,1.0,1.0
2023-09-27,29.950000762939453,29.950000762939453,29.739999771118164,29.739999771118164,2,29.027999877929688,28.47849988937378,1.0,1.0
2023-09-28,29.139999389648438,29.649999618530273,29.139999389648438,29.649999618530273,200,29.101999855041505,28.583499813079833,1.0,1.0
2023-09-29,29.719999313354492,29.719999313354492,29.719999313354492,29.719999313354492,0,29.19099979400635,28.62349977493286,1.0,1.0
2023-10-02,30.299999237060547,30.299999237060547,30.25,30.25,169,29.44099979400635,28.7169997215271,1.0,1.0
2023-10-03,28.989999771118164,29.889999389648438,28.989999771118164,29.889999389648438,200,29.583999824523925,28.750499725341797,1.0,1.0
2023-10-04,28.600000381469727,28.739999771118164,28.549999237060547,28.739999771118164,670,29.461999893188477,28.77999973297119,1.0,1.0
2023-10-05,28.670000076293945,28.709999084472656,28.670000076293945,28.709999084472656,67,29.520999908447266,28.814999771118163,1.0,1.0
2023-10-06,28.329999923706055,28.360000610351562,28.329999923706055,28.360000610351562,35,29.448999977111818,28.848999786376954,1.0,1.0
2023-10-09,29.0,29.0,28.440000534057617,28.440000534057617,69,29.248999977111815,28.917499828338624,1.0,1.0
2023-10-10,27.860000610351562,28.110000610351562,26.6299991607666,28.110000610351562,243,29.055999946594238,28.94049987792969,1.0,1.0
2023-10-11,26.920000076293945,27.549999237060547,26.920000076293945,27.549999237060547,62,28.75299987792969,28.890499877929688,0.0,1.0
2023-10-12,27.469999313354492,27.469999313354492,27.469999313354492,27.469999313354492,0,28.58599987030029,28.8439998626709,0.0,0.0
2023-10-13,29.030000686645508,29.030000686645508,29.030000686645508,29.030000686645508,3,28.517000007629395,28.853999900817872,0.0,0.0
2023-10-16,29.059999465942383,29.420000076293945,29.059999465942383,29.420000076293945,63,28.393000030517577,28.916999912261964,0.0,0.0
2023-10-17,28.989999771118164,28.989999771118164,28.989999771118164,28.989999771118164,0,28.393000030517577,28.988499927520753,0.0,0.0
2023-10-18,27.579999923706055,27.579999923706055,27.579999923706055,27.579999923706055,0,28.290999984741212,28.876499938964844,0.0,0.0
2023-10-19,26.899999618530273,27.420000076293945,26.899999618530273,27.420000076293945,20,28.113999938964845,28.817499923706055,0.0,0.0
2023-10-20,26.5,27.239999771118164,26.5,27.239999771118164,360,27.930999946594238,28.689999961853026,0.0,0.0
2023-10-23,26.260000228881836,26.709999084472656,26.260000228881836,26.709999084472656,37,27.65699996948242,28.452999973297118,0.0,0.0
2023-10-24,26.729999542236328,26.729999542236328,26.729999542236328,26.729999542236328,0,27.543999862670898,28.299999904632568,0.0,0.0
2023-10-25,26.200000762939453,26.200000762939453,26.200000762939453,26.200000762939453,0,27.47199993133545,28.112499904632568,0.0,0.0
2023-10-26,26.43000030517578,26.43000030517578,25.31999969482422,25.31999969482422,114,27.368000030517578,27.976999950408935,0.0,0.0
2023-10-27,28.549999237060547,28.549999237060547,27.969999313354492,27.969999313354492,870,27.31999988555908,27.91849994659424,0.0,0.0
2023-10-30,26.610000610351562,27.31999969482422,26.610000610351562,27.31999969482422,390,27.075,27.73400001525879,0.0,0.0
2023-10-31,26.899999618530273,26.899999618530273,26.770000457763672,26.770000457763672,26,26.86599998474121,27.629500007629396,0.0,0.0
2023-11-01,26.739999771118164,26.739999771118164,26.739999771118164,26.739999771118164,0,26.78199996948242,27.536499977111816,0.0,0.0
2023-11-02,27.540000915527344,27.540000915527344,27.540000915527344,27.540000915527344,0,26.846000099182127,27.480000019073486,0.0,0.0
2023-11-03,28.299999237060547,28.299999237060547,27.899999618530273,27.899999618530273,200,27.026000022888184,27.478499984741212,0.0,0.0
2023-11-06,28.729999542236328,28.729999542236328,28.729999542236328,28.729999542236328,0,27.272999954223632,27.464999961853028,0.0,0.0
2023-11-07,27.739999771118164,27.829999923706055,27.739999771118164,27.829999923706055,0,27.373999977111815,27.458999919891358,0.0,0.0
2023-11-08,28.170000076293945,28.170000076293945,28.170000076293945,28.170000076293945,0,27.570999908447266,27.521499919891358,1.0,0.0
2023-11-09,29.0,29.0,28.489999771118164,28.489999771118164,60,27.827999877929688,27.59799995422363,1.0,1.0
2023-11-10,29.079999923706055,29.079999923706055,29.079999923706055,29.079999923706055,0,27.880999946594237,27.60049991607666,1.0,1.0
2023-11-13,29.06999969482422,29.06999969482422,29.06999969482422,29.06999969482422,0,28.126999855041504,27.600999927520753,1.0,1.0
2023-11-14,30.010000228881836,30.010000228881836,29.40999984741211,29.40999984741211,22,28.43799991607666,27.651999950408936,1.0,1.0
2023-11-15,30.09000015258789,30.1299991607666,29.989999771118164,30.1299991607666,22,28.772999954223632,27.777499961853028,1.0,1.0
2023-11-16,30.190000534057617,30.190000534057617,30.190000534057617,30.190000534057617,0,29.03799991607666,27.942000007629396,1.0,1.0
2023-11-17,30.020000457763672,30.020000457763672,29.809999465942383,29.809999465942383,200,29.210000038146973,28.118000030517578,1.0,1.0
2023-11-20,29.739999771118164,29.8799991607666,29.739999771118164,29.8799991607666,66,29.311000061035156,28.292000007629394,1.0,1.0
2023-11-21,30.059999465942383,30.059999465942383,30.059999465942383,30.059999465942383,0,29.54300003051758,28.4585000038147,1.0,1.0
2023-11-22,30.270000457763672,30.270000457763672,30.270000457763672,30.270000457763672,0,29.75300006866455,28.66199998855591,1.0,1.0
2023-11-23,29.940000534057617,29.940000534057617,29.940000534057617,29.940000534057617,0,29.847000122070312,28.8375,1.0,1.0
2023-11-24,29.399999618530273,29.399999618530273,29.399999618530273,29.399999618530273,0,29.879000091552733,28.880000019073485,1.0,1.0
2023-11-27,29.56999969482422,29.56999969482422,29.56999969482422,29.56999969482422,0,29.929000091552734,29.02799997329712,1.0,1.0
2023-11-28,26.600000381469727,28.489999771118164,26.600000381469727,28.489999771118164,430,29.588000106811524,29.013000011444092,1.0,1.0
2023-11-29,26.450000762939453,26.860000610351562,26.450000762939453,26.860000610351562,10,29.22400016784668,28.998500061035156,1.0,1.0
2023-11-30,26.40999984741211,26.40999984741211,26.40999984741211,26.40999984741211,0,28.846000099182127,28.942000007629396,0.0,1.0
2023-12-01,25.540000915527344,25.549999237060547,25.540000915527344,25.549999237060547,59,28.398000144958495,28.804000091552734,0.0,0.0
2023-12-04,25.799999237060547,25.799999237060547,25.799999237060547,25.799999237060547,105,28.004000091552733,28.657500076293946,0.0,0.0
2023-12-05,25.020000457763672,25.040000915527344,24.950000762939453,24.950000762939453,955,27.500000190734863,28.52150011062622,0.0,0.0
2023-12-06,24.700000762939453,24.959999084472656,24.520000457763672,24.899999618530273,455,26.94300022125244,28.348000144958498,0.0,0.0
2023-12-07,24.530000686645508,24.530000686645508,24.420000076293945,24.420000076293945,4,26.40200023651123,28.12450017929077,0.0,0.0
2023-12-08,24.3799991607666,24.719999313354492,24.3799991607666,24.719999313354492,47,25.900000190734865,27.8895001411438,0.0,0.0
2023-12-11,24.389999389648438,24.389999389648438,24.389999389648438,24.389999389648438,0,25.382000160217284,27.65550012588501,0.0,0.0
2023-12-12,23.770000457763672,23.81999969482422,23.770000457763672,23.81999969482422,94,25.09900016784668,27.3435001373291,0.0,0.0
2023-12-13,23.18000030517578,23.18000030517578,23.18000030517578,23.18000030517578,0,24.772000122070313,26.998000144958496,0.0,0.0
2023-12-14,23.790000915527344,23.90999984741211,23.530000686645508,23.530000686645508,97,24.510000228881836,26.67800016403198,0.0,0.0
2023-12-15,24.0,24.0,23.81999969482422,23.81999969482422,80,24.3560001373291,26.3770001411438,0.0,0.0
2023-12-18,23.690000534057617,23.700000762939453,23.690000534057617,23.700000762939453,25,24.14500026702881,26.074500179290773,0.0,0.0
2023-12-19,23.959999084472656,23.959999084472656,23.959999084472656,23.959999084472656,0,24.03900012969971,25.769500160217284,0.0,0.0
2023-12-20,24.0,24.0,23.899999618530273,23.899999618530273,1400,23.96900005340576,25.456000137329102,0.0,0.0
2023-12-21,23.809999465942383,23.809999465942383,23.809999465942383,23.809999465942383,0,23.89699993133545,25.14950008392334,0.0,0.0
2023-12-22,23.3799991607666,23.5,22.899999618530273,23.489999771118164,1299,23.79699993133545,24.848500061035157,0.0,0.0
2023-12-27,23.760000228881836,23.760000228881836,23.760000228881836,23.760000228881836,0,23.73400001525879,24.558000087738037,0.0,0.0
2023-12-28,23.309999465942383,23.309999465942383,23.229999542236328,23.229999542236328,15,23.68799991607666,24.39350004196167,0.0,0.0
2023-12-29,23.100000381469727,23.100000381469727,23.100000381469727,23.100000381469727,0,23.679999923706056,24.226000022888183,0.0,0.0
2024-01-02,23.40999984741211,23.40999984741211,23.40999984741211,23.40999984741211,0,23.641999816894533,24.076000022888184,0.0,0.0
2024-01-03,23.030000686645508,23.469999313354492,23.030000686645508,23.469999313354492,1,23.544999885559083,23.950500011444092,0.0,0.0
2024-01-04,23.170000076293945,23.170000076293945,23.170000076293945,23.170000076293945,0,23.492999839782716,23.819000053405762,0.0,0.0
2024-01-05,21.940000534057617,22.020000457763672,21.940000534057617,22.020000457763672,100,23.290999984741212,23.66500005722046,0.0,0.0
2024-01-08,22.299999237060547,22.34000015258789,22.299999237060547,22.34000015258789,390,23.120999908447267,23.544999980926512,0.0,0.0
2024-01-09,22.489999771118164,22.690000534057617,22.489999771118164,22.690000534057617,64,22.988999938964845,23.442999935150148,0.0,0.0
2024-01-10,22.600000381469727,22.600000381469727,22.600000381469727,22.600000381469727,0,22.911000061035157,23.3539999961853,0.0,0.0
2024-01-11,22.299999237060547,22.299999237060547,22.299999237060547,22.299999237060547,0,22.76499996185303,23.249499988555907,0.0,0.0
2024-01-12,21.68000030517578,21.68000030517578,21.68000030517578,21.68000030517578,0,22.602000045776368,23.144999980926514,0.0,0.0
2024-01-15,21.68000030517578,21.68000030517578,21.68000030517578,21.68000030517578,0,22.460000038146973,23.069999980926514,0.0,0.0
2024-01-16,22.010000228881836,22.010000228881836,22.010000228881836,22.010000228881836,0,22.320000076293944,22.98099994659424,0.0,0.0
2024-01-17,19.68000030517578,20.65999984741211,19.389999389648438,20.65999984741211,887,21.98500003814697,22.76499996185303,0.0,0.0
2024-01-18,19.645000457763672,20.06999969482422,19.475000381469727,20.06999969482422,689,21.632500076293944,22.56274995803833,0.0,0.0
2024-01-19,19.450000762939453,20.0,19.450000762939453,20.0,10,21.38350009918213,22.33725004196167,0.0,0.0
2024-01-22,19.954999923706055,20.219999313354492,19.71500015258789,20.219999313354492,117,21.14900016784668,22.135000038146973,0.0,0.0
2024-01-23,20.190000534057617,20.190000534057617,20.190000534057617,20.190000534057617,0,20.919000244140626,21.954000091552736,0.0,0.0
2024-01-24,20.860000610351562,21.040000915527344,20.6200008392334,20.6200008392334,57,20.745000267028807,21.828000164031984,0.0,0.0
2024-01-25,20.459999084472656,20.459999084472656,20.440000534057617,20.440000534057617,5,20.561000251770018,21.663000106811523,0.0,0.0
2024-01-26,20.920000076293945,20.920000076293945,20.489999771118164,20.489999771118164,10,20.485000228881837,21.5435001373291,0.0,0.0
2024-01-29,19.790000915527344,19.9950008392334,19.764999389648438,19.764999389648438,6991,20.296000289916993,21.37800016403198,0.0,0.0
2024-01-30,20.239999771118164,20.440000534057617,20.239999771118164,20.440000534057617,41,20.119000244140626,21.219500160217287,0.0,0.0
2024-01-31,20.440000534057617,20.5,20.440000534057617,20.5,0,20.19500026702881,21.09000015258789,0.0,0.0
2024-02-01,20.350000381469727,20.420000076293945,20.18000030517578,20.18000030517578,33,20.265500259399413,20.94900016784668,0.0,0.0
2024-02-02,20.309999465942383,20.520000457763672,20.219999313354492,20.520000457763672,0,20.35150012969971,20.86750011444092,0.0,0.0
2024-02-05,20.389999389648438,20.559999465942383,20.299999237060547,20.299999237060547,161,20.395000076293947,20.772000122070313,0.0,0.0
2024-02-06,19.645000457763672,20.239999771118164,19.645000457763672,20.239999771118164,15,20.34050006866455,20.629750156402586,0.0,0.0
2024-02-07,19.530000686645508,19.700000762939453,19.530000686645508,19.604999542236328,2052,20.207500076293947,20.476250171661377,0.0,0.0
2024-02-08,20.65999984741211,20.65999984741211,19.639999389648438,19.639999389648438,878,20.22750015258789,20.394250202178956,0.0,0.0
2024-02-09,22.8799991607666,23.59000015258789,22.18000030517578,22.18000030517578,521,20.423500061035156,20.454250144958497,0.0,0.0
2024-02-12,23.530000686645508,23.739999771118164,22.770000457763672,22.969999313354492,492,20.79750003814697,20.546750164031984,1.0,0.0
2024-02-13,23.690000534057617,23.690000534057617,23.40999984741211,23.40999984741211,0,21.142500114440917,20.63075017929077,1.0,1.0
2024-02-14,24.209999084472656,24.209999084472656,23.190000534057617,23.5,30,21.51949996948242,20.857250118255614,1.0,1.0
2024-02-15,24.440000534057617,24.440000534057617,24.09000015258789,24.09000015258789,0,21.92849998474121,21.097000122070312,1.0,1.0
2024-02-16,24.290000915527344,24.360000610351562,24.229999542236328,24.290000915527344,160,22.326500129699706,21.339000129699706,1.0,1.0
2024-02-19,23.709999084472656,23.829999923706055,23.469999313354492,23.829999923706055,0,22.658500099182127,21.526750087738037,1.0,1.0
2024-02-20,23.309999465942383,23.559999465942383,23.15999984741211,23.559999465942383,15,23.025,21.682750034332276,1.0,1.0
2024-02-21,22.489999771118164,22.559999465942383,22.190000534057617,22.450000762939453,103,23.320999908447266,21.764249992370605,1.0,1.0
2024-02-22,22.459999084472656,22.829999923706055,22.459999084472656,22.6299991607666,60,23.50099983215332,21.864249992370606,1.0,1.0
2024-02-23,22.040000915527344,22.450000762939453,22.040000915527344,22.450000762939453,0,23.417000007629394,21.920250034332277,1.0,1.0
2024-02-26,21.579999923706055,22.079999923706055,21.579999923706055,22.079999923706055,50,23.22199993133545,22.009749984741212,1.0,1.0
2024-02-27,21.739999771118164,21.739999771118164,21.639999389648438,21.68000030517578,37,23.026999855041502,22.08474998474121,1.0,1.0
2024-02-28,21.139999389648438,21.399999618530273,21.139999389648438,21.270000457763672,0,22.719999885559083,22.11974992752075,1.0,1.0
2024-02-29,21.0,21.40999984741211,21.0,21.100000381469727,35,22.37599983215332,22.152249908447267,1.0,1.0
2024-03-01,21.0,21.18000030517578,21.0,21.170000076293945,0,22.046999740600587,22.186749935150146,0.0,1.0
2024-03-04,20.5,20.59000015258789,20.239999771118164,20.59000015258789,70,21.72599983215332,22.192249965667724,0.0,0.0
2024-03-05,20.360000610351562,20.639999389648438,20.360000610351562,20.510000228881836,82,21.430999946594238,22.22799997329712,0.0,0.0
2024-03-06,20.399999618530273,20.399999618530273,20.209999084472656,20.329999923706055,10,21.22199993133545,22.271499919891358,0.0,0.0
2024-03-07,20.030000686645508,20.079999923706055,19.7450008392334,20.079999923706055,194,20.979000091552734,22.239999961853027,0.0,0.0
2024-03-08,19.68000030517578,20.010000228881836,19.68000030517578,20.010000228881836,0,20.743000030517578,22.080000019073488,0.0,0.0
2024-03-11,19.010000228881836,19.315000534057617,18.9950008392334,19.15999984741211,31,20.486000061035156,21.8539999961853,0.0,0.0
2024-03-12,19.604999542236328,19.7549991607666,19.395000457763672,19.395000457763672,5,20.272500038146973,21.649749946594238,0.0,0.0
2024-03-13,19.920000076293945,19.920000076293945,19.5049991607666,19.864999771118164,10,20.150500106811524,21.435249996185302,0.0,0.0
2024-03-14,19.06999969482422,19.875,19.06999969482422,19.875,0,19.957500076293947,21.166749954223633,0.0,0.0
2024-03-15,19.020000457763672,19.1299991607666,18.975000381469727,18.975000381469727,0,19.759500122070314,20.90324993133545,0.0,0.0
2024-03-18,18.93000030517578,19.424999237060547,18.93000030517578,19.30500030517578,150,19.60250015258789,20.664249992370607,0.0,0.0
2024-03-19,18.6299991607666,19.145000457763672,18.6299991607666,19.145000457763672,95,19.429500007629393,20.430249977111817,0.0,0.0
2024-03-20,18.875,18.875,18.545000076293945,18.600000381469727,0,19.27700004577637,20.249499988555907,0.0,0.0
2024-03-21,18.959999084472656,19.350000381469727,18.959999084472656,19.05500030517578,60,19.169999885559083,20.074499988555907,0.0,0.0
2024-03-22,18.90999984741211,19.170000076293945,18.90999984741211,19.045000076293945,58,19.092999839782713,19.917999935150146,0.0,0.0
2024-03-25,18.809999465942383,18.905000686645508,18.75,18.905000686645508,0,19.07299976348877,19.77949991226196,0.0,0.0
2024-03-26,19.375,19.375,19.045000076293945,19.06999969482422,0,19.049999809265138,19.661249923706055,0.0,0.0
2024-03-27,19.5,19.670000076293945,19.475000381469727,19.600000381469727,1,19.00799980163574,19.579249954223634,0.0,0.0
2024-03-28,19.7450008392334,19.7450008392334,19.395000457763672,19.395000457763672,1,19.07549991607666,19.516499996185303,0.0,0.0
2024-04-02,19.594999313354492,19.799999237060547,19.43000030517578,19.43000030517578,128,19.13299980163574,19.446249961853027,0.0,0.0
2024-04-03,19.485000610351562,19.690000534057617,19.485000610351562,19.684999465942383,80,19.18849983215332,19.395499992370606,0.0,0.0
2024-04-04,19.690000534057617,19.8799991607666,19.600000381469727,19.75,26,19.294499969482423,19.361999988555908,0.0,0.0
2024-04-05,19.30500030517578,19.395000457763672,19.30500030517578,19.395000457763672,0,19.3375,19.307250022888184,1.0,0.0
2024-04-08,20.809999465942383,20.809999465942383,20.299999237060547,20.389999389648438,1673,19.522500038146973,19.346249961853026,1.0,1.0
2024-04-09,21.209999084472656,21.209999084472656,20.649999618530273,20.979999542236328,624,19.752499961853026,19.42274990081787,1.0,1.0
2024-04-10,20.899999618530273,21.0,20.75,20.940000534057617,579,19.961499977111817,19.517249870300294,1.0,1.0
2024-04-11,21.010000228881836,21.209999084472656,20.850000381469727,20.850000381469727,207,20.125,19.58749990463257,1.0,1.0
2024-04-12,20.729999542236328,21.139999389648438,20.729999542236328,21.139999389648438,0,20.247999954223634,19.62799987792969,1.0,1.0
2024-04-15,20.520000457763672,20.520000457763672,20.43000030517578,20.43000030517578,0,20.32549991607666,19.70049991607666,1.0,1.0
2024-04-16,20.190000534057617,20.190000534057617,19.989999771118164,20.09000015258789,19,20.385000038146973,19.75899991989136,1.0,1.0
2024-04-17,20.770000457763672,20.770000457763672,20.190000534057617,20.190000534057617,10,20.513500022888184,19.850999927520753,1.0,1.0
2024-04-18,21.030000686645508,21.350000381469727,21.030000686645508,21.280000686645508,151,20.647500038146973,19.971000003814698,1.0,1.0
2024-04-19,20.959999084472656,21.06999969482422,20.959999084472656,21.06999969482422,0,20.81299991607666,20.07524995803833,1.0,1.0
2024-04-22,21.780000686645508,21.780000686645508,21.5,21.520000457763672,648,20.910000038146972,20.216250038146974,1.0,1.0
2024-04-23,21.790000915527344,21.790000915527344,21.68000030517578,21.719999313354492,1500,20.968000221252442,20.360250091552736,1.0,1.0
2024-04-24,21.719999313354492,21.719999313354492,21.670000076293945,21.700000762939453,850,21.050000190734863,20.50575008392334,1.0,1.0
2024-04-25,21.719999313354492,21.719999313354492,21.420000076293945,21.420000076293945,250,21.12100009918213,20.623000049591063,1.0,1.0
2024-04-26,21.649999618530273,21.84000015258789,21.649999618530273,21.75,0,21.213000106811524,20.73050003051758,1.0,1.0
2024-04-29,22.3799991607666,22.3799991607666,21.729999542236328,21.729999542236328,228,21.398999977111817,20.86224994659424,1.0,1.0
2024-04-30,22.149999618530273,22.280000686645508,22.149999618530273,22.170000076293945,0,21.594999885559083,20.989999961853027,1.0,1.0
2024-05-02,22.360000610351562,22.3799991607666,22.219999313354492,22.3799991607666,0,21.75399990081787,21.133749961853027,1.0,1.0
2024-05-03,22.170000076293945,22.5,22.170000076293945,22.40999984741211,40,21.867999839782716,21.257749938964842,1.0,1.0
2024-05-06,21.700000762939453,21.979999542236328,21.700000762939453,21.950000762939453,67,21.942000007629396,21.377499961853026,1.0,1.0
2024-05-07,22.520000457763672,22.850000381469727,22.520000457763672,22.850000381469727,0,22.01599998474121,21.46300001144409,1.0,1.0
2024-05-08,22.360000610351562,22.579999923706055,22.360000610351562,22.3700008392334,0,22.072999954223633,21.520500087738036,1.0,1.0
2024-05-09,22.229999542236328,22.399999618530273,22.229999542236328,22.399999618530273,0,22.123999977111815,21.58700008392334,1.0,1.0
2024-05-10,22.3799991607666,22.579999923706055,22.3799991607666,22.450000762939453,10,22.189999961853026,21.65550003051758,1.0,1.0
2024-05-13,22.219999313354492,22.3799991607666,22.1299991607666,22.3799991607666,8,22.24699993133545,21.730000019073486,1.0,1.0
2024-05-14,23.18000030517578,23.18000030517578,22.65999984741211,22.709999084472656,0,22.327000045776366,21.863000011444093,1.0,1.0
2024-05-15,23.389999389648438,23.389999389648438,23.110000610351562,23.110000610351562,0,22.451000022888184,22.022999954223632,1.0,1.0
2024-05-16,20.690000534057617,21.149999618530273,19.7450008392334,21.149999618530273,1350,22.28400001525879,22.01899995803833,1.0,1.0
2024-05-17,20.899999618530273,20.90999984741211,20.219999313354492,20.790000915527344,1301,22.15699996948242,22.01249990463257,1.0,1.0
2024-05-20,21.93000030517578,22.239999771118164,21.84000015258789,21.93000030517578,2413,22.179999923706056,22.060999965667726,1.0,1.0
2024-05-21,21.360000610351562,22.219999313354492,21.360000610351562,22.219999313354492,56,22.063999938964844,22.039999961853027,1.0,1.0
2024-05-22,21.479999542236328,21.479999542236328,21.200000762939453,21.389999389648438,95,21.97599983215332,22.024499893188477,0.0,1.0
2024-05-23,21.479999542236328,21.520000457763672,21.479999542236328,21.510000228881836,0,21.90099983215332,22.01249990463257,0.0,0.0
2024-05-24,22.0,22.0,20.84000015258789,20.84000015258789,150,21.86299991607666,22.026499938964843,0.0,0.0
2024-05-27,22.030000686645508,22.030000686645508,21.760000228881836,21.760000228881836,0,21.84400005340576,22.045499992370605,0.0,0.0
2024-05-28,21.56999969482422,21.8700008392334,21.56999969482422,21.8700008392334,0,21.682999992370604,22.005000019073485,0.0,0.0
2024-05-29,21.520000457763672,21.809999465942383,21.520000457763672,21.809999465942383,2,21.49600009918213,21.973500061035157,0.0,0.0
2024-05-30,22.219999313354492,22.280000686645508,21.329999923706055,21.329999923706055,550,21.648999977111817,21.966499996185302,0.0,0.0
2024-05-31,22.079999923706055,22.100000381469727,22.059999465942383,22.059999465942383,0,21.767000007629395,21.96199998855591,0.0,0.0
2024-06-03,22.649999618530273,22.84000015258789,22.649999618530273,22.729999542236328,150,21.838999938964843,22.009499931335448,0.0,0.0
2024-06-04,23.15999984741211,23.15999984741211,22.790000915527344,23.059999465942383,15,22.0189998626709,22.041499900817872,0.0,0.0
2024-06-05,23.559999465942383,23.559999465942383,23.1200008392334,23.209999084472656,2,22.226999855041505,22.101499843597413,1.0,0.0
2024-06-06,22.690000534057617,23.219999313354492,22.690000534057617,23.219999313354492,0,22.34799995422363,22.124499893188478,1.0,1.0
2024-06-07,23.190000534057617,23.299999237060547,23.1200008392334,23.1200008392334,10,22.467000007629395,22.164999961853027,1.0,1.0
2024-06-10,23.110000610351562,23.18000030517578,22.979999542236328,23.18000030517578,0,22.575,22.20950002670288,1.0,1.0
2024-06-11,22.5,23.0,22.5,23.0,112,22.66800003051758,22.175500011444093,1.0,1.0
2024-06-12,22.389999389648438,22.389999389648438,21.979999542236328,21.979999542236328,48,22.754999923706055,22.125500011444093,1.0,1.0
2024-06-13,21.979999542236328,21.979999542236328,21.799999237060547,21.799999237060547,1500,22.73099994659424,22.189999961853026,1.0,1.0
2024-06-14,20.8799991607666,21.579999923706055,20.8799991607666,21.579999923706055,1500,22.610999870300294,22.188999938964844,1.0,1.0
2024-06-17,20.670000076293945,21.68000030517578,20.670000076293945,21.68000030517578,10,22.41299991607666,22.125999927520752,1.0,1.0
2024-06-18,21.329999923706055,21.530000686645508,20.75,21.530000686645508,56,22.229999923706053,22.124499893188478,1.0,1.0
2024-06-19,21.59000015258789,21.59000015258789,21.280000686645508,21.280000686645508,15,22.032999992370605,22.129999923706055,0.0,1.0
2024-06-20,21.31999969482422,21.639999389648438,21.25,21.25,0,21.895999908447266,22.12199993133545,0.0,0.0
2024-06-21,20.6200008392334,21.190000534057617,20.6200008392334,21.1299991607666,0,21.638999938964844,22.05299997329712,0.0,0.0
2024-06-24,20.8799991607666,20.90999984741211,20.229999542236328,20.229999542236328,179,21.415999794006346,21.995499897003175,0.0,0.0
2024-06-25,20.860000610351562,21.079999923706055,20.860000610351562,20.93000030517578,0,21.251999855041504,21.95999994277954,0.0,0.0
2024-06-26,20.479999542236328,20.979999542236328,20.479999542236328,20.760000228881836,10,21.060999870300293,21.907999897003172,0.0,0.0
2024-06-27,20.5,20.739999771118164,20.440000534057617,20.530000686645508,15,20.91299991607666,21.821999931335448,0.0,0.0
2024-06-28,20.43000030517578,20.43000030517578,20.260000228881836,20.260000228881836,260,20.868000030517578,21.739499950408934,0.0,0.0
2024-07-01,20.700000762939453,21.06999969482422,20.639999389648438,21.06999969482422,330,20.87100009918213,21.642000007629395,0.0,0.0
2024-07-02,19.350000381469727,20.190000534057617,19.350000381469727,20.190000534057617,143,20.673000144958497,21.451500034332277,0.0,0.0
2024-07-03,19.700000762939453,19.885000228881836,19.34000015258789,19.34000015258789,5,20.484000205993652,21.25850009918213,0.0,0.0
2024-07-04,19.405000686645508,19.565000534057617,19.325000762939453,19.520000457763672,99,20.292500305175782,21.094250106811522,0.0,0.0
2024-07-05,19.94499969482422,19.94499969482422,19.68000030517578,19.68000030517578,0,20.225000190734864,20.932000064849852,0.0,0.0
2024-07-08,21.229999542236328,21.229999542236328,20.399999618530273,20.399999618530273,339,20.260000228881836,20.83800001144409,0.0,0.0
2024-07-09,21.799999237060547,21.829999923706055,21.25,21.360000610351562,10422,20.354000091552734,20.80299997329712,0.0,0.0
2024-07-10,22.559999465942383,22.559999465942383,22.420000076293945,22.440000534057617,0,20.56200008392334,20.811499977111815,0.0,0.0
2024-07-11,22.219999313354492,22.780000686645508,22.219999313354492,22.780000686645508,0,20.73400001525879,20.823499965667725,0.0,0.0
2024-07-12,22.31999969482422,22.6299991607666,22.31999969482422,22.5,210,20.922999954223634,20.895499992370606,1.0,0.0
2024-07-15,22.40999984741211,22.40999984741211,22.299999237060547,22.299999237060547,0,21.0939998626709,20.982499980926512,1.0,1.0
2024-07-16,21.920000076293945,22.40999984741211,21.850000381469727,22.40999984741211,60,21.35099983215332,21.011999988555907,1.0,1.0
2024-07-17,22.639999389648438,22.639999389648438,21.979999542236328,21.979999542236328,70,21.644999694824218,21.064499950408937,1.0,1.0
2024-07-18,23.010000228881836,23.010000228881836,22.260000228881836,22.520000457763672,5,22.005499649047852,21.148999977111817,1.0,1.0
2024-07-19,19.649999618530273,20.860000610351562,19.385000228881836,20.860000610351562,1755,21.975999641418458,21.10049991607666,1.0,1.0
2024-07-22,19.90999984741211,19.90999984741211,19.5,19.5,66,21.843999671936036,21.051999950408934,1.0,1.0
2024-07-23,19.610000610351562,20.0,19.56999969482422,20.0,120,21.624999809265137,20.989499950408934,1.0,1.0
2024-07-24,18.71500015258789,19.405000686645508,18.71500015258789,19.405000686645508,472,21.240499877929686,20.901249980926515,1.0,1.0
2024-07-25,18.364999771118164,18.549999237060547,18.299999237060547,18.549999237060547,122,20.854999923706053,20.794499969482423,1.0,1.0
2024-07-26,19.06999969482422,19.06999969482422,18.344999313354492,18.344999313354492,40,20.529999923706054,20.726499938964842,0.0,1.0
2024-07-29,18.729999542236328,19.010000228881836,18.729999542236328,18.899999618530273,17,20.161999893188476,20.62799987792969,0.0,0.0
2024-07-30,18.844999313354492,18.889999389648438,18.690000534057617,18.829999923706055,59,19.85449981689453,20.602749824523926,0.0,0.0
2024-07-31,18.915000915527344,19.110000610351562,18.915000915527344,19.110000610351562,0,19.481999969482423,20.56349983215332,0.0,0.0
2024-08-01,18.575000762939453,19.19499969482422,18.575000762939453,19.19499969482422,6,19.038500022888183,20.521999835968018,0.0,0.0
2024-08-02,17.665000915527344,18.094999313354492,17.665000915527344,18.094999313354492,4,18.84000015258789,20.407999897003172,0.0,0.0
2024-08-05,17.0,17.190000534057617,16.56999969482422,16.834999084472656,185,18.54900016784668,20.19649991989136,0.0,0.0
2024-08-06,17.010000228881836,17.46500015258789,16.989999771118164,17.46500015258789,190,18.28900012969971,19.95699996948242,0.0,0.0
2024-08-07,17.229999542236328,17.600000381469727,17.110000610351562,17.600000381469727,90,18.14050006866455,19.69049997329712,0.0,0.0
2024-08-08,16.739999771118164,16.790000915527344,16.649999618530273,16.790000915527344,41,17.97800006866455,19.4164999961853,0.0,0.0
2024-08-09,17.104999542236328,17.104999542236328,16.6200008392334,16.6200008392334,30,17.78150005340576,19.155749988555907,0.0,0.0
2024-08-12,16.90999984741211,16.924999237060547,16.8700008392334,16.924999237060547,3,17.59950008392334,18.88074998855591,0.0,0.0
2024-08-13,16.96500015258789,16.989999771118164,16.959999084472656,16.989999771118164,1,17.41150016784668,18.632999992370607,0.0,0.0
2024-08-14,17.065000534057617,17.079999923706055,16.9950008392334,16.9950008392334,0,17.22650012969971,18.354250049591066,0.0,0.0
2024-08-15,17.065000534057617,17.114999771118164,16.989999771118164,17.100000381469727,50,17.075500106811525,18.057000064849852,0.0,0.0
2024-08-16,16.84000015258789,16.969999313354492,16.84000015258789,16.864999771118164,15,16.993000030517578,17.916500091552734,0.0,0.0
2024-08-19,17.0,17.200000762939453,16.899999618530273,17.200000762939453,36,16.993000030517578,17.771000099182128,0.0,0.0
2024-08-20,16.684999465942383,16.84000015258789,16.684999465942383,16.834999084472656,0,16.960499954223632,17.62475004196167,0.0,0.0
2024-08-21,17.0,17.0,16.80500030517578,16.84000015258789,20,16.9375,17.539000034332275,0.0,0.0
2024-08-22,17.024999618530273,17.1200008392334,17.020000457763672,17.1200008392334,0,16.96599998474121,17.47200002670288,0.0,0.0
2024-08-23,16.774999618530273,16.774999618530273,16.704999923706055,16.760000228881836,0,16.932999992370604,17.357250022888184,0.0,0.0
2024-08-26,17.114999771118164,17.25,16.940000534057617,16.940000534057617,75,16.95349998474121,17.276500034332276,0.0,0.0
2024-08-27,17.665000915527344,17.719999313354492,17.5049991607666,17.5049991607666,0,17.023500061035158,17.217500114440917,0.0,0.0
2024-08-28,17.475000381469727,17.475000381469727,17.200000762939453,17.200000762939453,0,17.064500045776366,17.145500087738036,0.0,0.0
2024-08-29,17.270000457763672,17.325000762939453,17.270000457763672,17.325000762939453,0,17.085000038146973,17.08025007247925,1.0,0.0
2024-08-30,17.170000076293945,17.385000228881836,17.170000076293945,17.385000228881836,0,17.118000030517578,17.055500030517578,1.0,1.0
2024-09-02,16.235000610351562,17.010000228881836,16.209999084472656,17.010000228881836,14,17.041500091552734,17.017250061035156,1.0,1.0
2024-09-03,15.71500015258789,16.094999313354492,15.71500015258789,16.094999313354492,39,16.944500160217284,16.95250005722046,0.0,1.0
2024-09-04,15.59000015258789,15.59000015258789,15.270000457763672,15.414999961853027,3,16.803500175476074,16.870500087738037,0.0,0.0
2024-09-05,15.074999809265137,15.795000076293945,15.074999809265137,15.78499984741211,473,16.60850019454956,16.787250089645386,0.0,0.0
2024-09-06,14.904999732971191,15.444999694824219,14.729999542236328,15.444999694824219,738,16.421500205993652,16.677250099182128,0.0,0.0
2024-09-09,13.619999885559082,14.600000381469727,13.619999885559082,14.600000381469727,396,16.072000217437743,16.512750101089477,0.0,0.0
2024-09-10,13.119999885559082,14.0,13.119999885559082,14.0,628,15.617500114440919,16.320500087738036,0.0,0.0
2024-09-11,11.90999984741211,13.595000267028809,11.90999984741211,13.595000267028809,389,15.061000061035156,16.06275005340576,0.0,0.0
2024-09-12,11.930000305175781,12.3100004196167,11.515000343322754,12.3100004196167,302,14.527000045776367,15.80600004196167,0.0,0.0
2024-09-13,11.6850004196167,11.84000015258789,11.539999961853027,11.8100004196167,140,13.978500080108642,15.54825005531311,0.0,0.0
2024-09-16,11.375,12.119999885559082,11.239999771118164,12.119999885559082,1329,13.492500019073486,15.26700005531311,0.0,0.0
2024-09-17,11.854999542236328,11.854999542236328,11.270000457763672,11.484999656677246,477,13.10649995803833,15.025500059127808,0.0,0.0
2024-09-18,12.800000190734863,12.800000190734863,12.050000190734863,12.050000190734863,4616,12.827499961853027,14.815500068664551,0.0,0.0
2024-09-19,12.819999694824219,12.9399995803833,12.600000381469727,12.9399995803833,298,12.601999950408935,14.605250072479247,0.0,0.0
2024-09-20,12.520000457763672,12.6899995803833,12.375,12.6899995803833,166,12.363500022888184,14.392500114440917,0.0,0.0
2024-09-23,11.970000267028809,12.744999885559082,11.829999923706055,12.744999885559082,928,12.198500061035157,14.135250139236451,0.0,0.0
2024-09-24,11.975000381469727,12.40999984741211,11.975000381469727,12.25,1076,12.08400011062622,13.85075011253357,0.0,0.0
2024-09-25,10.449999809265137,12.045000076293945,10.395000457763672,12.045000076293945,4822,11.938000106811524,13.49950008392334,0.0,0.0
2024-09-26,10.100000381469727,10.100000381469727,9.180000305175781,9.895999908447266,11834,11.755000114440918,13.141000080108643,0.0,0.0
2024-09-27,10.649999618530273,10.694999694824219,9.883999824523926,10.25,6162,11.651500034332276,12.815000057220459,0.0,0.0
2024-09-30,10.100000381469727,10.850000381469727,10.0,10.850000381469727,5514,11.524000072479248,12.508250045776368,0.0,0.0
2024-10-01,10.420000076293945,10.53499984741211,9.984000205993652,10.104999542236328,1982,11.38050012588501,12.24350004196167,0.0,0.0
2024-10-02,10.529999732971191,10.579999923706055,10.319999694824219,10.329999923706055,252,11.153500080108643,11.990500020980836,0.0,0.0
2024-10-03,10.765000343322754,10.904999732971191,10.204999923706055,10.614999771118164,2423,10.948000144958495,11.775000047683715,0.0,0.0
2024-10-04,13.760000228881836,13.989999771118164,10.725000381469727,10.84000015258789,5458,11.072000122070312,11.717750072479248,0.0,0.0
2024-10-07,13.449999809265137,15.225000381469727,13.449999809265137,14.699999809265137,7427,11.220000076293946,11.70925006866455,0.0,0.0
2024-10-08,13.0600004196167,13.890000343322754,13.0,13.859999656677246,3261,11.328500080108643,11.706250095367432,0.0,0.0
2024-10-09,13.289999961853027,13.390000343322754,12.835000038146973,13.390000343322754,1594,11.612500095367432,11.775250101089478,0.0,0.0
2024-10-10,12.875,13.239999771118164,12.850000381469727,13.239999771118164,422,11.890000057220458,11.822500085830688,1.0,0.0
2024-10-11,12.979999542236328,13.350000381469727,12.864999771118164,13.350000381469727,91,12.123000049591065,11.88725004196167,1.0,1.0
2024-10-14,13.454999923706055,13.454999923706055,13.15999984741211,13.194999694824219,210,12.458500003814697,11.991250038146973,1.0,1.0
2024-10-15,13.229999542236328,13.260000228881836,13.0,13.260000228881836,170,12.739499950408936,12.060000038146972,1.0,1.0
2024-10-16,12.954999923706055,13.300000190734863,12.954999923706055,13.21500015258789,300,12.981999969482422,12.067750024795533,1.0,1.0
2024-10-17,13.979999542236328,13.979999542236328,13.024999618530273,13.180000305175781,128,13.303499889373779,12.125750017166137,1.0,1.0
2024-10-18,13.390000343322754,13.899999618530273,13.390000343322754,13.899999618530273,117,13.266499900817871,12.169250011444092,1.0,1.0
2024-10-21,13.609999656677246,13.779999732971191,13.524999618530273,13.524999618530273,21,13.282499885559082,12.251249980926513,1.0,1.0
2024-10-22,13.779999732971191,13.779999732971191,13.359999656677246,13.545000076293945,0,13.354499816894531,12.341499948501587,1.0,1.0
2024-10-23,14.0649995803833,14.0649995803833,13.744999885559082,13.755000114440918,252,13.431999778747558,12.522249937057495,1.0,1.0
2024-10-24,13.930000305175781,13.989999771118164,13.704999923706055,13.755000114440918,48,13.537499809265137,12.713749933242799,1.0,1.0
2024-10-25,13.859999656677246,13.859999656677246,13.390000343322754,13.390000343322754,89,13.625499820709228,12.874249935150146,1.0,1.0
2024-10-28,13.505000114440918,13.875,13.505000114440918,13.625,138,13.630499839782715,13.044499921798707,1.0,1.0
2024-10-29,13.949999809265137,13.949999809265137,13.710000038146973,13.710000038146973,0,13.702499866485596,13.220999908447265,1.0,1.0
2024-10-30,13.5649995803833,14.055000305175781,13.510000228881836,14.055000305175781,1240,13.76349983215332,13.37274990081787,1.0,1.0
2024-10-31,13.75,13.859999656677246,13.619999885559082,13.859999656677246,550,13.740499877929688,13.521999883651734,1.0,1.0
2024-11-01,13.930000305175781,13.930000305175781,13.635000228881836,13.635000228881836,50,13.79449987411499,13.53049988746643,1.0,1.0
2024-11-04,13.510000228881836,14.255000114440918,13.510000228881836,14.255000114440918,350,13.78449993133545,13.533499908447265,1.0,1.0
2024-11-05,13.404999732971191,13.819999694824219,13.404999732971191,13.819999694824219,321,13.746999931335449,13.55074987411499,1.0,1.0
2024-11-06,13.364999771118164,13.710000038146973,13.364999771118164,13.484999656677246,711,13.676999950408936,13.554499864578247,1.0,1.0
2024-11-07,13.255000114440918,13.71500015258789,13.255000114440918,13.71500015258789,167,13.60949993133545,13.573499870300292,1.0,1.0
2024-11-08,13.725000381469727,13.725000381469727,13.460000038146973,13.649999618530273,10,13.596000003814698,13.610749912261962,0.0,1.0
2024-11-11,13.484999656677246,13.545000076293945,13.399999618530273,13.414999961853027,11,13.59399995803833,13.612249898910523,0.0,0.0
2024-11-12,13.46500015258789,13.46500015258789,13.369999885559082,13.380000114440918,40,13.545499992370605,13.6239999294281,0.0,0.0
2024-11-13,13.46500015258789,13.489999771118164,13.46500015258789,13.475000381469727,260,13.535500049591064,13.649499940872193,0.0,0.0
2024-11-14,13.625,13.625,13.489999771118164,13.569999694824219,10,13.523000049591065,13.631749963760376,0.0,0.0
2024-11-15,13.454999923706055,13.475000381469727,13.329999923706055,13.475000381469727,539,13.475500011444092,13.63499994277954,0.0,0.0
2024-11-18,13.260000228881836,13.515000343322754,13.260000228881836,13.515000343322754,23,13.450500011444092,13.61749997138977,0.0,0.0
2024-11-19,13.100000381469727,13.395000457763672,13.100000381469727,13.395000457763672,689,13.420000076293945,13.583500003814697,0.0,0.0
2024-11-20,12.975000381469727,13.255000114440918,12.975000381469727,13.234999656677246,252,13.381000137329101,13.529000043869019,0.0,0.0
2024-11-21,12.395000457763672,12.984999656677246,12.395000457763672,12.984999656677246,120,13.295000171661377,13.452250051498414,0.0,0.0
2024-11-22,12.425000190734863,12.739999771118164,12.425000190734863,12.739999771118164,51,13.16500015258789,13.380500078201294,0.0,0.0
2024-11-25,12.9399995803833,13.010000228881836,12.774999618530273,13.010000228881836,54,13.110500144958497,13.352250051498412,0.0,0.0
2024-11-26,12.460000038146973,12.680000305175781,12.404999732971191,12.425000190734863,122,13.010000133514405,13.277750062942506,0.0,0.0
2024-11-27,12.145000457763672,12.210000038146973,11.920000076293945,12.1899995803833,78,12.878000164031983,13.206750106811523,0.0,0.0
2024-11-28,12.354999542236328,12.354999542236328,12.100000381469727,12.100000381469727,450,12.751000118255615,13.13700008392334,0.0,0.0
2024-11-29,12.479999542236328,12.479999542236328,12.260000228881836,12.34000015258789,25,12.653500080108643,13.064500045776366,0.0,0.0
2024-12-02,11.779999732971191,12.364999771118164,11.779999732971191,12.364999771118164,833,12.505500030517577,12.978000020980835,0.0,0.0
2024-12-03,11.720000267028809,11.920000076293945,11.720000267028809,11.920000076293945,1000,12.367500019073486,12.893750047683715,0.0,0.0
2024-12-04,11.664999961853027,11.84000015258789,11.664999961853027,11.84000015258789,1062,12.236499977111816,12.80875005722046,0.0,0.0
2024-12-05,11.854999542236328,11.885000228881836,11.819999694824219,11.819999694824219,0,12.182499885559082,12.73875002861023,0.0,0.0
2024-12-06,13.524999618530273,13.524999618530273,11.625,11.625,2340,12.292499828338624,12.728749990463257,0.0,0.0
2024-12-09,13.380000114440918,13.380000114440918,12.835000038146973,12.835000038146973,932,12.336499881744384,12.72350001335144,0.0,0.0
2024-12-10,13.274999618530273,13.345000267028809,13.255000114440918,13.270000457763672,86,12.417999839782714,12.71399998664856,0.0,0.0
2024-12-11,12.71500015258789,13.145000457763672,12.71500015258789,13.145000457763672,253,12.474999809265137,12.67649998664856,0.0,0.0
2024-12-12,12.380000114440918,12.574999809265137,12.34000015258789,12.574999809265137,47,12.477499866485596,12.614249992370606,0.0,0.0
2024-12-13,12.319999694824219,12.680000305175781,12.319999694824219,12.680000305175781,29,12.461499881744384,12.557499980926513,0.0,0.0
2024-12-16,12.1899995803833,12.399999618530273,12.024999618530273,12.399999618530273,324,12.502499866485596,12.503999948501587,0.0,0.0
2024-12-17,12.270000457763672,12.270000457763672,12.109999656677246,12.204999923706055,0,12.557499885559082,12.462499952316284,1.0,0.0
2024-12-18,12.239999771118164,12.28499984741211,12.130000114440918,12.130000114440918,0,12.614999866485595,12.425749921798706,1.0,1.0
2024-12-19,12.4399995803833,12.4399995803833,11.975000381469727,12.175000190734863,710,12.673499870300294,12.427999877929688,1.0,1.0
2024-12-20,12.229999542236328,12.335000038146973,12.220000267028809,12.335000038146973,0,12.543999862670898,12.41824984550476,1.0,1.0
2024-12-23,12.494999885559082,12.680000305175781,12.385000228881836,12.385000228881836,665,12.455499839782714,12.395999860763549,1.0,1.0
2024-12-27,12.770000457763672,12.899999618530273,12.600000381469727,12.600000381469727,287,12.404999923706054,12.411499881744385,0.0,1.0
2024-12-30,12.850000381469727,13.109999656677246,12.725000381469727,13.109999656677246,34,12.418499946594238,12.446749877929687,0.0,0.0
2025-01-02,13.005000114440918,13.454999923706055,12.734999656677246,13.454999923706055,639,12.480999946594238,12.479249906539916,1.0,0.0
2025-01-03,12.635000228881836,13.0,12.574999809265137,13.0,150,12.5125,12.486999940872192,1.0,1.0
2025-01-06,12.755000114440918,13.015000343322754,12.755000114440918,12.795000076293945,250,12.569000053405762,12.53574995994568,1.0,1.0
2025-01-07,12.949999809265137,13.130000114440918,12.949999809265137,12.994999885559082,0,12.636999988555909,12.597249937057494,1.0,1.0
2025-01-08,12.654999732971191,13.069999694824219,12.585000038146973,13.069999694824219,381,12.678499984741212,12.646749925613403,1.0,1.0
2025-01-09,12.385000228881836,12.505000114440918,12.385000228881836,12.420000076293945,66,12.673000049591064,12.673249959945679,0.0,1.0
2025-01-10,11.805000305175781,11.805000305175781,11.28499984741211,11.28499984741211,6,12.63050012588501,12.587249994277954,1.0,0.0
2025-01-13,12.109999656677246,12.345000267028809,11.989999771118164,12.345000267028809,222,12.592000102996826,12.52374997138977,1.0,1.0
2025-01-14,11.59000015258789,11.885000228881836,11.515000343322754,11.6850004196167,124,12.474000072479248,12.439499998092652,1.0,1.0
2025-01-15,12.164999961853027,12.164999961853027,11.805000305175781,11.805000305175781,161,12.405500030517578,12.411999988555909,0.0,1.0
2025-01-16,12.09000015258789,12.149999618530273,11.954999923706055,12.149999618530273,2060,12.314000034332276,12.397499990463256,0.0,0.0
2025-01-17,11.4350004196167,12.0,11.4350004196167,12.0,863,12.194000053405762,12.35325002670288,0.0,0.0
2025-01-20,11.6850004196167,11.835000038146973,11.555000305175781,11.795000076293945,129,12.08700008392334,12.32800006866455,0.0,0.0
2025-01-21,11.149999618530273,11.444999694824219,11.149999618530273,11.444999694824219,3023,11.907000064849854,12.27200002670288,0.0,0.0
2025-01-22,11.005000114440918,11.225000381469727,11.005000114440918,11.21500015258789,1421,11.742000102996826,12.210250043869019,0.0,0.0
2025-01-23,11.175000190734863,11.229999542236328,10.994999885559082,10.994999885559082,851,11.62100009918213,12.147000074386597,0.0,0.0
2025-01-24,11.850000381469727,11.850000381469727,11.335000038146973,11.5,2058,11.625500106811524,12.128000116348266,0.0,0.0
2025-01-27,11.765000343322754,11.949999809265137,11.765000343322754,11.895000457763672,2,11.591000175476074,12.09150013923645,0.0,0.0
2025-01-28,11.869999885559082,11.869999885559082,11.635000228881836,11.859999656677246,373,11.619000148773193,12.046500110626221,0.0,0.0
2025-01-29,11.59000015258789,11.744999885559082,11.449999809265137,11.744999885559082,151,11.56150016784668,11.983500099182129,0.0,0.0
2025-01-30,11.449999809265137,11.630000114440918,11.404999732971191,11.630000114440918,19,11.497500133514404,11.90575008392334,0.0,0.0
2025-01-31,11.199999809265137,11.244999885559082,11.199999809265137,11.204999923706055,302,11.474000072479248,11.834000062942504,0.0,0.0
2025-02-03,10.989999771118164,10.994999885559082,10.640000343322754,10.994999885559082,3313,11.404500007629395,11.745750045776367,0.0,0.0
2025-02-04,10.944999694824219,11.039999961853027,10.744999885559082,10.805000305175781,111,11.384000015258788,11.645500040054321,0.0,0.0
2025-02-05,11.0,11.145000457763672,11.0,11.015000343322754,409,11.383500003814698,11.562750053405761,0.0,0.0
2025-02-06,11.109999656677246,11.140000343322754,10.9399995803833,10.949999809265137,330,11.376999950408935,11.499000024795532,0.0,0.0
2025-02-07,11.114999771118164,11.395000457763672,11.114999771118164,11.234999656677246,132,11.303499889373779,11.464499998092652,0.0,0.0
2025-02-10,10.979999542236328,11.220000267028809,10.960000038146973,11.220000267028809,186,11.224999809265137,11.407999992370605,0.0,0.0
2025-02-11,10.930000305175781,10.960000038146973,10.850000381469727,10.960000038146973,82,11.130999851226807,11.375,0.0,0.0
2025-02-12,11.055000305175781,11.055000305175781,10.789999961853027,10.9399995803833,113,11.077499866485596,11.319500017166138,0.0,0.0
2025-02-13,11.140000343322754,11.140000343322754,10.899999618530273,10.975000381469727,35,11.046499919891357,11.27200002670288,0.0,0.0
2025-02-14,11.444999694824219,11.515000343322754,11.1850004196167,11.5,503,11.070999908447266,11.272499990463256,0.0,0.0
2025-02-17,11.15999984741211,11.399999618530273,11.09000015258789,11.399999618530273,591,11.08799991607666,11.246249961853028,0.0,0.0
2025-02-18,11.354999542236328,11.380000114440918,11.09000015258789,11.09000015258789,871,11.12899990081787,11.25649995803833,0.0,0.0
2025-02-19,11.28499984741211,11.404999732971191,11.28499984741211,11.354999542236328,100,11.157499885559082,11.27049994468689,0.0,0.0
2025-02-20,11.0649995803833,11.21500015258789,11.055000305175781,11.055000305175781,42,11.152999877929688,11.264999914169312,0.0,0.0
2025-02-21,11.515000343322754,11.65999984741211,11.1899995803833,11.65999984741211,50,11.192999935150146,11.248249912261963,0.0,0.0
2025-02-24,11.78499984741211,11.869999885559082,11.329999923706055,11.329999923706055,103,11.273499965667725,11.24924988746643,1.0,0.0
2025-02-25,12.145000457763672,12.295000076293945,11.454999923706055,11.454999923706055,3109,11.394999980926514,11.26299991607666,1.0,1.0
2025-02-26,12.145000457763672,12.289999961853027,12.024999618530273,12.024999618530273,734,11.503999996185303,11.29074993133545,1.0,1.0
2025-02-27,12.25,12.25,11.5,11.5,0,11.614999961853027,11.330749940872192,1.0,1.0
2025-02-28,12.194999694824219,12.420000076293945,11.904999732971191,12.420000076293945,244,11.689999961853028,11.380499935150146,1.0,1.0
2025-03-03,12.545000076293945,12.550000190734863,12.069999694824219,12.345000267028809,2198,11.82849998474121,11.458249950408936,1.0,1.0
2025-03-04,12.100000381469727,12.329999923706055,12.0649995803833,12.0649995803833,0,11.90300006866455,11.51599998474121,1.0,1.0
2025-03-05,12.625,12.625,11.96500015258789,11.96500015258789,50,12.03700008392334,11.597249984741211,1.0,1.0
2025-03-06,13.645000457763672,13.645000457763672,12.710000038146973,12.710000038146973,1516,12.295000171661377,11.724000024795533,1.0,1.0
2025-03-07,13.454999923706055,13.479999542236328,13.319999694824219,13.454999923706055,1123,12.489000129699708,11.841000032424926,1.0,1.0
2025-03-10,13.145000457763672,13.675000190734863,13.145000457763672,13.520000457763672,275,12.625000190734863,11.949250078201294,1.0,1.0
2025-03-11,12.699999809265137,13.175000190734863,12.699999809265137,13.140000343322754,260,12.68050012588501,12.037750053405762,1.0,1.0
2025-03-12,12.670000076293945,12.8100004196167,12.229999542236328,12.229999542236328,314,12.733000087738038,12.11850004196167,1.0,1.0
2025-03-13,12.375,12.385000228881836,12.3100004196167,12.3100004196167,0,12.745500087738037,12.180250024795532,1.0,1.0
2025-03-14,13.050000190734863,13.079999923706055,11.979999542236328,11.979999542236328,2168,12.831000137329102,12.260500049591064,1.0,1.0
2025-03-17,13.289999961853027,13.289999961853027,12.694999694824219,12.694999694824219,10,12.905500125885009,12.36700005531311,1.0,1.0
2025-03-18,13.835000038146973,13.835000038146973,13.029999732971191,13.470000267028809,1838,13.079000091552734,12.491000080108643,1.0,1.0
2025-03-19,12.845000267028809,13.484999656677246,12.300000190734863,13.484999656677246,876,13.101000118255616,12.569000101089477,1.0,1.0
2025-03-20,13.100000381469727,13.324999809265137,12.9399995803833,12.9399995803833,923,13.046500110626221,12.670750141143799,1.0,1.0
2025-03-21,12.484999656677246,12.9350004196167,12.4399995803833,12.9350004196167,50,12.94950008392334,12.719250106811524,1.0,1.0
2025-03-24,13.100000381469727,13.510000228881836,12.0,12.475000381469727,6814,12.945000076293946,12.785000133514405,1.0,1.0
2025-03-25,13.71500015258789,13.71500015258789,12.744999885559082,12.744999885559082,190,13.046500110626221,12.863500118255615,1.0,1.0
2025-03-26,13.229999542236328,13.329999923706055,12.890000343322754,12.890000343322754,255,13.102500057220459,12.917750072479247,1.0,1.0
2025-03-27,14.649999618530273,14.899999618530273,12.640000343322754,13.220000267028809,4691,13.330000019073486,13.037750053405762,1.0,1.0
2025-03-28,12.324999809265137,15.140000343322754,12.324999809265137,15.140000343322754,4602,13.257499980926514,13.044250059127808,1.0,1.0
2025-03-31,11.239999771118164,12.614999771118164,11.125,12.614999771118164,326,13.052499961853027,12.979000043869018,1.0,1.0
2025-04-01,10.725000381469727,11.100000381469727,10.5,11.100000381469727,2742,12.741499996185302,12.910250043869018,0.0,1.0
2025-04-02,10.645000457763672,10.944999694824219,10.515000343322754,10.944999694824219,101,12.52150001525879,12.811250066757202,0.0,0.0
2025-04-03,10.53499984741211,10.699999809265137,10.204999923706055,10.204999923706055,466,12.264999961853027,12.655750036239624,0.0,0.0
2025-04-04,9.803999900817871,10.095000267028809,8.918000221252441,10.03499984741211,6063,11.99689998626709,12.473200035095214,0.0,0.0
2025-04-07,8.97599983215332,9.300000190734863,8.029999732971191,9.300000190734863,2548,11.584499931335449,12.264750003814697,0.0,0.0
2025-04-08,8.92199993133545,9.557999610900879,8.92199993133545,9.234000205993652,7733,11.105199909210205,12.075850009918213,0.0,0.0
2025-04-09,8.973999977111816,9.079999923706055,8.592000007629395,8.970000267028809,563,10.679599952697753,11.891050004959107,0.0,0.0
2025-04-10,8.631999969482422,9.836000442504883,8.5,9.836000442504883,1161,10.077799987792968,11.703900003433228,0.0,0.0
2025-04-11,9.034000396728516,9.067999839782715,8.383999824523926,8.531999588012695,540,9.748700046539307,11.50310001373291,0.0,0.0
2025-04-14,9.074000358581543,9.100000381469727,8.73799991607666,8.73799991607666,74,9.532100105285645,11.292300033569337,0.0,0.0
2025-04-15,9.36400032043457,9.446000099182129,9.034000396728516,9.034000396728516,12,9.396000099182128,11.068750047683716,0.0,0.0
2025-04-16,9.109999656677246,9.265999794006348,8.899999618530273,9.265999794006348,30,9.242500019073486,10.882000017166138,0.0,0.0
2025-04-17,9.15999984741211,9.163999557495117,8.920000076293945,8.947999954223633,8,9.105000019073486,10.684999990463258,0.0,0.0
2025-04-22,9.387999534606934,9.387999534606934,8.949999809265137,9.272000312805176,800,9.063399982452392,10.530149984359742,0.0,0.0
2025-04-23,10.28499984741211,10.28499984741211,9.640000343322754,9.640000343322754,115,9.194299983978272,10.38939995765686,0.0,0.0
2025-04-24,10.359999656677246,10.359999656677246,9.95199966430664,10.055000305175781,170,9.338099956512451,10.221649932861329,0.0,0.0
2025-04-25,10.404999732971191,10.404999732971191,10.109999656677246,10.109999656677246,0,9.481199932098388,10.08039994239807,0.0,0.0
2025-04-28,10.470000267028809,10.470000267028809,10.180000305175781,10.180000305175781,1031,9.664999961853027,9.871399974822998,0.0,0.0
2025-04-29,10.364999771118164,10.529999732971191,10.255000114440918,10.255000114440918,0,9.798099899291993,9.77339997291565,1.0,0.0
2025-04-30,10.300000190734863,10.444999694824219,10.300000190734863,10.329999923706055,326,9.920699882507325,9.726399993896484,1.0,1.0
2025-05-02,11.024999618530273,11.050000190734863,10.375,10.414999961853027,26,10.086799812316894,9.741399955749511,1.0,1.0
2025-05-05,10.970000267028809,11.029999732971191,10.84000015258789,10.9399995803833,23,10.272799873352051,9.75764994621277,1.0,1.0
2025-05-06,10.869999885559082,11.229999542236328,10.829999923706055,10.829999923706055,0,10.443799877166748,9.774399948120116,1.0,1.0
2025-05-07,11.15999984741211,11.15999984741211,10.845000267028809,10.845000267028809,4,10.620999908447265,9.84219994544983,1.0,1.0
2025-05-08,11.0600004196167,11.079999923706055,10.649999618530273,11.079999923706055,0,10.698499965667725,9.946399974822999,1.0,1.0
2025-05-09,11.03499984741211,11.399999618530273,11.03499984741211,11.350000381469727,289,10.76599998474121,10.05204997062683,1.0,1.0
2025-05-12,11.454999923706055,11.539999961853027,11.109999656677246,11.109999656677246,70,10.871000003814697,10.176099967956542,1.0,1.0
2025-05-13,11.5,11.5,11.199999809265137,11.199999809265137,3020,10.973999977111816,10.319499969482422,1.0,1.0
2025-05-14,11.0,11.529999732971191,9.899999618530273,11.34000015258789,1650,11.0375,10.417799949645996,1.0,1.0
2025-05-15,9.482000350952148,10.880000114440918,9.362000465393066,10.545000076293945,543,10.955700016021728,10.438199949264526,1.0,1.0
2025-05-16,9.802000045776367,9.984000205993652,9.508000373840332,9.694000244140625,165,10.833400058746339,10.460099935531616,1.0,1.0
2025-05-19,9.949999809265137,10.010000228881836,9.54800033569336,9.54800033569336,1700,10.73140001296997,10.50209994316101,1.0,1.0
2025-05-20,10.164999961853027,10.164999961853027,9.855999946594238,10.149999618530273,523,10.660900020599366,10.552349948883057,1.0,1.0
2025-05-21,10.265000343322754,10.460000038146973,10.069999694824219,10.069999694824219,2020,10.57140007019043,10.596199989318848,0.0,1.0
2025-05-22,9.831999778747559,10.34000015258789,9.831999778747559,10.34000015258789,440,10.448600006103515,10.57354998588562,0.0,0.0
2025-05-23,9.513999938964844,9.977999687194824,9.513999938964844,9.720000267028809,1730,10.29650001525879,10.53125,0.0,0.0
2025-05-26,9.767999649047852,9.845999717712402,9.586000442504883,9.8100004196167,103,10.127799987792969,10.499399995803833,0.0,0.0
2025-05-27,10.149999618530273,10.199999809265137,9.833999633789062,9.833999633789062,280,9.992799949645995,10.483399963378906,0.0,0.0
2025-05-28,10.135000228881836,10.135000228881836,9.880000114440918,9.880000114440918,0,9.90629997253418,10.47189998626709,0.0,0.0
2025-05-29,10.3100004196167,10.385000228881836,9.954000473022461,9.954000473022461,150,9.989099979400635,10.472399997711182,0.0,0.0
2025-05-30,9.934000015258789,10.300000190734863,9.934000015258789,10.069999694824219,102,10.002299976348876,10.417850017547607,0.0,0.0
2025-06-02,9.95199966430664,9.95199966430664,9.829999923706055,9.871999740600586,109,10.002499961853028,10.366949987411498,0.0,0.0
2025-06-03,9.696000099182129,9.71399974822998,9.607999801635742,9.71399974822998,2000,9.955599975585937,10.308249998092652,0.0,0.0
2025-06-04,10.055000305175781,10.055000305175781,9.720000267028809,9.741999626159668,5000,9.93459997177124,10.253000020980835,0.0,0.0
2025-06-05,10.135000228881836,10.350000381469727,10.135000228881836,10.229999542236328,0,9.964900016784668,10.206750011444091,0.0,0.0
2025-06-06,10.0,10.265000343322754,9.949999809265137,9.949999809265137,64,10.013500022888184,10.155000019073487,0.0,0.0
2025-06-09,9.675999641418457,9.899999618530273,9.675999641418457,9.720000267028809,258,10.004300022125244,10.066050004959106,0.0,0.0
2025-06-10,9.654000282287598,9.654000282287598,9.489999771118164,9.489999771118164,0,9.954700088500976,9.973750019073487,0.0,0.0
2025-06-11,9.649999618530273,9.845999717712402,9.494000434875488,9.552000045776367,3860,9.90620002746582,9.90625,0.0,0.0
2025-06-12,9.656000137329102,9.656000137329102,9.442000389099121,9.442000389099121,47,9.84079999923706,9.914949989318847,0.0,0.0
2025-06-13,9.350000381469727,9.503999710083008,9.350000381469727,9.395999908447266,50,9.782400035858155,9.892350006103516,0.0,0.0
2025-06-16,9.321999549865723,9.461999893188477,9.131999969482422,9.131999969482422,30,9.719400024414062,9.860949993133545,0.0,0.0
2025-06-17,9.154000282287598,9.25,9.152000427246094,9.173999786376953,200,9.66520004272461,9.810400009155273,0.0,0.0
2025-06-18,9.17199993133545,9.199999809265137,9.071999549865723,9.092000007629395,431,9.576900005340576,9.755749988555909,0.0,0.0
2025-06-19,9.079999923706055,9.140000343322754,8.961999893188477,8.961999893188477,100,9.471399974822997,9.718149995803833,0.0,0.0
2025-06-20,9.166000366210938,9.175999641418457,8.961999893188477,8.961999893188477,205,9.388000011444092,9.700750017166138,0.0,0.0
2025-06-23,8.911999702453613,8.989999771118164,8.814000129699707,8.883999824523926,795,9.311600017547608,9.657950019836425,0.0,0.0
2025-06-24,9.3100004196167,9.3100004196167,9.0600004196167,9.0600004196167,1,9.277200031280518,9.615950059890746,0.0,0.0
2025-06-25,9.187999725341797,9.390000343322754,9.187999725341797,9.244000434875488,51,9.23100004196167,9.568600034713745,0.0,0.0
2025-06-26,9.47599983215332,9.47599983215332,9.210000038146973,9.210000038146973,0,9.213000011444091,9.526900005340575,0.0,0.0
2025-06-27,9.197999954223633,9.61400032043457,9.197999954223633,9.515999794006348,450,9.197799968719483,9.490100002288818,0.0,0.0
2025-06-30,9.46399974822998,9.46399974822998,9.206000328063965,9.317999839782715,0,9.211999988555908,9.465700006484985,0.0,0.0
2025-07-01,9.392000198364258,9.392000198364258,9.29800033569336,9.29800033569336,50,9.235799980163574,9.450500011444092,0.0,0.0
2025-07-02,9.368000030517578,9.368000030517578,9.223999977111816,9.223999977111816,0,9.255399990081788,9.416149997711182,0.0,0.0
2025-07-03,9.21399974822998,9.277999877929688,9.20199966430664,9.229999542236328,15,9.268799972534179,9.370099973678588,0.0,0.0
2025-07-04,9.0600004196167,9.0600004196167,8.932000160217285,9.008000373840332,2032,9.258199977874757,9.323099994659424,0.0,0.0
2025-07-07,8.89799976348877,8.994000434875488,8.892000198364258,8.994000434875488,0,9.256799983978272,9.28420000076294,0.0,0.0
2025-07-08,9.055999755859375,9.055999755859375,8.869999885559082,8.881999969482422,0,9.23139991760254,9.254299974441528,0.0,0.0
2025-07-09,9.32800006866455,9.350000381469727,9.081999778747559,9.081999778747559,2042,9.245399951934814,9.238199996948243,1.0,0.0
2025-07-10,9.53600025177002,9.550000190734863,9.210000038146973,9.210000038146973,0,9.251399993896484,9.232200002670288,1.0,1.0
2025-07-11,9.442000389099121,9.489999771118164,9.390000343322754,9.390000343322754,26,9.275800037384034,9.236800003051759,1.0,1.0
2025-07-14,9.128000259399414,9.25,9.128000259399414,9.140000343322754,0,9.242200088500976,9.227100038528443,1.0,1.0
2025-07-15,9.12399959564209,9.157999992370605,9.034000396728516,9.034000396728516,0,9.21540002822876,9.225600004196167,0.0,1.0
2025-07-16,9.251999855041504,9.251999855041504,9.119999885559082,9.119999885559082,0,9.203800010681153,9.22960000038147,0.0,0.0
2025-07-17,9.392000198364258,9.510000228881836,9.300000190734863,9.378000259399414,250,9.22160005569458,9.24520001411438,0.0,0.0
2025-07-18,9.53600025177002,9.600000381469727,9.402000427246094,9.402000427246094,210,9.269200038909911,9.263700008392334,1.0,0.0
2025-07-21,9.175999641418457,9.5,9.175999641418457,9.321999549865723,510,9.29700002670288,9.276900005340575,1.0,1.0
2025-07-22,9.157999992370605,9.166000366210938,9.095999717712402,9.12600040435791,0,9.307200050354004,9.269299983978271,1.0,1.0
2025-07-23,9.479999542236328,9.479999542236328,8.800000190734863,8.800000190734863,130,9.322399997711182,9.283899974822997,1.0,1.0
2025-07-24,9.390000343322754,9.723999977111816,9.390000343322754,9.600000381469727,575,9.307800006866454,9.27960000038147,1.0,1.0
2025-07-25,9.449999809265137,9.470000267028809,9.253999710083008,9.253999710083008,0,9.308599948883057,9.292199993133545,1.0,1.0
2025-07-28,9.25,9.76200008392334,9.25,9.76200008392334,222,9.320799922943115,9.281500005722046,1.0,1.0
2025-07-29,9.15999984741211,9.27400016784668,9.15999984741211,9.21399974822998,105,9.324399948120117,9.269899988174439,1.0,1.0
2025-07-30,9.10200023651123,9.10200023651123,9.034000396728516,9.034000396728516,11,9.30939998626709,9.25659999847412,1.0,1.0
2025-07-31,9.32800006866455,9.32800006866455,9.02400016784668,9.02400016784668,18,9.30299997329712,9.26230001449585,1.0,1.0
2025-08-01,8.776000022888184,9.093999862670898,8.776000022888184,9.050000190734863,131,9.226999950408935,9.248099994659423,0.0,1.0
2025-08-04,8.675999641418457,8.744000434875488,8.675999641418457,8.722000122070312,0,9.176999950408936,9.236999988555908,0.0,0.0
2025-08-05,8.904000282287598,8.904000282287598,8.685999870300293,8.685999870300293,0,9.151599979400634,9.229400014877319,0.0,0.0
2025-08-06,8.87600040435791,8.883999824523926,8.711999893188477,8.711999893188477,5,9.091200065612792,9.206800031661988,0.0,0.0
2025-08-07,9.083999633789062,9.083999633789062,8.925999641418457,8.925999641418457,0,9.060599994659423,9.184200000762939,0.0,0.0
2025-08-08,8.98799991607666,9.083999633789062,8.86400032043457,8.86400032043457,0,9.014400005340576,9.161499977111816,0.0,0.0
2025-08-11,9.350000381469727,9.350000381469727,8.97599983215332,9.015999794006348,212,9.02440004348755,9.172599983215331,0.0,0.0
2025-08-12,9.142000198364258,9.260000228881836,9.142000198364258,9.218000411987305,0,9.022600078582764,9.17350001335144,0.0,0.0
2025-08-13,9.284000396728516,9.357999801635742,9.163999557495117,9.163999557495117,150,9.040800094604492,9.17510004043579,0.0,0.0
2025-08-14,9.215999603271484,9.215999603271484,9.109999656677246,9.173999786376953,0,9.029600048065186,9.166300010681152,0.0,0.0
2025-08-15,9.227999687194824,9.25,9.105999946594238,9.105999946594238,1880,9.07480001449585,9.150899982452392,0.0,0.0
2025-08-18,9.133999824523926,9.342000007629395,9.013999938964844,9.342000007629395,4,9.120600032806397,9.148799991607666,0.0,0.0
2025-08-19,9.59000015258789,9.616000175476074,9.053999900817871,9.053999900817871,110,9.189200019836425,9.17039999961853,1.0,0.0
2025-08-20,9.302000045776367,9.612000465393066,9.302000045776367,9.612000465393066,306,9.231799983978272,9.161500024795533,1.0,1.0
2025-08-21,9.109999656677246,9.222000122070312,9.095999717712402,9.095999717712402,0,9.23439998626709,9.147499990463256,1.0,1.0
2025-08-22,9.4399995803833,9.4399995803833,9.031999588012695,9.031999588012695,0,9.279599952697755,9.146999979019165,1.0,1.0
2025-08-25,9.454000473022461,9.458000183105469,9.303999900817871,9.303999900817871,4,9.289999961853027,9.157200002670288,1.0,1.0
2025-08-26,9.402000427246094,9.402000427246094,9.157999992370605,9.232000350952148,2,9.315999984741211,9.169300031661987,1.0,1.0
2025-08-27,9.01200008392334,9.255999565124512,9.01200008392334,9.13599967956543,0,9.288799953460693,9.164800024032592,1.0,1.0
2025-08-28,9.406000137329102,9.618000030517578,8.984000205993652,8.984000205993652,0,9.307800006866454,9.168700027465821,1.0,1.0
2025-08-29,9.434000015258789,9.567999839782715,9.343999862670898,9.343999862670898,10,9.328400039672852,9.20160002708435,1.0,1.0
2025-09-01,9.137999534606934,9.40999984741211,9.137999534606934,9.40999984741211,30,9.328800010681153,9.224700021743775,1.0,1.0
2025-09-02,8.998000144958496,9.065999984741211,8.842000007629395,9.065999984741211,240,9.269600009918213,9.229400014877319,1.0,1.0
2025-09-03,8.843999862670898,9.0600004196167,8.843999862670898,8.855999946594238,16,9.223799991607667,9.227799987792968,0.0,1.0
2025-09-04,8.76200008392334,8.857999801635742,8.684000015258789,8.697999954223633,120,9.189000034332276,9.211700010299683,0.0,0.0
2025-09-05,8.800000190734863,8.87399959564209,8.763999938964844,8.763999938964844,285,9.125000095367431,9.202300024032592,0.0,0.0
2025-09-08,8.654000282287598,8.826000213623047,8.654000282287598,8.746000289916992,78,9.045000076293945,9.167500019073486,0.0,0.0
2025-09-09,8.657999992370605,8.70199966430664,8.62399959564209,8.70199966430664,17,8.970600032806397,9.143300008773803,0.0,0.0
2025-09-10,8.609999656677246,8.64799976348877,8.503999710083008,8.503999710083008,0,8.930399990081787,9.10959997177124,0.0,0.0
2025-09-11,8.571999549865723,8.619999885559082,8.54800033569336,8.54800033569336,370,8.84699993133545,9.077399969100952,0.0,0.0
2025-09-12,8.557999610900879,8.72599983215332,8.520000457763672,8.600000381469727,305,8.759399890899658,9.043899965286254,0.0,0.0
2025-09-15,8.576000213623047,8.65999984741211,8.418000221252441,8.418000221252441,52,8.70319995880127,9.01599998474121,0.0,0.0
2025-09-16,8.248000144958496,8.557999610900879,8.248000144958496,8.494000434875488,105,8.62819995880127,8.948899984359741,0.0,0.0
2025-09-17,8.253999710083008,9.0,8.253999710083008,9.0,115,8.56919994354248,8.896499967575073,0.0,0.0
2025-09-18,8.692000389099121,8.763999938964844,8.23799991607666,8.449999809265137,2011,8.562199974060059,8.875600004196167,0.0,0.0
2025-09-19,8.86400032043457,8.960000038146973,8.718000411987305,8.718000411987305,0,8.56859998703003,8.84680004119873,0.0,0.0
2025-09-22,10.074999809265137,10.074999809265137,8.895999908447266,8.895999908447266,1730,8.710699939727784,8.877850008010864,0.0,0.0
2025-09-23,10.25,10.25,9.71399974822998,10.095000267028809,6729,8.869899940490722,8.92024998664856,0.0,0.0
2025-09-24,9.833999633789062,10.055000305175781,9.833999633789062,9.843999862670898,90,8.992299938201905,8.961349964141846,1.0,0.0
2025-09-25,9.842000007629395,9.842000007629395,9.621999740600586,9.621999740600586,500,9.119299983978271,8.98314995765686,1.0,1.0
2025-09-26,9.833999633789062,10.010000228881836,9.583999633789062,9.986000061035156,289,9.24689998626709,9.003149938583373,1.0,1.0
2025-09-29,10.039999961853027,10.045000076293945,9.70199966430664,9.70199966430664,141,9.393299961090088,9.048249959945679,1.0,1.0
2025-09-30,9.657999992370605,9.789999961853027,9.581999778747559,9.789999961853027,820,9.534299945831298,9.081249952316284,1.0,1.0
2025-10-01,9.855999946594238,9.855999946594238,9.57800006866455,9.57800006866455,50,9.694499969482422,9.13184995651245,1.0,1.0
2025-10-02,10.0,10.149999618530273,9.960000038146973,9.960000038146973,100,9.825299930572509,9.193749952316285,1.0,1.0
2025-10-03,10.095000267028809,10.149999618530273,9.84000015258789,10.149999618530273,25,9.948399925231934,9.258499956130981,1.0,1.0
2025-10-06,9.87600040435791,10.1850004196167,9.75,10.069999694824219,325,9.928499984741212,9.319599962234497,1.0,1.0
2025-10-07,9.800000190734863,9.868000030517578,9.552000045776367,9.868000030517578,175,9.883500003814698,9.37669997215271,1.0,1.0
2025-10-08,9.777999877929688,9.777999877929688,9.605999946594238,9.605999946594238,4,9.87790002822876,9.435099983215332,1.0,1.0
2025-10-09,9.734000205993652,9.972000122070312,9.588000297546387,9.588000297546387,155,9.867100048065186,9.493200016021728,1.0,1.0
2025-10-10,9.010000228881836,9.571999549865723,9.010000228881836,9.442000389099121,150,9.784700107574462,9.515800046920777,1.0,1.0
2025-10-13,9.052000045776367,9.343999862670898,9.045999526977539,9.343999862670898,89,9.685900115966797,9.539600038528443,1.0,1.0
2025-10-14,8.902000427246094,9.001999855041504,8.899999618530273,8.994000434875488,51,9.610300159454345,9.572300052642822,1.0,1.0
2025-10-15,8.800000190734863,9.071999549865723,8.800000190734863,8.883999824523926,500,9.504700183868408,9.599600076675415,0.0,1.0
2025-10-16,8.600000381469727,8.723999977111816,8.574000358581543,8.723999977111816,4152,9.364700222015381,9.595000076293946,0.0,0.0
2025-10-17,8.100000381469727,8.338000297546387,7.946000099182129,8.338000297546387,685,9.165200233459473,9.556800079345702,0.0,0.0
2025-10-20,8.107999801635742,8.107999801635742,7.980000019073486,8.026000022888184,483,8.988400173187255,9.458450078964233,0.0,0.0
2025-10-21,8.168000221252441,8.168000221252441,7.989999771118164,8.003999710083008,499,8.825200176239013,9.354350090026855,0.0,0.0
2025-10-22,8.013999938964844,8.09000015258789,8.013999938964844,8.09000015258789,100,8.64880018234253,9.263350105285644,0.0,0.0
2025-10-23,8.180000305175781,8.223999977111816,8.041999816894531,8.041999816894531,2,8.493400192260742,9.180250120162963,0.0,0.0
2025-10-24,8.088000297546387,8.170000076293945,8.0,8.027999877929688,506,8.401200199127198,9.09295015335083,0.0,0.0
2025-10-27,7.9679999351501465,8.076000213623047,7.940000057220459,7.964000225067139,3066,8.292800188064575,8.989350152015685,0.0,0.0
2025-10-28,7.920000076293945,8.0,7.8460001945495605,7.9120001792907715,1074,8.194600152969361,8.902450156211852,0.0,0.0
2025-10-29,7.823999881744385,7.926000118255615,7.823999881744385,7.868000030517578,760,8.097000122070312,8.80085015296936,0.0,0.0
2025-10-30,7.914000034332275,7.923999786376953,7.705999851226807,7.923999786376953,148,8.028400087356568,8.696550154685974,0.0,0.0
2025-10-31,7.823999881744385,7.8520002365112305,7.75,7.75,524,8.000800037384034,8.583000135421752,0.0,0.0
2025-11-03,6.934000015258789,7.9120001792907715,6.934000015258789,7.9120001792907715,1318,7.8834000587463375,8.435900115966797,0.0,0.0
2025-11-04,6.75,7.119999885559082,6.699999809265137,6.881999969482422,1970,7.741600036621094,8.283400106430054,0.0,0.0
2025-11-05,6.650000095367432,6.748000144958496,6.5980000495910645,6.748000144958496,2132,7.6052000522613525,8.127000117301941,0.0,0.0
2025-11-06,6.326000213623047,6.679999828338623,6.309999942779541,6.584000110626221,2354,7.419800043106079,7.9566001176834105,0.0,0.0
2025-11-07,6.25,6.546000003814697,6.1539998054504395,6.546000003814697,21,7.236000013351441,7.818600106239319,0.0,0.0
2025-11-10,6.23799991607666,6.513999938964844,5.98799991607666,6.311999797821045,802,7.063000011444092,7.677900099754334,0.0,0.0
2025-11-11,6.570000171661377,6.619999885559082,6.156000137329102,6.156000137329102,770,6.928000020980835,7.5613000869750975,0.0,0.0
2025-11-12,6.7779998779296875,7.001999855041504,6.585999965667725,6.5960001945495605,8311,6.823400020599365,7.460200071334839,0.0,0.0
2025-11-13,6.199999809265137,7.059999942779541,6.0,6.854000091552734,5343,6.651999998092651,7.340200042724609,0.0,0.0
2025-11-14,6.199999809265137,6.199999809265137,6.199999809265137,6.199999809265137,0,6.489599990844726,7.2452000141143795,0.0,0.0
2025-11-17,6.199999809265137,6.199999809265137,6.199999809265137,6.199999809265137,0,6.416199970245361,7.14980001449585,0.0,0.0
2025-11-18,6.199999809265137,6.199999809265137,6.199999809265137,6.199999809265137,0,6.361199951171875,7.051399993896484,0.0,0.0
2025-11-19,6.199999809265137,6.199999809265137,6.199999809265137,6.199999809265137,0,6.316199922561646,6.960699987411499,0.0,0.0
2025-11-20,6.199999809265137,6.199999809265137,6.199999809265137,6.199999809265137,0,6.303599882125854,6.861699962615967,0.0,0.0
2025-11-21,7.119999885559082,7.624000072479248,7.119999885559082,7.541999816894531,2750,6.390599870681763,6.813299942016601,0.0,0.0
2025-11-24,7.375999927520752,7.705999851226807,7.214000225067139,7.322000026702881,1330,6.5043998718261715,6.783699941635132,0.0,0.0
2025-11-25,6.855999946594238,7.22599983215332,6.8420000076293945,7.22599983215332,1350,6.532999849319458,6.730499935150147,0.0,0.0
2025-11-26,6.6579999923706055,6.7779998779296875,6.550000190734863,6.765999794006348,830,6.52099986076355,6.672199940681457,0.0,0.0
2025-11-27,6.579999923706055,6.636000156402588,6.547999858856201,6.547999858856201,16,6.558999872207641,6.605499935150147,0.0,0.0
2025-11-28,7.056000232696533,7.056000232696533,6.809999942779541,6.809999942779541,0,6.644599914550781,6.567099952697754,1.0,0.0
2025-12-01,6.5960001945495605,7.340000152587891,6.5960001945495605,7.340000152587891,317,6.684199953079224,6.550199961662292,1.0,1.0
2025-12-02,6.710000038146973,6.834000110626221,6.559999942779541,6.834000110626221,309,6.735199975967407,6.548199963569641,1.0,1.0
2025-12-03,6.682000160217285,6.691999912261963,6.553999900817871,6.553999900817871,301,6.783400011062622,6.549799966812134,1.0,1.0
2025-12-04,6.326000213623047,6.552000045776367,6.289999961853027,6.552000045776367,421,6.796000051498413,6.549799966812134,1.0,1.0
2025-12-05,6.334000110626221,6.434000015258789,6.24399995803833,6.24399995803833,106,6.717400074005127,6.553999972343445,1.0,1.0
2025-12-08,6.122000217437744,6.300000190734863,6.122000217437744,6.289999961853027,2322,6.592000102996826,6.548199987411499,1.0,1.0
2025-12-09,6.0980000495910645,6.191999912261963,6.061999797821045,6.191999912261963,1519,6.516200113296509,6.524599981307984,0.0,1.0
2025-12-10,6.078000068664551,6.127999782562256,5.98199987411499,5.98199987411499,20,6.458200120925904,6.489599990844726,0.0,0.0
2025-12-11,6.210000038146973,6.210000038146973,6.0279998779296875,6.0279998779296875,240,6.421200132369995,6.490100002288818,0.0,0.0
2025-12-12,6.3979997634887695,6.6579999923706055,6.24399995803833,6.24399995803833,141,6.355400085449219,6.5,0.0,0.0
2025-12-15,6.289999961853027,6.400000095367432,6.248000144958496,6.400000095367432,180,6.324800062179565,6.504500007629394,0.0,0.0
2025-12-16,6.159999847412109,6.369999885559082,6.159999847412109,6.369999885559082,2015,6.269800043106079,6.502500009536743,0.0,0.0
2025-12-17,5.9079999923706055,6.116000175476074,5.9079999923706055,6.046000003814697,13946,6.192400026321411,6.487900018692017,0.0,0.0
2025-12-18,6.050000190734863,6.050000190734863,5.760000228881836,5.96999979019165,186,6.164800024032592,6.480400037765503,0.0,0.0
2025-12-19,6.340000152587891,6.443999767303467,6.105999946594238,6.105999946594238,2008,6.16540002822876,6.441400051116943,0.0,0.0
2025-12-22,6.322000026702881,6.421999931335449,6.300000190734863,6.303999900817871,2031,6.185400009155273,6.38870005607605,0.0,0.0
2025-12-23,6.297999858856201,6.349999904632568,6.297999858856201,6.300000190734863,965,6.205399990081787,6.360800051689148,0.0,0.0
2025-12-29,6.4720001220703125,6.4720001220703125,5.941999912261963,6.366000175476074,831,6.244799995422364,6.351500058174134,0.0,0.0
2025-12-30,6.519999980926514,6.519999980926514,6.289999961853027,6.289999961853027,31,6.275799989700317,6.348500061035156,0.0,0.0
