Price,Close,High,Low,Open,Volume,SMA_20,SMA_50,Signal,Position
Ticker,NVDA,NVDA,NVDA,NVDA,NVDA,,,,
Date,,,,,,,,,
2020-01-02,5.971078395843506,5.971078395843506,5.891683450284185,5.942207549705271,237536000,,,0.0,0.0
2020-01-03,5.875504970550537,5.919309450404571,5.8264738602636355,5.851362780060624,205384000,,,0.0,0.0
2020-01-06,5.900144100189209,5.905370730122537,5.756038175046519,5.78217132471316,262636000,,,0.0,0.0
2020-01-07,5.971576690673828,6.017372139379928,5.88347021409633,5.928518933378317,314856000,,,0.0,0.0
2020-01-08,5.982776641845703,6.024092188442411,5.927274660437708,5.967345499763796,277108000,,,0.0,0.0
2020-01-09,6.048482418060303,6.120908991813925,5.9947226534222215,6.069140188913055,255112000,,,0.0,0.0
2020-01-10,6.080838203430176,6.186118028449944,6.066651769083089,6.155753723131289,316296000,,,0.0,0.0
2020-01-13,6.271486759185791,6.296624433254378,6.1413180125117846,6.16396722157428,319840000,,,0.0,0.0
2020-01-14,6.154508113861084,6.254063307729737,6.141316688702072,6.228676412859519,359088000,,,0.0,0.0
2020-01-15,6.111948013305664,6.1896012087473915,6.086063614825088,6.167201230265484,263104000,,,0.0,0.0
2020-01-16,6.19557523727417,6.2015485971623985,6.142064224533097,6.165459686296713,284192000,,,0.0,0.0
2020-01-17,6.204286098480225,6.2222061775969015,6.156748447081117,6.2147393592857885,253792000,,,0.0,0.0
2020-01-21,6.170934200286865,6.204534164327883,6.1368362585649106,6.167698532152198,217916000,,,0.0,0.0
2020-01-22,6.224944114685059,6.31155712176519,6.197317502973292,6.216233063669337,239240000,,,0.0,0.0
2020-01-23,6.293388843536377,6.301851143757321,6.176162771828785,6.265015974715253,244516000,,,0.0,0.0
2020-01-24,6.234151840209961,6.458649107377965,6.179894109000155,6.408871276508742,373512000,,,0.0,0.0
2020-01-27,5.978296279907227,6.0293183555907035,5.779932111084049,5.929513917591707,470536000,,,0.0,0.0
2020-01-28,6.171680450439453,6.204035705125183,5.990987197918828,6.04424944339955,310976000,,,0.0,0.0
2020-01-29,6.11120080947876,6.193333892915198,6.071378262472821,6.157244991554016,258848000,,,0.0,0.0
2020-01-30,6.117920398712158,6.131360573548575,5.958383358696446,6.0133873406747975,290504000,6.103536128997803,,0.0,0.0
2020-01-31,5.884464263916016,6.084072633373489,5.842651224069046,6.072125914926748,370420000,6.099205422401428,,0.0,0.0
2020-02-03,5.981531620025635,6.000944683491805,5.860073936086424,5.866296047468316,255564000,6.1045067548751835,,0.0,0.0
2020-02-04,6.150775909423828,6.169940698178717,6.073371923868579,6.1233985213907545,271544000,6.117038345336914,,0.0,0.0
2020-02-05,6.2411208152771,6.281938371636145,6.15774301796561,6.2717338638672375,208220000,6.130515551567077,,0.0,0.0
2020-02-06,6.327981948852539,6.327981948852539,6.194329304179947,6.275466906108434,218284000,6.147775816917419,,0.0,0.0
2020-02-07,6.261778354644775,6.310062726456048,6.23639146189148,6.287911501846782,189752000,6.158440613746643,,0.0,0.0
2020-02-10,6.545014381408691,6.545760635986493,6.279450290508295,6.284428169326887,529608000,6.1816494226455685,,0.0,0.0
2020-02-11,6.667466163635254,6.782203738856207,6.591306431955307,6.653279733113141,638556000,6.201448392868042,,0.0,0.0
2020-02-12,6.783200740814209,6.7896720787960385,6.68140534110795,6.7202319448488455,374644000,6.232883024215698,,0.0,0.0
2020-02-13,6.739395618438721,6.806595557928401,6.697831327462878,6.725209186080892,528016000,6.264255404472351,,0.0,0.0
2020-02-14,7.212531566619873,7.341455573951124,7.118203005797297,7.149562784000862,1041924000,6.315103220939636,,0.0,0.0
2020-02-18,7.381279468536377,7.399697527489978,7.089831416264805,7.109244481444673,620164000,6.373952889442444,,0.0,0.0
2020-02-19,7.832511901855469,7.850183227043785,7.503730784750705,7.503730784750705,694332000,6.457031774520874,,0.0,0.0
2020-02-20,7.68317985534668,7.872832469799487,7.375802739932594,7.784477262238204,810052000,6.529943561553955,,0.0,0.0
2020-02-21,7.319056510925293,7.596069343806653,7.234185718205437,7.570931672861622,768180000,6.581226944923401,,0.0,0.0
2020-02-24,6.80161714553833,7.015412417963896,6.67020419402814,6.724710680746953,856916000,6.60960021018982,,0.0,0.0
2020-02-25,6.522113800048828,6.938752500289047,6.420318450325689,6.876779215662279,1055496000,6.636791086196899,,0.0,0.0
2020-02-26,6.661492824554443,6.855625800296119,6.520871326944372,6.522364310618723,747732000,6.661281704902649,,0.0,0.0
2020-02-27,6.290677547454834,6.649291124091377,6.198284706095649,6.347955969591056,906416000,6.670255541801453,,0.0,0.0
2020-02-28,6.72574520111084,6.785265150014575,6.021468476636293,6.038153822353874,1133252000,6.700646781921387,,0.0,0.0
2020-03-02,6.884133815765381,6.913022406221904,6.4998696776293565,6.895838782157397,890744000,6.750630259513855,,0.0,0.0
2020-03-03,6.62164831161499,6.999686581117535,6.536228474879406,6.939917727935371,652792000,6.782636094093323,,0.0,0.0
2020-03-04,7.085355758666992,7.094819196634212,6.654272242977344,6.728983670350237,597408000,6.829365086555481,,0.0,0.0
2020-03-05,6.805934906005859,7.052730474037817,6.761357053076483,6.885875600923197,540328000,6.857605791091919,,0.0,0.0
2020-03-06,6.625382900238037,6.683906769581396,6.42515686299559,6.626378976418261,515412000,6.8724758386611935,,0.0,0.0
2020-03-09,6.112366676330566,6.460022441611554,5.931565785360691,5.974399911526816,614160000,6.865005254745483,,0.0,0.0
2020-03-10,6.501860618591309,6.501860618591309,6.126063912354889,6.388797656327091,580648000,6.862847566604614,,0.0,0.0
2020-03-11,6.138016223907471,6.390290885877348,6.040891923050568,6.36190058139597,499964000,6.836375069618225,,0.0,0.0
2020-03-12,5.386923313140869,5.880265710733373,5.374222268894185,5.6147920834446285,816540000,6.766561198234558,,0.0,0.0
2020-03-13,5.997809410095215,6.002291990483821,5.469103849526931,5.740304950543586,634836000,6.729481887817383,6.40486180305481,1.0,1.0
2020-03-16,4.891088485717773,5.6307289757681565,4.831319638794608,5.289796840505628,726972000,6.6134097337722775,6.383262004852295,1.0,1.0
2020-03-17,5.410829067230225,5.500233677807778,4.756608858076544,5.003404438318646,833632000,6.51488721370697,6.373968486785889,1.0,1.0
2020-03-18,5.050971031188965,5.228285443365078,4.499603118678141,4.9832330905825595,874268000,6.375810170173645,6.3569850254058835,1.0,1.0
2020-03-19,5.303743362426758,5.397381175638423,4.816128672882115,5.029553080920315,765512000,6.256838345527649,6.343628358840943,0.0,0.0
2020-03-20,5.123938083648682,5.735821893342123,5.1084977163710255,5.453911927886964,804636000,6.147082424163818,6.326451587677002,0.0,0.0
2020-03-23,5.296768665313721,5.391154107802196,4.943883219520599,5.122940819979483,643876000,6.071840000152588,6.31141731262207,0.0,0.0
2020-03-24,6.205507278442383,6.292172571851188,5.679292059486588,5.70295041681046,1101644000,6.056009674072266,6.313910694122314,0.0,0.0
2020-03-25,6.116849899291992,6.520289773591496,6.068038360857843,6.320561989030691,793432000,6.028777527809143,6.3108179569244385,0.0,0.0
2020-03-26,6.406230926513672,6.5302512073855095,6.225927824904156,6.324048223224364,696108000,6.034555196762085,6.31585241317749,0.0,0.0
2020-03-27,6.293914318084717,6.552663734688867,6.193054129417796,6.225927016464721,638828000,6.012963652610779,6.319491739273071,0.0,0.0
2020-03-30,6.614177227020264,6.6233917643524505,6.315332477064277,6.359412061057762,602252000,5.999465823173523,6.327863779067993,0.0,0.0
2020-03-31,6.5646185874938965,6.858482462958431,6.418931626352314,6.654271627041957,949960000,5.996614336967468,6.335070428848266,0.0,0.0
2020-04-01,6.053345203399658,6.5130679036251715,6.008767820198306,6.366634237437696,656912000,5.945013809204101,6.3327186489105225,0.0,0.0
2020-04-02,6.362151622772217,6.375350464934809,6.034418771617767,6.082482659115742,675764000,5.92282464504242,6.335462799072266,0.0,0.0
2020-04-03,6.074263572692871,6.366134774325188,5.936795093852247,6.32454562778288,663212000,5.895268678665161,6.331080293655395,0.0,0.0
2020-04-06,6.684155464172363,6.721013131709734,6.298894869543771,6.356422660936497,727884000,5.923858118057251,6.340080366134644,0.0,0.0
2020-04-07,6.450808525085449,6.929458092806241,6.407725019484068,6.905799262273358,784520000,5.921305513381958,6.349530611038208,0.0,0.0
2020-04-08,6.648046016693115,6.672949824346146,6.489907384347088,6.5598868511017985,542444000,5.94680700302124,6.359057922363281,0.0,0.0
2020-04-09,6.548430919647217,6.796720857250795,6.485424465320429,6.7738096784050175,525564000,6.004882383346557,6.367802524566651,0.0,0.0
2020-04-13,6.720266819000244,6.728983080179184,6.400254158571719,6.488662221958455,398408000,6.041005253791809,6.379849452972412,0.0,0.0
2020-04-14,7.071407794952393,7.105525657319947,6.820876370558097,6.848519500834208,530948000,6.15002121925354,6.40358832359314,0.0,0.0
2020-04-15,6.993958473205566,7.076887880789214,6.857984321807403,6.903308880606586,366148000,6.229177689552307,6.423836860656738,0.0,0.0
2020-04-16,7.339122772216797,7.446208795471153,7.136157888607355,7.149356728799016,745620000,6.343585276603699,6.447603797912597,0.0,0.0
2020-04-17,7.279852390289307,7.442722481918117,7.145870407649511,7.421305181719066,539120000,6.442390727996826,6.468378429412842,0.0,0.0
2020-04-20,7.148609161376953,7.3092381874601005,7.104280687783636,7.15334111656417,449388000,6.54362428188324,6.48479097366333,1.0,1.0
2020-04-21,6.711798191070557,7.091828531731079,6.65202935069802,7.030565814724606,735160000,6.614375758171081,6.493791370391846,1.0,1.0
2020-04-22,7.126195907592773,7.169030505274513,6.858481334583749,6.904054785314269,483356000,6.660410189628601,6.505415000915527,1.0,1.0
2020-04-23,7.072902202606201,7.300273093704423,7.04774949816932,7.168283739233758,424160000,6.708212804794312,6.513523721694947,1.0,1.0
2020-04-24,7.211865425109863,7.213857577547646,6.987981026144072,7.062692442567916,352328000,6.7484945297241214,6.52209701538086,1.0,1.0
2020-04-27,7.398395538330078,7.558277434583946,7.3216919571832015,7.346346866302099,479388000,6.8037185907363895,6.535277013778686,1.0,1.0
2020-04-28,7.255944728851318,7.575708458016222,7.250466072354914,7.545823797580013,442904000,6.835806965827942,6.536145277023316,1.0,1.0
2020-04-29,7.432762145996094,7.485557989512816,7.315465493772328,7.3906747163764015,379160000,6.879214143753051,6.53717493057251,1.0,1.0
2020-04-30,7.2788567543029785,7.432761694690941,7.26491073705107,7.378720402839211,375916000,6.940489721298218,6.52610182762146,1.0,1.0
2020-05-01,7.042270183563232,7.1946807476885954,6.993956931536458,7.0813689006672105,342096000,6.9744956493377686,6.513283634185791,1.0,1.0
2020-05-04,7.254202842712402,7.26789996153307,6.994955086490344,6.994955086490344,317556000,7.033492612838745,6.5119865608215335,1.0,1.0
2020-05-05,7.315216064453125,7.477837263737754,7.254201764682971,7.358299567249931,368896000,7.065045642852783,6.522258539199829,1.0,1.0
2020-05-06,7.416076183319092,7.520921167389781,7.35680560752675,7.394659355932291,323464000,7.113309025764465,6.540137786865234,1.0,1.0
2020-05-07,7.592394828796387,7.655650187350407,7.5039867620181475,7.555288254782303,373732000,7.160526466369629,6.558755826950073,1.0,1.0
2020-05-08,7.782408714294434,7.7886345462657625,7.630247043912532,7.664116006837052,339216000,7.22222535610199,6.5885904502868655,1.0,1.0
2020-05-11,8.03443431854248,8.0812532199306,7.748788480019479,7.777427686453684,469060000,7.287933731079102,6.614764232635498,1.0,1.0
2020-05-12,7.772449016571045,8.141023874758188,7.762736678179775,8.092212807458,493060000,7.3229857921600345,6.632530536651611,1.0,1.0
2020-05-13,7.750034809112549,8.047384694158001,7.565498035666604,7.887005024962632,625852000,7.3607896089553835,6.655098266601563,1.0,1.0
2020-05-14,7.999571323394775,8.005049980807382,7.657891961103675,7.811548018999837,602312000,7.393812036514282,6.673382577896118,1.0,1.0
2020-05-15,8.458047866821289,8.467759729126763,7.843673063373936,7.859362333253121,987660000,7.452721810340881,6.706424837112427,1.0,1.0
2020-05-18,8.716546058654785,8.882155932664498,8.647064885649483,8.726756669383285,774460000,7.531118655204773,6.748248100280762,1.0,1.0
2020-05-19,8.771585464477539,9.052498925226844,8.728999759788941,8.756393994968642,717320000,7.634108018875122,6.8014324760437015,1.0,1.0
2020-05-20,8.935449600219727,9.008168373058702,8.854512369148708,8.956368621173326,587536000,7.72457070350647,6.8501042556762695,1.0,1.0
2020-05-21,8.741450309753418,9.01763174915092,8.70384547034908,9.016636148107677,761068000,7.80799810886383,6.902172937393188,1.0,1.0
2020-05-22,8.991484642028809,9.057978074056093,8.679690457394878,8.791258595026987,1038764000,7.8969790697097775,6.974264163970947,1.0,1.0
2020-05-26,8.684172630310059,9.14638620409018,8.638599173736333,9.121481923174644,770780000,7.9612679243087765,7.027991428375244,1.0,1.0
2020-05-27,8.492416381835938,8.599501483551341,7.965951285953803,8.591781772614254,1175892000,8.023091506958007,7.100017986297607,1.0,1.0
2020-05-28,8.454312324523926,8.72675841529531,8.346976440269852,8.379849331386758,734896000,8.074169015884399,7.160887651443481,1.0,1.0
2020-05-29,8.841315269470215,8.841315269470215,8.452319232440864,8.521551519120809,745256000,8.152291941642762,7.236694536209106,1.0,1.0
2020-06-01,8.772331237792969,8.806698478293196,8.656031150738611,8.799227669489188,389876000,8.238794994354247,7.30606629371643,1.0,1.0
2020-06-02,8.791257858276367,8.80321172202104,8.624652366711704,8.762370225061078,391320000,8.315647745132447,7.379412689208984,1.0,1.0
2020-06-03,8.735722541809082,8.832100150941315,8.666490263414596,8.788269951310621,365440000,8.386673069000244,7.4481917667388915,1.0,1.0
2020-06-04,8.73672103881836,8.91286985853475,8.64802266856335,8.698351038544422,424280000,8.452705311775208,7.498816041946411,1.0,1.0
2020-06-05,8.889695167541504,8.966433232321148,8.678415525178549,8.76462181638047,481748000,8.517570328712463,7.554272947311401,1.0,1.0
2020-06-08,8.775089263916016,8.859550588229734,8.656244065795697,8.847093241462918,387736000,8.567204356193542,7.601650114059448,1.0,1.0
2020-06-09,9.01527214050293,9.078805861080788,8.72152408273164,8.770108413045627,468488000,8.616246247291565,7.656077270507812,1.0,1.0
2020-06-10,9.334931373596191,9.467728965584438,9.12240561372201,9.136607959914695,632180000,8.694370365142822,7.7104923534393315,1.0,1.0
2020-06-11,8.766371726989746,9.22979144236008,8.7561564523807,9.118919406237683,583652000,8.745187211036683,7.754527416229248,1.0,1.0
2020-06-12,8.902156829833984,9.156041713433337,8.67368562111554,9.13137603070364,570908000,8.790316486358643,7.811503648757935,1.0,1.0
2020-06-15,9.142586708068848,9.151057932425964,8.714047113327261,8.785305003482147,400004000,8.82454342842102,7.867112350463867,1.0,1.0
2020-06-16,9.037693977355957,9.235271292358194,8.808724754785406,9.193663162244485,535716000,8.840600824356079,7.926380958557129,1.0,1.0
2020-06-17,9.204626083374023,9.267411803522828,9.039438621471167,9.08279175254697,408304000,8.862252855300904,7.9767903709411625,1.0,1.0
2020-06-18,9.186687469482422,9.250968222748897,9.083538687223703,9.195656722193018,254408000,8.874814748764038,8.031507949829102,1.0,1.0
2020-06-19,9.229787826538086,9.41291375503679,9.195903884184563,9.211102283168469,524160000,8.89923162460327,8.083142786026,1.0,1.0
2020-06-22,9.494385719299316,9.498870819857128,9.241746914536822,9.268406603167174,398468000,8.924376678466796,8.142061882019043,1.0,1.0
2020-06-23,9.417898178100586,9.609744370023234,9.375543006727439,9.518554914018466,375108000,8.961062955856324,8.19601450920105,1.0,1.0
2020-06-24,9.204126358032227,9.524035985710388,9.113434939664412,9.44405786596491,449372000,8.996648454666138,8.238668880462647,1.0,1.0
2020-06-25,9.457762718200684,9.47271210611004,9.151058380419418,9.323969070455242,376072000,9.046820974349975,8.287944965362549,1.0,1.0
2020-06-26,9.123899459838867,9.467727733110355,9.094001638382315,9.467727733110355,592084000,9.060950183868409,8.32364049911499,1.0,1.0
2020-06-29,9.168745994567871,9.173231095152873,8.869764950633526,9.138599161455831,342248000,9.080770921707153,8.361418371200562,1.0,1.0
2020-06-30,9.465486526489258,9.49388931691423,9.23502227034489,9.282360571198074,367892000,9.114482355117797,8.407755918502808,1.0,1.0
2020-07-01,9.497626304626465,9.543221507665718,9.381024126433216,9.488408038637727,326648000,9.152577543258667,8.463472480773925,1.0,1.0
2020-07-02,9.579597473144531,9.704421861503496,9.545712575907153,9.60625621550432,364056000,9.194721364974976,8.51254051208496,1.0,1.0
2020-07-06,9.805825233459473,9.875089108391597,9.679505816564967,9.708656597453645,315892000,9.240527868270874,8.567198972702027,1.0,1.0
2020-07-07,9.838215827941895,10.035792195918855,9.817287255578739,9.912462837226059,357800000,9.293684196472167,8.619725980758666,1.0,1.0
2020-07-08,10.181297302246094,10.190267506077985,9.931648488925946,9.959802269166286,365480000,9.351985454559326,8.675384016036988,1.0,1.0
2020-07-09,10.473302841186523,10.534095507053468,10.198738363384658,10.344990331412106,494548000,9.408904027938842,8.73973117828369,1.0,1.0
2020-07-10,10.443649291992188,10.619051018119535,10.343490609459353,10.552777224369041,497676000,9.492767906188964,8.799948921203613,1.0,1.0
2020-07-13,10.01810073852539,10.755586606969405,9.99094302238932,10.559007283593624,457076000,9.548565101623534,8.854733800888061,1.0,1.0
2020-07-14,10.341748237609863,10.367410922178168,9.752257335870901,10.040774113605373,542676000,9.608523178100587,8.920723361968994,1.0,1.0
2020-07-15,10.19250774383545,10.397558316682144,10.02159013052711,10.378872771488924,403984000,9.666263866424561,8.979489459991456,1.0,1.0
2020-07-16,10.100322723388672,10.17207769152356,9.861885270696039,9.980979490097369,344964000,9.711048698425293,9.035191593170167,1.0,1.0
2020-07-17,10.16684627532959,10.21368655172987,10.05348316903242,10.190764916562662,266284000,9.760056638717652,9.090206995010377,1.0,1.0
2020-07-20,10.475044250488281,10.495474793400428,10.12224671574614,10.239347866244826,284852000,9.82231945991516,9.147859983444214,1.0,1.0
2020-07-21,10.293414115905762,10.524128339173833,10.25180598532388,10.477287115097871,277036000,9.862270879745484,9.19808009147644,1.0,1.0
2020-07-22,10.403290748596191,10.566484200079644,10.256540769041845,10.332282816609865,367292000,9.911540508270264,9.245457220077515,1.0,1.0
2020-07-23,10.09533977508545,10.511172069225427,9.997174125900164,10.414501453841453,411660000,9.956101179122925,9.291915035247802,1.0,1.0
2020-07-24,10.159870147705078,10.329541762567553,9.743788814776028,9.841455491581248,473292000,9.991206550598145,9.340111742019653,1.0,1.0
2020-07-27,10.386098861694336,10.406279442311487,10.183040382548999,10.197491742615112,292132000,10.054316520690918,9.387842292785644,1.0,1.0
2020-07-28,10.180798530578613,10.346733032822945,10.174570331657685,10.339009800039262,271636000,10.104919147491454,9.422297306060791,1.0,1.0
2020-07-29,10.429949760437012,10.480527147935394,10.31185253482395,10.355453730943246,284508000,10.153142309188842,9.456565380096436,1.0,1.0
2020-07-30,10.577943801879883,10.586913053355934,10.260276238263634,10.339755382635078,308880000,10.207158184051513,9.492692546844482,1.0,1.0
2020-07-31,10.578690528869629,10.729925581420863,10.39755765547587,10.527365160235048,386080000,10.257112836837768,9.52555736541748,1.0,1.0
2020-08-03,10.972846984863281,11.061046362827819,10.678849058314825,10.696040518876066,412720000,10.31546392440796,9.570185298919677,1.0,1.0
2020-08-04,11.18960952758789,11.18960952758789,10.86895281349992,11.012463703459618,310336000,10.383033609390258,9.61414779663086,1.0,1.0
2020-08-05,11.248411178588867,11.33312248989151,11.128320878944276,11.205806984213835,249924000,10.436389303207397,9.665432567596435,1.0,1.0
2020-08-06,11.296993255615234,11.31941686149948,11.14077600653465,11.31119465090716,244316000,10.477573823928832,9.721524105072021,1.0,1.0
2020-08-07,11.161455154418945,11.465668381238801,11.000005768248506,11.274071207483068,342516000,10.513464117050171,9.775666961669922,1.0,1.0
2020-08-10,11.127074241638184,11.369497853821477,10.819621877894193,11.295749813064376,427796000,10.568912792205811,9.821382141113281,1.0,1.0
2020-08-11,10.813142776489258,11.098918523004569,10.759076349780809,11.036131858187444,354512000,10.59248251914978,9.862198371887207,1.0,1.0
2020-08-12,11.401388168334961,11.428046911514224,10.92102515984254,10.953415024322775,464412000,10.652926540374756,9.914400978088379,1.0,1.0
2020-08-13,11.404128074645996,11.681931581652819,11.317174705404247,11.506777872851407,374460000,10.718116807937623,9.967769088745117,1.0,1.0
2020-08-14,11.5247163772583,11.664988170804342,11.401636045031081,11.490831482358997,366436000,10.786010313034058,10.023528995513916,1.0,1.0
2020-08-17,12.295089721679688,12.367592673016757,11.777105728052597,11.810989671187695,621300000,10.877012586593628,10.09163688659668,1.0,1.0
2020-08-18,12.219098091125488,12.453549380710092,12.045191382124148,12.407705171039536,503448000,10.973296785354615,10.160517063140869,1.0,1.0
2020-08-19,12.09726619720459,12.273166002432632,12.056903135448286,12.254729469703312,622624000,11.057995557785034,10.222156944274902,1.0,1.0
2020-08-20,12.099759101867676,12.332964453185477,11.83839996900331,11.934323558104943,921388000,11.158216524124146,10.277453498840332,1.0,1.0
2020-08-21,12.64041519165039,12.765239587965969,12.153823018009948,12.160301181206735,999868000,11.282243776321412,10.354934368133545,1.0,1.0
2020-08-24,12.67703914642334,12.868636319650925,12.465011429685445,12.83998356587323,490564000,11.396790790557862,10.430432014465332,1.0,1.0
2020-08-25,12.70668888092041,12.717900209018433,12.531037137240192,12.587843670733813,289076000,11.52308530807495,10.501714057922364,1.0,1.0
2020-08-26,12.729610443115234,12.82478602619739,12.634683873931435,12.755771158963569,321244000,11.638068342208863,10.575552387237549,1.0,1.0
2020-08-27,12.585352897644043,12.80634988794029,12.523812247203733,12.73808206029818,317604000,11.73843879699707,10.64316692352295,1.0,1.0
2020-08-28,13.103087425231934,13.103336439127528,12.599553765736271,12.631943630422956,537160000,11.864658641815186,10.72149492263794,1.0,1.0
2020-08-31,13.329069137573242,13.52888760584834,12.993462995536403,13.137969958430778,500840000,11.982469749450683,10.803480548858643,1.0,1.0
2020-09-01,13.778169631958008,13.950383810695971,13.394860672886267,13.438225815701944,511316000,12.11189775466919,10.889156227111817,1.0,1.0
2020-09-02,14.302042007446289,14.681113627395069,13.856924891107246,14.658184187185185,874012000,12.26457929611206,10.986839103698731,1.0,1.0
2020-09-03,12.975168228149414,13.841474893223765,12.838841762272093,13.785897755272424,945128000,12.348488044738769,11.062259941101074,1.0,1.0
2020-09-04,12.583385467529297,13.134173137133722,11.668479059045653,12.744134944953624,1463684000,12.419584560394288,11.124772396087646,1.0,1.0
2020-09-08,11.87608528137207,12.511111492493251,11.667982363380093,11.698138224569675,795728000,12.457035112380982,11.17981611251831,1.0,1.0
2020-09-09,12.675597190856934,12.769554842405869,12.193844135233684,12.361572823047036,736200000,12.550157833099366,11.249953136444091,1.0,1.0
2020-09-10,12.27359676361084,13.024761680428526,12.129294745131679,12.94899698858996,698684000,12.59376826286316,11.306115341186523,1.0,1.0
2020-09-11,12.126806259155273,12.613294016291684,11.858888841112012,12.446811679539705,636928000,12.629902172088624,11.3586989402771,1.0,1.0
2020-09-14,12.83236312866211,13.273741182740684,12.5921106768219,13.040467009993598,1201744000,12.695284509658814,11.42375425338745,1.0,1.0
2020-09-15,12.950745582580566,13.25754172133773,12.788001467995608,13.23884963092498,727556000,12.728067302703858,11.486652660369874,1.0,1.0
2020-09-16,12.47572135925293,13.05217948485614,12.474974093966145,12.917099400279763,556384000,12.74089846611023,11.539402770996094,1.0,1.0
2020-09-17,12.424877166748047,12.550736199701985,11.99745577232178,12.09465347967906,792512000,12.757279014587402,11.584274368286133,1.0,1.0
2020-09-18,12.15147590637207,12.593351992533476,11.951597713247807,12.554722381742781,698460000,12.759864854812623,11.617837829589844,1.0,1.0
2020-09-21,12.478461265563965,12.483694973903694,11.867610018715604,11.88804667529522,721044000,12.7517671585083,11.658534069061279,1.0,1.0
2020-09-22,12.598587036132812,12.608805364071547,12.117832199845257,12.536031626594971,646452000,12.747844552993774,11.710143795013428,1.0,1.0
2020-09-23,12.086177825927734,12.687558835924758,12.041816333774541,12.536527639776876,647012000,12.71681900024414,11.745032386779785,1.0,1.0
2020-09-24,12.309736251831055,12.530550274972123,11.97677159825077,12.034841522187119,731240000,12.695825290679931,11.787376956939697,1.0,1.0
2020-09-25,12.833856582641602,12.843576734436919,12.20780331992882,12.408927939676413,588016000,12.708250474929809,11.842047634124755,1.0,1.0
2020-09-28,12.994608879089355,13.011307311270148,12.710492147898464,12.999842588332994,573808000,12.702826547622681,11.898602886199951,1.0,1.0
2020-09-29,13.18476390838623,13.401091441820128,12.893170810331622,12.897407213832448,621460000,12.69561128616333,11.95279727935791,1.0,1.0
2020-09-30,13.488568305969238,13.580283198195941,13.109496754035215,13.116724118377205,689184000,12.681131219863891,12.01670036315918,1.0,1.0
2020-10-01,13.572311401367188,13.720101631240484,13.41903742390842,13.715367050280767,525004000,12.644644689559936,12.080080776214599,1.0,1.0
2020-10-02,13.021769523620605,13.477602123877853,13.010553893600155,13.184015396026288,552496000,12.646974754333495,12.138609371185304,1.0,1.0
2020-10-05,13.600224494934082,13.601969064421914,13.18177500481166,13.194984295527707,479820000,12.697816705703735,12.207416458129883,1.0,1.0
2020-10-06,13.693931579589844,14.098175381402928,13.622653326744505,13.787141968202581,784420000,12.788709020614624,12.273573112487792,1.0,1.0
2020-10-07,13.92072868347168,14.075498148808256,13.820540002233665,13.95636829074398,418084000,12.850965595245361,12.348371715545655,1.0,1.0
2020-10-08,13.795866012573242,14.040854902094079,13.71536672951191,14.031383838958014,378900000,12.927079057693481,12.415690040588379,1.0,1.0
2020-10-09,13.720102310180664,13.781412284485725,13.618419097926854,13.72433966527739,346892000,13.00674386024475,12.478533210754394,1.0,1.0
2020-10-12,14.181913375854492,14.302538685168608,13.869385461793655,13.946146503692344,434744000,13.07422137260437,12.550597667694092,1.0,1.0
2020-10-13,14.204097747802734,14.30403733801571,13.975309101440743,14.252198429188155,344604000,13.136888980865479,12.615222682952881,1.0,1.0
2020-10-14,14.0515718460083,14.298304361964878,13.916740866696482,14.246216365246953,276100000,13.215681505203246,12.672461929321289,1.0,1.0
2020-10-15,13.92671012878418,13.962348784110764,13.725086380494536,13.767953352964803,267224000,13.290773153305054,12.726027908325195,1.0,1.0
2020-10-16,13.76870059967041,14.07774039175941,13.749759423521498,13.99325283964249,242392000,13.371634387969971,12.7754620552063,1.0,1.0
2020-10-19,13.455923080444336,13.940167071941861,13.36520451854094,13.859916877432626,298068000,13.42050747871399,12.821351413726807,1.0,1.0
2020-10-20,13.603216171264648,13.756988333381303,13.465145135362771,13.541408020040002,229212000,13.470738935470582,12.870874252319336,1.0,1.0
2020-10-21,13.482839584350586,13.748763320474952,13.435736206877356,13.582779175429115,219596000,13.540572023391723,12.924268188476562,1.0,1.0
2020-10-22,13.319597244262695,13.569569814147943,13.190747236945244,13.480596768269912,290480000,13.591065073013306,12.962632369995116,1.0,1.0
2020-10-23,13.548135757446289,13.551126719467236,13.250062529011627,13.408320166954695,233484000,13.62677903175354,13.005512523651124,1.0,1.0
2020-10-26,13.100525856018066,13.650317116074088,12.998094445912937,13.385390724927863,336896000,13.632074880599976,13.037028713226318,1.0,1.0
2020-10-27,13.355238914489746,13.400348640761875,13.15062416996914,13.26476942278663,250520000,13.640598630905151,13.058231697082519,1.0,1.0
2020-10-28,12.587872505187988,13.218911397491217,12.569928631745872,13.157103243405235,376520000,13.595563840866088,13.065607185363769,1.0,1.0
2020-10-29,12.983640670776367,13.15186754873431,12.710489589909798,12.798715363998193,320080000,13.566130304336548,13.083334674835205,1.0,1.0
2020-10-30,12.495160102844238,12.896412039377154,12.261885015446573,12.810180868510429,416820000,13.53979983329773,13.091242694854737,1.0,1.0
2020-11-02,12.541763305664062,12.796969540059735,12.356588928656786,12.618524351597367,299652000,13.48687677383423,13.08926965713501,1.0,1.0
2020-11-03,12.97915267944336,13.064387481335554,12.563694222748344,12.669116589846153,272900000,13.451137828826905,13.09531192779541,1.0,1.0
2020-11-04,13.751502990722656,13.784650759606524,13.295670305102623,13.347758298035835,410228000,13.442676544189453,13.116208209991456,1.0,1.0
2020-11-05,14.116119384765625,14.294564582296335,13.947643426379841,14.118612169911342,319028000,13.458689212799072,13.143938388824463,1.0,1.0
2020-11-06,14.516877174377441,14.543543896571249,13.851944182030179,14.066028077011232,383348000,13.49852795600891,13.18256887435913,1.0,1.0
2020-11-09,13.588510513305664,14.64597345153763,13.568572984005263,14.507404247847195,582976000,13.46885781288147,13.192277336120606,1.0,1.0
2020-11-10,12.730426788330078,13.564333728250565,12.589115730688853,13.564333728250565,644068000,13.395174264907837,13.180304489135743,1.0,1.0
2020-11-11,13.376421928405762,13.39336944833699,12.908127137369895,13.0133004455934,404744000,13.36141676902771,13.172269535064697,1.0,1.0
2020-11-12,13.41504955291748,13.723341113846628,13.27473578360391,13.437230778580004,365812000,13.335833740234374,13.15452968597412,1.0,1.0
2020-11-13,13.255793571472168,13.626391425687618,13.018780286834454,13.585019939663628,346312000,13.310188388824463,13.160142192840576,1.0,1.0
2020-11-16,13.473368644714355,13.607202313972754,13.115231833557882,13.131680223580256,413776000,13.311060667037964,13.177941856384278,1.0,1.0
2020-11-17,13.380653381347656,13.554113931230896,13.26252086382912,13.510499705429625,312028000,13.299932527542115,13.20803321838379,1.0,1.0
2020-11-18,13.387136459350586,13.563588009896126,13.1441421824514,13.423523328788992,510924000,13.295147371292114,13.222264003753661,1.0,1.0
2020-11-19,13.398602485656738,13.445705864591876,13.059406818491132,13.171807488212886,565936000,13.299097633361816,13.24476411819458,1.0,1.0
2020-11-20,13.047192573547363,13.452681814970418,13.024512222080595,13.41230763297263,341088000,13.27405047416687,13.263171844482422,1.0,1.0
2020-11-23,13.099281311035156,13.341029190796476,12.975166845400635,13.130434471634414,361356000,13.273988246917725,13.268510208129882,1.0,1.0
2020-11-24,12.917596817016602,13.121213270629385,12.845072163597615,13.101773917836427,346500000,13.252106142044067,13.267847232818603,0.0,0.0
2020-11-25,13.193740844726562,13.228383153812102,12.979656926778521,12.992118004367416,259916000,13.282399559020996,13.282207622528077,1.0,1.0
2020-11-27,13.220155715942383,13.365953240464343,13.129687189722432,13.33355368493512,167276000,13.294225311279297,13.298113193511963,0.0,0.0
2020-11-30,13.359971046447754,13.370937590814925,12.932051446429709,13.223894627264986,286952000,13.337465858459472,13.322283096313477,1.0,1.0
2020-12-01,13.348504066467285,13.48682414937572,13.187254546761919,13.450437287507862,296948000,13.377802896499634,13.339683952331542,1.0,1.0
2020-12-02,13.50252914428711,13.631129114745079,13.193240254326906,13.309130061070027,283360000,13.403971719741822,13.35776279449463,1.0,1.0
2020-12-03,13.35843276977539,13.621692359204236,13.29162122454906,13.549395446698242,199520000,13.384318208694458,13.383207893371582,1.0,1.0
2020-12-04,13.52022933959961,13.521974424507142,13.351204314555789,13.410786363398698,202244000,13.354523706436158,13.407417755126954,0.0,0.0
2020-12-07,13.56859016418457,13.692741284764036,13.462140002695598,13.563105748395882,223244000,13.307109355926514,13.422112426757813,0.0,0.0
2020-12-08,13.312562942504883,13.56061510598697,13.24425451987971,13.546903589065858,271920000,13.293311977386475,13.428471508026123,0.0,0.0
2020-12-09,12.894488334655762,13.37638282728768,12.832163602712681,13.263201471655023,401300000,13.301515054702758,13.422665996551514,0.0,0.0
2020-12-10,12.935872077941895,13.032101859901006,12.813466022626018,12.83291206940528,207764000,13.279487562179565,13.411612071990966,0.0,0.0
2020-12-11,12.976757049560547,12.983488226921267,12.787040175578497,12.930885568917091,209264000,13.25757293701172,13.399700984954833,0.0,0.0
2020-12-14,13.271428108215332,13.351203686233916,13.040826798286616,13.051297307239059,270156000,13.258354663848877,13.404694156646729,0.0,0.0
2020-12-15,13.323031425476074,13.426240578658746,13.14976877545948,13.402058556239172,193016000,13.250837802886963,13.399150295257568,0.0,0.0
2020-12-16,13.205366134643555,13.39956985591814,13.175449574906734,13.384860738064194,223116000,13.242073440551758,13.389378986358643,0.0,0.0
2020-12-17,13.303834915161133,13.34197761269688,13.141541103685608,13.329262746185139,231384000,13.237908363342285,13.377041110992431,0.0,0.0
2020-12-18,13.234780311584473,13.367406748141065,13.03384545910226,13.34147963972401,342064000,13.229717254638672,13.365819396972656,0.0,0.0
2020-12-21,13.29486083984375,13.332505217650821,12.931133831680992,13.038083274086588,302332000,13.24210066795349,13.357314567565918,0.0,0.0
2020-12-22,13.241013526916504,13.299848088352803,13.017392551262413,13.281898915745092,185580000,13.24918727874756,13.338496570587159,0.0,0.0
2020-12-23,12.972770690917969,13.237775437789375,12.968533034312372,13.218828662081721,179144000,13.251945972442627,13.313870029449463,0.0,0.0
2020-12-24,12.957310676574707,13.095671649944181,12.902465562166906,13.000688634360822,97884000,13.240124464035034,13.29198480606079,0.0,0.0
2020-12-28,12.863823890686035,13.025868569074484,12.727458111823653,13.025868569074484,212564000,13.222307872772216,13.270727081298828,0.0,0.0
2020-12-29,12.906953811645508,13.035841889453641,12.806237206576865,12.888755475813793,170372000,13.199657011032105,13.25349214553833,0.0,0.0
2020-12-30,13.108885765075684,13.176694914698261,12.860584432443018,12.953821418799093,225396000,13.187676095962525,13.246551399230958,0.0,0.0
2020-12-31,13.018390655517578,13.114121164807875,12.87878290992759,13.099662161368183,192424000,13.163469171524047,13.234854888916015,0.0,0.0
2021-01-04,13.076723098754883,13.614211993968489,12.926146552355492,13.067499352119409,560640000,13.149383687973023,13.226732559204102,0.0,0.0
2021-01-05,13.36716079711914,13.405801831570836,13.050301842015084,13.063015761821758,322760000,13.141730260848998,13.227683830261231,0.0,0.0
2021-01-06,12.579124450683594,13.20785614214832,12.550704770549924,13.185419202200734,580424000,13.09225697517395,13.208303604125977,0.0,0.0
2021-01-07,13.30657958984375,13.340235478052634,12.850363041122911,12.931135270824335,461480000,13.091957807540894,13.21242467880249,0.0,0.0
2021-01-08,13.239516258239746,13.383361639460059,13.005424797193161,13.325026358914794,292528000,13.109209203720093,13.21011022567749,0.0,0.0
2021-01-11,13.583301544189453,13.921849917900058,13.32502802714216,13.381119906111909,518344000,13.14158067703247,13.230018806457519,0.0,0.0
2021-01-12,13.446932792663574,13.71592689180554,13.307575183083843,13.713931694212436,291476000,13.165089464187622,13.239284648895264,0.0,0.0
2021-01-13,13.493802070617676,13.586790839609762,13.347464109941011,13.452169197546132,210028000,13.17620816230774,13.259257488250732,0.0,0.0
2021-01-14,13.163229942321777,13.561609449275576,13.143535688218217,13.536929103411671,283120000,13.168218088150024,13.271686820983886,0.0,0.0
2021-01-15,12.82343864440918,13.287882305059432,12.812469810724464,13.190905033846901,277780000,13.149121713638305,13.268572540283204,0.0,0.0
2021-01-19,12.988723754882812,13.057280388815155,12.807981463243154,12.979748217546279,226188000,13.13336615562439,13.253316955566406,0.0,0.0
2021-01-20,13.328269004821777,13.392837146187576,13.020135512164993,13.074980630078048,258572000,13.138040590286256,13.23755994796753,0.0,0.0
2021-01-21,13.828611373901367,13.959992011036567,13.215834583904515,13.380870156744221,337780000,13.164728116989135,13.223794631958008,0.0,0.0
2021-01-22,13.674046516418457,13.802934593706915,13.58903567654734,13.701469552054299,246820000,13.186379766464233,13.225505352020264,0.0,0.0
2021-01-25,13.614962577819824,13.789721185785888,13.19938129579068,13.74310221612875,251112000,13.218489360809325,13.243196067810059,0.0,0.0
2021-01-26,13.397573471069336,13.606485325863583,13.34995690590269,13.542415511367036,163980000,13.240502500534058,13.24361909866333,0.0,0.0
2021-01-27,12.881523132324219,13.195639311128085,12.757870336744448,13.192896627758461,371272000,13.241387462615966,13.232948570251464,1.0,1.0
2021-01-28,13.01440143585205,13.302342356675961,12.924155341787754,12.959805478023089,228316000,13.246759843826293,13.228120727539062,1.0,1.0
2021-01-29,12.953323364257812,13.297356163278318,12.875292865521274,13.03833420279187,271552000,13.2389817237854,13.217719821929931,1.0,1.0
2021-02-01,13.199878692626953,13.233533625868915,12.866565612653634,13.016643847976683,217204000,13.248056125640868,13.214104328155518,1.0,1.0
2021-02-02,13.5187349319458,13.533941422844492,13.248244838960066,13.36117799763432,220440000,13.270156717300415,13.216736297607422,1.0,1.0
2021-02-03,13.49255657196045,13.89268122482267,13.478595893291107,13.597759985933012,245408000,13.27642650604248,13.218615379333496,1.0,1.0
2021-02-04,13.625931739807129,13.635155488119919,13.300347404064619,13.493055176707028,201340000,13.328766870498658,13.230190162658692,1.0,1.0
2021-02-05,13.552887916564941,13.698728527166663,13.50776486683177,13.686512931697463,169152000,13.341082286834716,13.239262294769286,1.0,1.0
2021-02-08,14.398260116577148,14.43316181497627,13.688755187120892,13.688755187120892,434624000,13.399019479751587,13.268875560760499,1.0,1.0
2021-02-09,14.223251342773438,14.542353649548263,14.182615117513894,14.300533397758027,287560000,13.431016969680787,13.289465770721435,1.0,1.0
2021-02-10,14.722846984863281,14.863202216590143,14.301282965701423,14.422691425140114,485352000,13.49481267929077,13.319519596099854,1.0,1.0
2021-02-11,15.20798397064209,15.22942426691182,14.883148028404765,14.938243265667598,450828000,13.580521774291991,13.35647985458374,1.0,1.0
2021-02-12,14.919297218322754,15.248371783841602,14.733568800276052,15.00779823887516,374756000,13.66832513809204,13.38789571762085,1.0,1.0
2021-02-16,15.287259101867676,15.329391251477393,14.908075461379754,15.022005252212074,321960000,13.791516160964965,13.423590316772462,1.0,1.0
2021-02-17,14.864201545715332,15.180811343673051,14.738554464810823,15.128457838546128,274756000,13.885290050506592,13.45370569229126,1.0,1.0
2021-02-18,14.787416458129883,14.83154190660509,14.5341280721423,14.687696501315875,233868000,13.958247423171997,13.479049434661865,1.0,1.0
2021-02-19,14.8846435546875,15.134440830821628,14.805117128097887,14.982368317869703,271724000,14.011049032211304,13.505370502471925,1.0,1.0
2021-02-22,14.315491676330566,15.090811453956276,14.284827635904886,14.733316330627298,325884000,14.043121290206908,13.525429077148438,1.0,1.0
2021-02-23,14.10234260559082,14.198821553836638,13.351952265234438,14.035779263801077,391780000,14.067490291595458,13.549586162567138,1.0,1.0
2021-02-24,14.458340644836426,14.466069421564784,13.717424178877225,14.08314643202328,448320000,14.120528650283813,13.58003553390503,1.0,1.0
2021-02-25,13.270181655883789,14.33443901715153,13.179188080871866,14.00611199836621,824436000,14.139961576461792,13.585904026031494,1.0,1.0
2021-02-26,13.676039695739746,13.815646473279205,13.323530680452917,13.713932284643422,500932000,14.173043489456177,13.593996257781983,1.0,1.0
2021-03-01,13.802933692932129,13.885950280412095,13.515242901527062,13.836090305328044,353184000,14.215524005889893,13.603594303131104,1.0,1.0
2021-03-02,13.36865234375,13.88145993841,13.358430998447613,13.861017247805227,264116000,14.223962688446045,13.606860027313232,1.0,1.0
2021-03-03,12.768841743469238,13.413777543276217,12.762858052083374,13.388598869860433,377592000,14.186468029022217,13.596160163879395,1.0,1.0
2021-03-04,12.335562705993652,12.938617576319587,12.049866094780588,12.764855584428998,573344000,14.128618335723877,13.578175811767577,1.0,1.0
2021-03-05,12.426555633544922,12.514807484700661,11.646498815490384,12.514807484700661,542840000,14.068649530410767,13.560809707641601,1.0,1.0
2021-03-08,11.560737609863281,12.436274612399806,11.53406206584906,12.415084435154712,543112000,13.969042015075683,13.527204189300537,1.0,1.0
2021-03-09,12.489448547363281,12.585710586701868,12.029582238014875,12.100407665853615,521824000,13.87360143661499,13.517537746429444,1.0,1.0
2021-03-10,12.437575340270996,12.948065579929416,12.426851970545927,12.808909118795265,384376000,13.784317636489869,13.507143039703369,1.0,1.0
2021-03-11,12.961536407470703,13.014157231172472,12.70317370933916,12.91814346853214,299916000,13.69625210762024,13.509097290039062,1.0,1.0
2021-03-12,12.824373245239258,12.857042807221505,12.559027830206189,12.617134005807182,243964000,13.577071571350098,13.507445678710937,1.0,1.0
2021-03-15,13.158799171447754,13.17426110970681,12.73584243101685,12.833102427316174,221988000,13.489046669006347,13.508443946838378,0.0,0.0
2021-03-16,13.258553504943848,13.479258807224893,13.084482313956556,13.32364243314881,272128000,13.387611389160156,13.513247203826904,0.0,0.0
2021-03-17,13.308427810668945,13.42015177728811,12.95754282534953,13.007669251823732,243864000,13.309822702407837,13.517881298065186,0.0,0.0
2021-03-18,12.691202163696289,13.151567029011133,12.685715853663865,13.104184222736647,293896000,13.205011987686158,13.504362125396728,0.0,0.0
2021-03-19,12.814148902893066,12.889712905578849,12.581473040159986,12.718634595532432,299208000,13.101487255096435,13.509062614440918,0.0,0.0
2021-03-22,13.153810501098633,13.36154823506086,12.874998085903743,12.880983842945088,297804000,13.04340319633484,13.506007232666015,0.0,0.0
2021-03-23,13.038595199584961,13.311671106919352,12.989216509091099,13.221643113543065,222048000,12.990215826034547,13.50198881149292,0.0,0.0
2021-03-24,12.611895561218262,13.126876100797682,12.605661508156414,13.118895409337917,245840000,12.897893571853638,13.482560691833497,0.0,0.0
2021-03-25,12.504411697387695,12.683470687202513,12.241809920894694,12.468750209276983,295144000,12.859605073928833,13.46371026992798,0.0,0.0
2021-03-26,12.807663917541504,12.82462229390924,12.343059962632033,12.523614443030619,363968000,12.81618628501892,13.449987506866455,0.0,0.0
2021-03-29,12.916396141052246,13.03036526004874,12.66875684725543,12.78871077199155,273520000,12.771859407424927,13.445050830841064,0.0,0.0
2021-03-30,12.840084075927734,12.943329820806323,12.673744343397683,12.810407393306773,200204000,12.745430994033814,13.445383739471435,0.0,0.0
2021-03-31,13.315412521362305,13.437361379878029,12.950561986434117,12.983480795926578,314776000,12.772759532928466,13.451917514801025,0.0,0.0
2021-04-01,13.777771949768066,13.835878123071739,13.47801034601489,13.5388611010894,308276000,12.844869995117188,13.46090757369995,0.0,0.0
2021-04-05,13.953088760375977,13.979523315095443,13.699214481896792,13.833384093236818,255672000,12.92119665145874,13.463397121429443,0.0,0.0
2021-04-06,13.827399253845215,14.019675048728104,13.739616396250584,13.965309496536149,191744000,13.034529733657838,13.466464176177979,0.0,0.0
2021-04-07,14.108704566955566,14.208457976713019,13.677767211137832,13.84660035897789,251284000,13.11549253463745,13.476339015960694,0.0,0.0
2021-04-08,14.281779289245605,14.435899213055192,14.213945783814793,14.217687357595498,244416000,13.207702732086181,13.49402313232422,0.0,0.0
2021-04-09,14.36457633972168,14.372557033042524,14.140130399264722,14.179034019799065,195172000,13.277854728698731,13.523684196472168,0.0,0.0
2021-04-12,15.171585083007812,15.314732396380426,14.104466864397924,14.254596927138556,869324000,13.395215320587159,13.566827869415283,0.0,0.0
2021-04-13,15.640929222106934,15.66137897628518,15.088541367908734,15.194031314483128,676212000,13.519321823120118,13.620579986572265,0.0,0.0
2021-04-14,15.23941707611084,15.68182557627376,15.190038388116491,15.58656052594978,385500000,13.618365001678466,13.661370754241943,0.0,0.0
2021-04-15,16.097553253173828,16.17436349825913,15.59304674396962,15.623970620941911,598480000,13.75782127380371,13.712947120666504,1.0,1.0
2021-04-16,15.8733549118042,16.125982027135557,15.826220403097025,16.01350839262557,335208000,13.916928911209107,13.760563087463378,1.0,1.0
2021-04-19,15.323957443237305,15.768611067379295,15.195524339740611,15.49827785931113,404420000,14.042419338226319,13.794523601531983,1.0,1.0
2021-04-20,15.133928298950195,15.458876336209281,14.926190558835732,15.28555384611717,334132000,14.141425228118896,13.826144409179687,1.0,1.0
2021-04-21,15.322710037231445,15.324704972178079,15.065095154602076,15.081554081407855,216776000,14.25563097000122,13.844633407592774,1.0,1.0
2021-04-22,14.813716888427734,15.400519884321316,14.747130576116172,15.337175698398932,277788000,14.365722036361694,13.856442718505859,1.0,1.0
2021-04-23,15.227697372436523,15.297275618549515,14.863595508360055,14.897511312075965,227500000,14.501886320114135,13.866539726257324,1.0,1.0
2021-04-26,15.439921379089355,15.440919322295558,15.087790126519275,15.147642935688191,197796000,14.633499193191529,13.87117847442627,1.0,1.0
2021-04-27,15.343908309936523,15.63194762998392,15.316725060501184,15.540173958472135,164572000,14.754874801635742,13.879670696258545,1.0,1.0
2021-04-28,15.239167213439941,15.494039448295446,15.178068161200418,15.32670177309296,209416000,14.874828958511353,13.87870885848999,1.0,1.0
2021-04-29,15.28704833984375,15.398523064906703,15.034421258054362,15.362112884221467,173196000,14.973410749435425,13.887165794372558,1.0,1.0
2021-04-30,14.972573280334473,15.327198902340966,14.960104223015762,15.137168261722612,201912000,15.033150815963745,13.89086893081665,1.0,1.0
2021-05-03,14.800250053405762,15.209241257751458,14.751121563712845,15.08779089742156,203912000,15.075508880615235,13.889181060791016,1.0,1.0
2021-05-04,14.315943717956543,14.601489619166298,13.975783018917165,14.601240371190695,405324000,15.0999361038208,13.889190101623536,1.0,1.0
2021-05-05,14.422930717468262,14.777057880701475,14.35210528482162,14.672814191288305,292024000,15.115647411346435,13.895601863861083,1.0,1.0
2021-05-06,14.48727035522461,14.53540184870253,14.18302136153679,14.459588610408613,193380000,15.125921964645386,13.896180458068848,1.0,1.0
2021-05-07,14.775811195373535,14.933920995149085,14.635656764528989,14.771821324795141,229328000,15.14648370742798,13.926293048858643,1.0,1.0
2021-05-10,14.230657577514648,14.769578440148377,14.214946389474555,14.750874373054447,268904000,15.09943733215332,13.93738540649414,1.0,1.0
2021-05-11,14.271056175231934,14.319436925882222,13.71617493345528,13.790990242826654,285584000,15.030943679809571,13.946747856140137,1.0,1.0
2021-05-12,13.724654197692871,14.225169885401517,13.67552570275034,13.975036189887499,303408000,14.955205535888672,13.953867893218995,1.0,1.0
2021-05-13,13.631630897521973,14.046109333462992,13.42588811866728,13.999224078927785,285404000,14.831909418106079,13.97112367630005,1.0,1.0
2021-05-14,14.207963943481445,14.292754891638372,13.71468019487798,13.855832593556704,258616000,14.748639869689942,14.008571701049805,1.0,1.0
2021-05-17,14.13064956665039,14.134390188646014,13.819417829880699,14.122170379507207,216980000,14.688974475860595,14.042653579711914,1.0,1.0
2021-05-18,13.981270790100098,14.368815282209768,13.969549474724266,14.231902974365962,186256000,14.631341600418091,14.09106424331665,1.0,1.0
2021-05-19,14.031147003173828,14.044863252937322,13.509932366145637,13.533124795954503,344000000,14.56676344871521,14.12189821243286,1.0,1.0
2021-05-20,14.576553344726562,14.647628031207587,14.235394659351991,14.267315528168957,321592000,14.554905271530151,14.164677772521973,1.0,1.0
2021-05-21,14.954870223999023,15.184554169231506,14.832921353406686,15.126447037395607,672992000,14.541263914108276,14.20454444885254,1.0,1.0
2021-05-24,15.57359504699707,15.706267289464801,15.138666782179941,15.175076969588284,554816000,14.547947597503661,14.259528884887695,1.0,1.0
2021-05-25,15.60925579071045,15.779585403800763,15.444412487570158,15.727214784284769,435408000,14.561214971542359,14.30853801727295,1.0,1.0
2021-05-26,15.661375999450684,15.75489536364087,15.54790633225724,15.69554199926276,370440000,14.582325410842895,14.356594467163086,1.0,1.0
2021-05-27,15.449898719787598,15.711254271384014,15.42196772285293,15.661127835434264,581476000,14.590467929840088,14.39942388534546,1.0,1.0
2021-05-28,16.204538345336914,16.237458110287374,15.462868522430515,15.462868522430515,644536000,14.65206618309021,14.469690608978272,1.0,1.0
2021-06-01,16.224485397338867,16.347931629920918,15.864124228355527,16.22997265762719,472804000,14.723277950286866,14.537897338867188,1.0,1.0
2021-06-02,16.736968994140625,16.877124331609483,16.195554955014792,16.21226407864065,594168000,14.844329214096069,14.609560508728027,1.0,1.0
2021-06-03,16.928007125854492,17.216546950650407,16.542209187204445,16.659669712250608,580008000,14.96958303451538,14.687348747253418,1.0,1.0
2021-06-04,17.535009384155273,17.61755424083514,17.053446982678363,17.07040345886154,617120000,15.121969985961915,14.785811023712158,1.0,1.0
2021-06-07,17.575658798217773,17.768683328317508,17.15045876950315,17.528027688444322,575756000,15.261962366104125,14.88723596572876,1.0,1.0
2021-06-08,17.41405487060547,17.57814946975256,17.208560371373252,17.484131607589486,323848000,15.421132230758667,14.979363784790038,1.0,1.0
2021-06-09,17.319517135620117,17.535784584212863,17.21724683977424,17.476666914175155,381656000,15.573555278778077,15.067426204681396,1.0,1.0
2021-06-10,17.38611602783203,17.452967859710565,17.137673016665815,17.311284529275444,287772000,15.756628370285034,15.158346843719482,1.0,1.0
2021-06-11,17.78547477722168,17.89922071360538,17.40482582522779,17.44049548819086,416308000,15.96432056427002,15.24774808883667,1.0,1.0
2021-06-14,17.978534698486328,17.999238433971936,17.623330229927937,17.866037234035485,321376000,16.152849102020262,15.331763343811035,1.0,1.0
2021-06-15,17.74880599975586,17.9760485675202,17.688441808318867,17.87502480453141,243032000,16.333756923675537,15.407677688598632,1.0,1.0
2021-06-16,17.770503997802734,17.914682262565314,17.545257811678535,17.751048686283887,307124000,16.52321858406067,15.486539783477783,1.0,1.0
2021-06-17,18.615615844726562,18.7929688306479,17.716627352704926,17.73483614068346,809656000,16.752442026138304,15.576678009033204,1.0,1.0
2021-06-18,18.597156524658203,19.331763460015086,18.542528261234434,18.742082709800528,968856000,16.95347218513489,15.662985553741455,1.0,1.0
2021-06-21,18.386127471923828,18.4951346885807,17.782976662910134,18.394109040503217,672384000,17.125035047531128,15.743416576385497,1.0,1.0
2021-06-22,18.844602584838867,18.92143232381055,18.344970443440133,18.430280361670633,580144000,17.288585424423218,15.816876926422118,1.0,1.0
2021-06-23,19.014728546142578,19.11001641053207,18.865562217029083,18.96533947770567,332356000,17.458859062194826,15.884352912902832,1.0,1.0
2021-06-24,19.162639617919922,19.376661354418225,19.04565083784025,19.184841090247765,320924000,17.633922243118285,15.962817363739013,1.0,1.0
2021-06-25,18.988529205322266,19.302328151688936,18.85233442218494,19.237472677441232,278364000,17.81085376739502,16.020636882781982,1.0,1.0
2021-06-28,19.940404891967773,20.033945692644743,19.275890678564842,19.31804607968373,495436000,17.997647094726563,16.101977882385253,1.0,1.0
2021-06-29,19.982057571411133,20.053895490873828,19.61313175506694,19.838128621240415,367632000,18.185525703430176,16.19513988494873,1.0,1.0
2021-06-30,19.95786476135254,20.117507567563237,19.819424307190975,19.954621891960947,326568000,18.34657049179077,16.29161861419678,1.0,1.0
2021-07-01,20.16689682006836,20.410351816483264,19.97432670783761,20.080091067121554,480136000,18.508514976501466,16.388502349853514,1.0,1.0
2021-07-02,20.4412841796875,20.45949487196704,20.242479523162306,20.39463938213588,342764000,18.653828716278078,16.50105369567871,1.0,1.0
2021-07-06,20.652311325073242,20.795490483018398,20.304839002416227,20.69122385571064,446708000,18.80766134262085,16.609545974731446,1.0,1.0
2021-07-07,20.3262882232666,20.82841529094071,20.28662778206436,20.80696363579524,418428000,18.953273010253906,16.70727331161499,1.0,1.0
2021-07-08,19.85833740234375,20.088073010027667,19.656788496494755,19.81219121733982,503300000,19.080214023590088,16.797561893463136,1.0,1.0
2021-07-09,20.005510330200195,20.035444075342934,19.710171276544106,19.917956647255515,296624000,19.211183738708495,16.89288875579834,1.0,1.0
2021-07-12,20.46672821044922,20.486931440280244,20.142701974510995,20.194835290071577,321984000,19.345246410369874,16.99648235321045,1.0,1.0
2021-07-13,20.20481300354004,20.41559191282485,20.069116801359257,20.35497651465563,290708000,19.456560325622558,17.10112714767456,1.0,1.0
2021-07-14,19.797222137451172,20.37218628598519,19.708671252768255,20.312320711528482,380100000,19.558981132507324,17.20106658935547,1.0,1.0
2021-07-15,18.923927307128906,19.802712615853245,18.81641780631907,19.767541563589802,550564000,19.616652297973634,17.293226261138916,1.0,1.0
2021-07-16,18.120471954345703,19.114249610724638,18.032668986212673,18.988032725090143,688224000,19.59189510345459,17.367177085876463,1.0,1.0
2021-07-19,18.737844467163086,18.99950826063208,17.82563325949376,17.87527352298777,749060000,19.598929500579835,17.452188568115233,1.0,1.0
2021-07-20,18.570472717285156,18.795968302242148,18.12347233336527,18.688209468029523,434687000,19.608146762847902,17.528081798553465,1.0,1.0
2021-07-21,19.366682052612305,19.483421519249557,18.70017357614324,18.83986052556084,371017000,19.634250736236574,17.63080228805542,1.0,1.0
2021-07-22,19.550273895263672,19.84261930571644,19.232982752333722,19.59816711341448,323826000,19.66102800369263,17.736386642456054,1.0,1.0
2021-07-23,19.514352798461914,19.6560360937038,19.20703960152233,19.61213366468615,195672000,19.678613662719727,17.852180614471436,1.0,1.0
2021-07-26,19.250944137573242,19.398612673272545,18.87179107976758,19.26790639829814,203943000,19.691734409332277,17.96456687927246,1.0,1.0
2021-07-27,19.165136337280273,19.57821202904054,18.699177517637054,19.22200834655241,248863000,19.6529709815979,18.06371032714844,1.0,1.0
2021-07-28,19.45948028564453,19.60216083809746,18.952614440884304,19.275890857255888,202191000,19.62684211730957,18.17028694152832,1.0,1.0
2021-07-29,19.61812973022461,19.808703545405322,19.28487343150243,19.475447246683142,190781000,19.609855365753173,18.28302412033081,1.0,1.0
2021-07-30,19.455490112304688,19.586196410986457,19.220016666249848,19.374669578351813,183497000,19.57428503036499,18.391510982513427,1.0,1.0
2021-08-02,19.705930709838867,19.91646033514249,19.31779876840227,19.65604303889912,217444000,19.53751735687256,18.494098529815673,1.0,1.0
2021-08-03,19.770784378051758,20.176875767387045,19.177110872013746,19.69595097546281,301811000,19.493441009521483,18.590416812896727,1.0,1.0
2021-08-04,20.228757858276367,20.272660294584725,19.78375207608851,19.945391220735015,231309000,19.488564491271973,18.683520069122313,1.0,1.0
2021-08-05,20.59095001220703,20.686736469006593,20.29660819505483,20.454256579946396,211435000,19.525195121765137,18.783153953552247,1.0,1.0
2021-08-06,20.320552825927734,20.52409807521408,20.164900800366695,20.4782011954325,178497000,19.540947246551514,18.876337490081788,1.0,1.0
2021-08-09,20.249711990356445,20.46223602836236,20.098050750515416,20.400374106685497,146443000,19.530096435546874,18.972333755493164,1.0,1.0
2021-08-10,19.89151382446289,20.38441095043881,19.79073746939865,20.276652149351023,179238000,19.514431476593018,19.046073265075684,1.0,1.0
2021-08-11,19.655038833618164,20.0042581491868,19.3866400361588,19.9982710212323,185925000,19.507322311401367,19.114684333801268,1.0,1.0
2021-08-12,19.860580444335938,19.984302369421908,19.576216606059397,19.8256587030102,151652000,19.55415496826172,19.177156562805177,1.0,1.0
2021-08-13,20.142946243286133,20.168889193568322,19.806698431475063,19.860578772466063,183063000,19.65527868270874,19.24145534515381,1.0,1.0
2021-08-16,19.905479431152344,20.241727260005828,19.409586914753046,20.090066043847173,210876000,19.713660430908202,19.28886474609375,1.0,1.0
2021-08-17,19.414579391479492,19.72588343328819,19.224005625797794,19.641072122334368,204585000,19.75586576461792,19.325643157958986,1.0,1.0
2021-08-18,18.997509002685547,19.590183225168474,18.957597357921568,19.456481498919505,285913000,19.73740711212158,19.357312240600585,1.0,1.0
2021-08-19,19.753820419311523,20.449265542336242,18.720131086069024,19.45049795314663,766555000,19.747584438323976,19.405998306274412,1.0,1.0
2021-08-20,20.769546508789062,20.818436946088394,19.88851761093091,19.946386836987667,675741000,19.81034412384033,19.473666915893556,1.0,1.0
2021-08-23,21.908998489379883,21.947911015070833,20.903248530842916,20.924201575683597,575807000,19.943246841430664,19.55613739013672,1.0,1.0
2021-08-24,21.744367599487305,21.909997531385216,21.48694391201485,21.70445785017865,297299000,20.072208404541016,19.631454048156737,1.0,1.0
2021-08-25,22.163433074951172,22.419859572593847,21.673529472839984,21.68849539272734,347701000,20.207406044006348,19.719746589660645,1.0,1.0
2021-08-26,22.018756866455078,22.290149269083127,21.74137733496381,22.15046228289111,237940000,20.32743740081787,19.80471164703369,1.0,1.0
2021-08-27,22.585487365722656,22.671295897934026,22.1175340779144,22.134496340275508,304722000,20.48393726348877,19.884109077453612,1.0,1.0
2021-08-30,22.637372970581055,22.991580355069562,22.50067954473319,22.77905630499496,262580000,20.63050937652588,19.96491340637207,1.0,1.0
2021-08-31,22.338987350463867,22.648349605435055,22.07453267310366,22.648349605435055,259850000,20.758919525146485,20.04397060394287,1.0,1.0
2021-09-01,22.394872665405273,22.650346976918826,22.311045692279038,22.438782848035817,201767000,20.86722526550293,20.114976005554198,1.0,1.0
2021-09-02,22.349964141845703,22.546559703912333,22.2491719184046,22.47171310768264,187834000,20.955175971984865,20.18168071746826,1.0,1.0
2021-09-03,22.796043395996094,22.938749089053665,22.154365523608845,22.279108568441263,280532000,21.078950500488283,20.254348793029784,1.0,1.0
2021-09-07,22.615415573120117,22.85192789740587,22.475702069426948,22.78606358536251,198107000,21.197235679626466,20.32688652038574,1.0,1.0
2021-09-08,22.293079376220703,22.56352220177863,21.931822107945237,22.46672147869918,254434000,21.317313957214356,20.3739400100708,1.0,1.0
2021-09-09,22.13141441345215,22.491672425697235,22.08550944017978,22.266137144440457,196856000,21.441132736206054,20.416927146911622,1.0,1.0
2021-09-10,22.43179702758789,22.579491625302524,22.224224389626503,22.30206317714799,248376000,21.569693565368652,20.46640579223633,1.0,1.0
2021-09-13,22.10646629333496,22.916797475878276,21.81306999526155,22.637372339454643,297500000,21.667869567871094,20.50519718170166,1.0,1.0
2021-09-14,22.196285247802734,22.363939216302622,22.04060574701212,22.22921646157449,199755000,21.782409858703613,20.540297203063965,1.0,1.0
2021-09-15,22.29507827758789,22.321025809840197,21.92084908003349,22.26314446387039,166538000,21.926434803009034,20.573152542114258,1.0,1.0
2021-09-16,22.196285247802734,22.231213157906875,21.8819321534371,22.1374064988517,156033000,22.086373615264893,20.61055248260498,1.0,1.0
2021-09-17,21.854984283447266,22.275118448091163,21.78512847263095,22.25416170484627,294503000,22.19143180847168,20.65048542022705,1.0,1.0
2021-09-20,21.069602966308594,21.38894489978741,20.619529786404915,21.102534175277412,349440000,22.206434631347655,20.671767272949218,1.0,1.0
2021-09-21,21.202329635620117,21.380960654634446,20.90693852871404,21.37297767708859,204688000,22.17110118865967,20.686479301452636,1.0,1.0
2021-09-22,21.895902633666992,21.91486268280497,21.152433063036703,21.322083722570767,268726000,22.17867794036865,20.720301094055177,1.0,1.0
2021-09-23,22.435787200927734,22.488677753626337,21.845003134420406,22.094489243871266,248555000,22.192295646667482,20.773072395324707,1.0,1.0
2021-09-24,22.035612106323242,22.103473124845767,21.816064999304178,22.024635036486504,217655000,22.19313840866089,20.835306091308595,1.0,1.0
2021-09-27,21.615478515625,21.754192745335704,21.281168009429962,21.665374981095614,245215000,22.144637966156004,20.90520622253418,1.0,1.0
2021-09-28,20.65645408630371,21.37497539579323,20.60855241188065,21.1703968348254,343069000,22.045592021942138,20.943578414916992,1.0,1.0
2021-09-29,20.47482681274414,20.973799045887088,20.424928447373038,20.8969576569864,218394000,21.952383995056152,20.98166549682617,1.0,1.0
2021-09-30,20.673418045043945,21.02269900375307,20.645475720621462,20.725311205175426,221009000,21.866311264038085,21.007800216674806,1.0,1.0
2021-10-01,20.699363708496094,20.816121880682246,20.161470205057466,20.707346685202516,240978000,21.783781242370605,21.030782012939454,1.0,1.0
2021-10-04,19.691438674926758,20.499773082317855,19.514802475612257,20.461851089635363,345635000,21.62855100631714,21.03432373046875,1.0,1.0
2021-10-05,20.40896224975586,20.605557809774158,19.813189288670248,19.9089926262976,279282000,21.518228340148926,21.057484092712404,1.0,1.0
2021-10-06,20.657455444335938,20.677412891143845,20.038728911009176,20.078647611481795,297202000,21.436447143554688,21.087330474853516,1.0,1.0
2021-10-07,21.03167724609375,21.278169233572847,20.92888834187174,21.04864059401469,256919000,21.38146028518677,21.1187744140625,1.0,1.0
2021-10-08,20.788179397583008,21.162408551642596,20.73229475421555,21.057624845328608,151258000,21.299279403686523,21.142175407409667,1.0,1.0
2021-10-11,20.65245819091797,21.019701745235178,20.468836413759362,20.532705933838944,163388000,21.226578998565675,21.166114768981934,1.0,1.0
2021-10-12,20.628511428833008,21.013717707370695,20.48580570766781,20.785188312861532,162134000,21.148190307617188,21.184566383361815,0.0,0.0
2021-10-13,20.895959854125977,20.946855619421928,20.670424556091195,20.87500311019732,180652000,21.07823438644409,21.2070698928833,0.0,0.0
2021-10-14,21.70130157470703,21.710281948455567,21.078583653114016,21.24424280701027,243589000,21.053485202789307,21.236520767211914,0.0,0.0
2021-10-15,21.817066192626953,21.885924619456414,21.617478397899593,21.765173023380722,226994000,21.05158929824829,21.261043090820312,0.0,0.0
2021-10-18,22.176321029663086,22.245179438302365,21.599508134493956,21.70429374523038,189494000,21.106925201416015,21.29815845489502,0.0,0.0
2021-10-19,22.244178771972656,22.332994609355918,21.991698611888154,22.230205709624432,161473000,21.159017658233644,21.338047790527344,0.0,0.0
2021-10-20,22.057565689086914,22.38688726459648,21.936814127495424,22.259150122667332,146276000,21.167100811004637,21.381368827819824,0.0,0.0
2021-10-21,22.645355224609375,22.66431717444452,22.037607791883655,22.051578953476707,187590000,21.17757921218872,21.441175155639648,0.0,0.0
2021-10-22,22.679283142089844,23.082451989687545,22.514623314038865,22.776083865908273,249384000,21.20976276397705,21.497549209594727,0.0,0.0
2021-10-25,23.11838150024414,23.306992179062902,22.723195589304648,22.925777429517396,230235000,21.28490791320801,21.557057914733885,0.0,0.0
2021-10-26,24.66619300842285,25.207080642552555,23.874823758987613,23.939690683779567,485898000,21.485394859313963,21.652272186279298,0.0,0.0
2021-10-27,24.400737762451172,25.03842414765746,24.232084541266754,24.423691198422762,245990000,21.681690406799316,21.75199535369873,0.0,0.0
2021-10-28,24.889734268188477,24.89871654547079,24.47259418957567,24.826864037496623,234204000,21.892506217956544,21.86983985900879,1.0,1.0
2021-10-29,25.514448165893555,25.656156492279774,24.948614160155966,24.94961155653505,292503000,22.133260440826415,21.98505241394043,1.0,1.0
2021-11-01,25.773910522460938,25.840772236021916,25.17514348229192,25.596276915985833,265740000,22.437384033203124,22.08513969421387,1.0,1.0
2021-11-02,26.346729278564453,26.62316030481337,25.74696485932054,25.768920900082524,294112000,22.734272384643553,22.173894309997557,1.0,1.0
2021-11-03,26.54332733154297,26.728945830452645,26.18107451423238,26.61517983790427,239910000,23.028565979003908,22.26987350463867,1.0,1.0
2021-11-04,29.739744186401367,31.300528538400503,27.062258570177605,27.173030468903853,1153631000,23.46396932601929,22.421399726867676,1.0,1.0
2021-11-05,29.690845489501953,31.335456833245594,29.34954751211164,30.12495081284974,851260000,23.909102630615234,22.574841499328613,1.0,1.0
2021-11-08,30.74068260192871,31.03607369583626,29.8455251398631,30.08702828256524,503101000,24.41351385116577,22.737945404052734,1.0,1.0
2021-11-09,30.5939884185791,32.24359269017487,29.902413894633234,32.215650362073156,646746000,24.911787700653075,22.897077713012695,1.0,1.0
2021-11-10,29.3984432220459,30.78658460535375,28.718843340660385,29.295656214442552,636206000,25.33691186904907,23.038266830444336,1.0,1.0
2021-11-11,30.327529907226562,30.527119549916076,29.715791021450595,30.405370591178073,332172000,25.76822328567505,23.19691997528076,1.0,1.0
2021-11-12,30.327529907226562,30.616934698783563,29.56909192980548,29.948311870229972,413054000,26.193746471405028,23.356471290588377,1.0,1.0
2021-11-15,29.963281631469727,30.581008726244367,29.186880973756832,30.48919878124828,384909000,26.58309450149536,23.499816055297853,1.0,1.0
2021-11-16,30.14091682434082,30.32753271977368,29.644938667134358,29.697831126511854,264484000,26.977931404113768,23.650326080322266,1.0,1.0
2021-11-17,29.20085334777832,30.446289165355424,28.740800497149056,30.355474709419386,428508000,27.33509578704834,23.788481559753418,1.0,1.0
2021-11-18,31.609891891479492,32.69266078141231,31.25661944023778,32.300470838936384,781711000,27.783322620391846,23.978051109313967,1.0,1.0
2021-11-19,32.91720199584961,33.01999092531616,31.839421944726077,32.17672655199687,533867000,28.295218563079835,24.1877592086792,1.0,1.0
2021-11-22,31.89031219482422,34.57578069243723,31.834427549306902,33.4481023989034,754335000,28.733815097808836,24.383436126708986,1.0,1.0
2021-11-23,31.680744171142578,32.29348237107467,30.81652316774115,31.470177454770493,532163000,29.084542655944823,24.573125305175783,1.0,1.0
2021-11-24,32.606842041015625,32.78746977215828,30.86443045905106,31.396335881375414,435162000,29.49484786987305,24.779360580444337,1.0,1.0
2021-11-26,31.438243865966797,32.64276162923178,31.285558488884924,32.532987132035885,283069000,29.822273349761964,24.964199752807616,1.0,1.0
2021-11-29,33.30739212036133,33.34331741870342,31.97014645706555,32.29946994005568,454964000,30.211920547485352,25.1932479095459,1.0,1.0
2021-11-30,32.608829498291016,33.284439797778,31.798500284928068,33.100816111812016,622066000,30.553666496276854,25.424032440185545,1.0,1.0
2021-12-01,31.37421989440918,33.22463718044179,31.31932593232357,33.15477283002766,484368000,30.80504102706909,25.627470245361327,1.0,1.0
2021-12-02,32.06388473510742,32.41520534090074,30.965013655135916,31.153649310235703,472890000,31.081068897247313,25.830829887390138,1.0,1.0
2021-12-03,30.6336612701416,32.06688583887325,30.07174810217101,31.938133623399295,544325000,31.125764751434325,25.994787368774414,1.0,1.0
2021-12-06,29.978925704956055,30.18252985019902,27.98379011741207,29.822227763677287,658938000,31.140168762207033,26.15365364074707,1.0,1.0
2021-12-07,32.36431121826172,32.38627185620061,30.59174545827344,30.8971555680558,593053000,31.22135019302368,26.368630294799804,1.0,1.0
2021-12-08,31.764467239379883,32.22757083379196,31.360249588511806,31.937133093041922,475551000,31.27987413406372,26.59079055786133,1.0,1.0
2021-12-09,30.43105125427246,32.142737576964656,30.369170849219458,31.672645621504326,488507000,31.331504535675048,26.789915046691895,1.0,1.0
2021-12-10,30.139616012573242,31.24447612099294,29.80326766525303,31.089775108201945,488825000,31.322108840942384,26.97923900604248,1.0,1.0
2021-12-13,28.106550216674805,30.235427402083438,28.06163714769165,30.190514333100282,598344000,31.211059856414796,27.127382736206055,1.0,1.0
2021-12-14,28.282215118408203,28.62255545688328,27.197316754829743,27.64544809567348,667035000,31.12700653076172,27.299198265075685,1.0,1.0
2021-12-15,30.400108337402344,30.441029430992792,27.784175650057957,28.345089318946364,698297000,31.139966106414796,27.499021186828614,1.0,1.0
2021-12-16,28.33211326599121,31.09975242520128,28.038682990123437,31.091768471801842,707366000,31.09652910232544,27.652514343261718,1.0,1.0
2021-12-17,27.74725341796875,28.866086498078595,27.706332317032363,27.930897709289578,713758000,30.903397178649904,27.786825866699218,1.0,1.0
2021-12-20,27.66541290283203,28.089590522332035,27.092523165777568,27.25221369808307,461847000,30.640807723999025,27.9243705368042,1.0,1.0
2021-12-21,29.01878547668457,29.063698547231173,27.348020394547447,28.319140617374146,524385000,30.49723138809204,28.09169708251953,1.0,1.0
2021-12-22,29.343156814575195,29.49785781843981,28.39399529208839,28.835142056766554,395184000,30.380352020263672,28.265989990234374,1.0,1.0
2021-12-23,29.58269500732422,30.00088555963705,29.374099442198006,29.697472444063603,343022000,30.229144668579103,28.43972469329834,1.0,1.0
2021-12-27,30.885173797607422,31.026899467312578,29.58269644654039,29.60265823746476,403686000,30.201491165161134,28.623402137756347,1.0,1.0
2021-12-28,30.263378143310547,31.269428770384458,29.95397610422819,31.251463920554766,420591000,30.049290466308594,28.79232837677002,1.0,1.0
2021-12-29,29.94300079345703,30.488944203135535,29.30922816236487,30.214476220514218,343139000,29.915999031066896,28.9476619720459,1.0,1.0
2021-12-30,29.52880096435547,30.39811732399104,29.482890369605972,29.769334255327937,308864000,29.82372808456421,29.093354415893554,1.0,1.0
2021-12-31,29.354137420654297,29.97194206030295,29.274292165132447,29.616629435851035,266530000,29.688240718841552,29.2392858505249,1.0,1.0
2022-01-03,30.06276512145996,30.651624582903967,29.727414293582168,29.75735697767053,391547000,29.65969591140747,29.387634048461916,1.0,1.0
2022-01-04,29.233373641967773,30.409095675209777,28.29419292188651,30.218464956704405,527154000,29.622418308258055,29.518715858459473,1.0,1.0
2022-01-05,27.550630569458008,29.359127526177748,27.479768693565187,28.893029463658266,498064000,29.38173427581787,29.60736083984375,0.0,0.0
2022-01-06,28.12352180480957,28.38301936449731,27.012674649326257,27.586561835852063,454186000,29.199687004089355,29.676507415771486,0.0,0.0
2022-01-07,27.19432258605957,28.367052077902994,27.004689383729875,28.086595203604723,409939000,29.03785057067871,29.732379112243652,0.0,0.0
2022-01-10,27.34702491760254,27.415891757825346,25.594419420833177,26.52960811483407,594681000,28.898221015930176,29.781524925231935,0.0,0.0
2022-01-11,27.763221740722656,28.010743386947276,26.78711374014883,27.270177292552447,404089000,28.881054592132568,29.826500396728516,0.0,0.0
2022-01-12,27.94487190246582,28.539718460854097,27.554627051101964,28.012739330750005,383413000,28.86418743133545,29.869919624328613,0.0,0.0
2022-01-13,26.523618698120117,28.424934212395414,26.44676600697782,28.324129660760377,540171000,28.670362949371338,29.873457412719727,0.0,0.0
2022-01-14,26.889911651611328,27.1444197184354,26.159326499116265,26.24915265168228,395832000,28.598252868652345,29.880389099121093,0.0,0.0
2022-01-18,25.852920532226562,26.586500135365398,25.720178245364497,26.209230679570027,424270000,28.503536224365234,29.8026526260376,0.0,0.0
2022-01-19,25.01853370666504,26.49167977055228,25.003563317549837,26.02857809333129,488315000,28.371192264556885,29.70920639038086,0.0,0.0
2022-01-20,24.103309631347656,25.529547751569282,24.031448328745114,25.25507979883061,435181000,28.12541847229004,29.57645893096924,0.0,0.0
2022-01-21,23.328811645507812,24.77500970305523,23.218026180646312,23.461553938187595,718958000,27.82470121383667,29.431155395507812,0.0,0.0
2022-01-24,23.32681655883789,23.33480051437703,20.84761941977209,22.28683115524329,913982000,27.511907291412353,29.309722862243653,0.0,0.0
2022-01-25,22.280838012695312,22.898642619197854,21.957465030730408,22.50240891802153,664616000,27.081690502166747,29.14878902435303,0.0,0.0
2022-01-26,22.727968215942383,24.010483432497697,22.256880736834688,23.19506371866689,755959000,26.70492000579834,28.996797790527342,0.0,0.0
2022-01-27,21.901573181152344,23.948608321885434,21.63309226715212,23.52243384836739,573353000,26.302848625183106,28.835563621520997,0.0,0.0
2022-01-28,22.795841217041016,22.81380606550494,21.2548257675977,21.969441054751794,543774000,25.966200637817384,28.688662109375,0.0,0.0
2022-01-31,24.438655853271484,24.461612098053234,23.007428507884715,23.137176312477948,564680000,25.720426559448242,28.593418159484862,0.0,0.0
2022-02-01,24.59036636352539,25.0963861195441,23.843811420300632,25.0554650218014,518925000,25.446806621551513,28.453027648925783,0.0,0.0
2022-02-02,25.19320297241211,25.767090245411275,24.505533859706315,25.744135896688125,543419000,25.24479808807373,28.298547668457033,0.0,0.0
2022-02-03,23.901697158813477,25.02851397918987,23.734022713171655,24.4107113163615,410178000,25.062351417541503,28.138775367736816,0.0,0.0
2022-02-04,24.2719783782959,24.58736736304779,23.586306449146388,23.9256491963557,354829000,24.86977424621582,27.990600051879884,0.0,0.0
2022-02-07,24.680192947387695,25.133313778359717,24.155208910844877,24.324880318773864,376868000,24.744067764282228,27.832067070007323,0.0,0.0
2022-02-08,25.059457778930664,25.18122165390177,23.933638315079907,24.311905294054206,410359000,24.629689407348632,27.7044913482666,0.0,0.0
2022-02-09,26.653371810913086,26.67333360228873,25.30398631469552,25.57246536515148,524282000,24.574196910858156,27.571410942077637,0.0,0.0
2022-02-10,25.774070739746094,26.87294187560028,25.550504800745372,25.944741556292165,513200000,24.46565685272217,27.434715766906738,0.0,0.0
2022-02-11,23.902694702148438,26.101436285260135,23.727036302814017,25.865892523567283,605472000,24.334610652923583,27.285285263061525,0.0,0.0
2022-02-14,24.220083236694336,24.826907552973196,23.709072083831487,23.887726864389506,440424000,24.201119232177735,27.12840923309326,0.0,0.0
2022-02-15,26.44377899169922,26.493681567004096,24.73608636580203,24.90076638723711,699869000,24.230662155151368,27.044611587524415,0.0,0.0
2022-02-16,26.45974349975586,26.530607279677454,25.502597989095346,26.208231811287334,732676000,24.302722644805907,26.97422794342041,0.0,0.0
2022-02-17,24.45961570739746,25.735144573729002,24.118277908301224,25.580443580769725,810595000,24.320537948608397,26.816134033203124,0.0,0.0
2022-02-18,23.596290588378906,24.93769195223297,23.05533867775434,24.620305983753607,761255000,24.333911895751953,26.652770500183106,0.0,0.0
2022-02-22,23.344778060913086,24.017474761924387,22.955532681143488,22.990464861191477,633422000,24.334809970855712,26.511045036315917,0.0,0.0
2022-02-23,22.343719482421875,24.10830305125006,22.257887203863643,23.755984848582248,566511000,24.33795404434204,26.355127105712892,0.0,0.0
2022-02-24,23.702083587646484,23.75398309385858,20.84960958989138,20.97436790845925,735801000,24.386659812927245,26.267037773132323,0.0,0.0
2022-02-25,24.11029624938965,24.17017971684617,23.335797438813806,23.67514026050262,528866000,24.49709596633911,26.183599395751955,0.0,0.0
2022-02-28,24.337854385375977,24.617313720025166,23.661165729918974,23.945614559981106,477319000,24.57419662475586,26.062354316711424,0.0,0.0
2022-03-01,23.431608200073242,24.32986963799387,23.08727591797761,24.2440354711342,412056000,24.523844242095947,25.964344215393066,0.0,0.0
2022-03-02,24.177291870117188,24.365959685395882,23.373712936549165,23.714111250736686,389642000,24.503190517425537,25.892944984436035,0.0,0.0
2022-03-03,23.67218780517578,24.283108229788855,23.427618955251905,24.219219994125485,365095000,24.42713975906372,25.81308048248291,0.0,0.0
2022-03-04,22.895557403564453,23.63824497847324,22.44235747690305,23.342767392238667,431415000,24.37683277130127,25.69061592102051,0.0,0.0
2022-03-07,21.314346313476562,22.992383631131677,21.292385748895306,22.77676302621287,450821000,24.228951168060302,25.530039710998537,0.0,0.0
2022-03-08,21.476064682006836,22.333549276082426,20.613587838111286,21.271426231053603,557467000,24.06874475479126,25.367907104492186,0.0,0.0
2022-03-09,22.973417282104492,23.17905339926174,22.20776960420363,22.347522120331348,492742000,23.96444272994995,25.20967197418213,0.0,0.0
2022-03-10,22.618045806884766,22.74781572701485,21.8434132311393,22.491268951508776,428066000,23.762676429748534,25.056765327453615,0.0,0.0
2022-03-11,22.061031341552734,23.104188764046526,22.00712570703421,22.981404553858948,367209000,23.577024459838867,24.899125938415526,0.0,0.0
2022-03-14,21.292388916015625,22.22274473627401,21.12169091105155,21.83043806016922,385354000,23.446509170532227,24.73439769744873,0.0,0.0
2022-03-15,22.93248748779297,22.997373395671712,21.284399897959517,21.480053405797772,491996000,23.382129383087157,24.605964698791503,0.0,0.0
2022-03-16,24.452808380126953,24.553630127058703,23.131143481350605,23.458564260775105,671422000,23.282580852508545,24.493765563964843,0.0,0.0
2022-03-17,24.722332000732422,24.798196302698308,23.863847789795177,24.077471154131192,471941000,23.195710277557374,24.403544731140137,0.0,0.0
2022-03-18,26.406354904174805,26.522151490123896,24.580581386606394,24.755272049910502,730719000,23.29304723739624,24.380659217834474,0.0,0.0
2022-03-21,26.686861038208008,27.10412518053831,25.921213238309566,26.460262007525532,591727000,23.447575759887695,24.35192600250244,0.0,0.0
2022-03-22,26.47722816467285,27.18996980901101,26.026025549438742,26.679869314228366,547007000,23.604198265075684,24.33758411407471,0.0,0.0
2022-03-23,25.58879852294922,26.56507268180156,25.529902546610163,26.079929619211555,502120000,23.76645221710205,24.302419586181642,0.0,0.0
2022-03-24,28.100360870361328,28.27006117432525,25.861316069512192,26.119860134581526,877379000,23.986366081237794,24.309162368774412,0.0,0.0
2022-03-25,27.643171310424805,28.307997346511723,27.22291411401015,27.83682948218481,579016000,24.16300983428955,24.303128356933595,0.0,0.0
2022-03-28,28.169239044189453,28.200184516498037,27.158024860655512,27.70705614407583,425494000,24.354579067230226,24.33604076385498,1.0,1.0
2022-03-29,28.60546875,28.894956380033225,27.930660200124343,28.644399536496515,488984000,24.61327209472656,24.370351905822755,1.0,1.0
2022-03-30,27.64117431640625,28.44575284009706,27.454503782301863,28.25409196032564,463487000,24.786466217041017,24.406116981506347,1.0,1.0
2022-03-31,27.237884521484375,28.198188071817484,27.22191389271316,27.733010189112925,523440000,24.964751052856446,24.450503997802734,1.0,1.0
2022-04-01,26.664899826049805,27.447517830165626,26.220684779158603,27.326730894613775,517235000,25.15321817398071,24.50173580169678,1.0,1.0
2022-04-04,27.31175422668457,27.509405029535966,26.566071738835454,26.680868720371922,397120000,25.453088569641114,24.581394653320313,1.0,1.0
2022-04-05,25.885278701782227,27.270831893546518,25.77447435397992,27.205945967215584,436615000,25.673549270629884,24.6325638961792,1.0,1.0
2022-04-06,24.363967895507812,25.25539310742888,23.9606808533359,24.8900391745293,703833000,25.74307680130005,24.674226493835448,1.0,1.0
2022-04-07,24.165313720703125,24.678407313051004,23.436601401606985,24.397902669017775,557992000,25.820440196990965,24.702973403930663,1.0,1.0
2022-04-08,23.078231811523438,23.880814903915528,23.021333116459182,23.87482496633448,524781000,25.871300220489502,24.726506576538085,1.0,1.0
2022-04-11,21.878355026245117,22.28064432124628,21.621808207745975,22.174832229313022,575207000,25.900598526000977,24.70815685272217,1.0,1.0
2022-04-12,21.46607780456543,22.684925263865026,21.244469175601868,22.497257072559588,662258000,25.827278041839598,24.648705291748048,1.0,1.0
2022-04-13,22.163848876953125,22.46032606445315,21.41716862218913,21.689687961003017,516943000,25.712830066680908,24.6001749420166,1.0,1.0
2022-04-14,21.220516204833984,22.736838829968864,21.125684399232618,22.465317170334803,569097000,25.537739276885986,24.52072120666504,1.0,1.0
2022-04-18,21.744590759277344,22.049051350332444,21.041831657437864,21.162618586314927,525701000,25.304651069641114,24.477579078674317,1.0,1.0
2022-04-19,22.158857345581055,22.33354799958623,21.276415360813395,21.681699582090733,512781000,25.078250885009766,24.43531665802002,1.0,1.0
2022-04-20,21.444120407104492,22.630025292014682,21.162618078582742,22.477295203987705,468974000,24.826595497131347,24.370595207214354,1.0,1.0
2022-04-21,20.147411346435547,22.352515792807566,19.964733471590826,21.670719581173074,656209000,24.554526138305665,24.272354278564453,1.0,1.0
2022-04-22,19.480587005615234,20.44987543262351,19.465614065609277,20.267197567812772,624713000,24.123537445068358,24.128898582458497,0.0,0.0
2022-04-25,19.86690902709961,19.90983247795217,19.062330417825684,19.1681425122934,641566000,23.7347243309021,24.010755348205567,0.0,0.0
2022-04-26,18.754871368408203,19.753108075976066,18.63707940645143,19.683231811083985,653143000,23.264005947113038,23.907798881530763,0.0,0.0
2022-04-27,18.38252830505371,19.133201147980134,18.257748727324,18.565204266444386,499460000,22.752858924865723,23.791047782897948,0.0,0.0
2022-04-28,19.747119903564453,20.001671352987184,18.457398144847,18.933556381034744,570327000,22.358156204223633,23.657114601135255,0.0,0.0
2022-04-29,18.514297485351562,20.092509128467537,18.484349698064364,19.367789431189383,500435000,21.921976852416993,23.498205680847168,0.0,0.0
2022-05-02,19.498558044433594,19.53948420995558,18.35857155612756,18.508306677557925,572049000,21.563659763336183,23.398984527587892,0.0,0.0
2022-05-03,19.567434310913086,19.79004256378469,19.099261454041525,19.36579084051425,475751000,21.176443767547607,23.318407402038574,0.0,0.0
2022-05-04,20.298145294189453,20.364028903111393,18.717936368444736,19.887870698989126,648855000,20.89708709716797,23.2574747467041,0.0,0.0
2022-05-05,18.810771942138672,19.889865173375625,18.467378659821374,19.83196878609108,626331000,20.619427299499513,23.186815795898436,0.0,0.0
2022-05-06,18.642070770263672,19.477594833502064,17.95827912135431,18.702964035272345,633297000,20.34326515197754,23.08561553955078,0.0,0.0
2022-05-09,16.92011260986328,18.222809887329202,16.79732840064044,18.00220081323754,644455000,20.035359191894532,22.941811866760254,0.0,0.0
2022-05-10,17.56397247314453,18.16590978890649,16.99497790989981,17.657806577427667,761474000,19.8196400642395,22.806334228515624,0.0,0.0
2022-05-11,16.600671768188477,17.721692428111286,16.538782736450106,17.316408281522722,670167000,19.576369762420654,22.66971549987793,0.0,0.0
2022-05-12,16.1464786529541,16.758398648288527,15.53955185958914,16.19040169441591,708728000,19.275501251220703,22.509099235534666,0.0,0.0
2022-05-13,17.674776077270508,17.896384717582276,16.56373981104597,16.758395637485194,670437000,19.09821424484253,22.38915100097656,0.0,0.0
2022-05-16,17.23356056213379,17.756636828299225,17.075840102694613,17.478129423094728,521446000,18.87266273498535,22.275911064147948,0.0,0.0
2022-05-17,18.14495086669922,18.33860905502481,17.602909000272085,18.042131833684838,585830000,18.67196741104126,22.212523155212402,0.0,0.0
2022-05-18,16.90813446044922,18.08605417628394,16.834265532095618,17.67378227574179,545161000,18.445168113708498,22.12116455078125,0.0,0.0
2022-05-19,17.09380340576172,17.655810314998515,16.704489852561316,16.90713289482446,621310000,18.292487716674806,22.003572273254395,0.0,0.0
2022-05-20,16.664566040039062,17.37930322099408,15.727221518406013,17.301441630973102,739105000,18.151686668395996,21.88450267791748,0.0,0.0
2022-05-23,16.868202209472656,16.885172429110426,16.150470255550008,16.245302043892696,639889000,18.001751327514647,21.78064609527588,0.0,0.0
2022-05-24,16.125518798828125,16.567738553668264,15.752178588295978,16.48089204683315,588550000,17.870283699035646,21.67730869293213,0.0,0.0
2022-05-25,16.9450740814209,17.0808339985636,15.971792589689485,15.991757787383248,781132000,17.798410987854005,21.557560424804688,0.0,0.0
2022-05-26,17.819522857666016,18.06009712140226,15.993747492579688,16.00772274521179,996575000,17.702031135559082,21.424894714355467,0.0,0.0
2022-05-27,18.77783203125,18.84770829801262,18.068085271445213,18.15393407231878,738379000,17.715207862854005,21.30600471496582,0.0,0.0
2022-05-31,18.639081954956055,19.166150963657692,18.317649141623324,18.946537607374704,664100000,17.672234058380127,21.150659255981445,0.0,0.0
2022-06-01,18.287696838378906,19.019404173433802,18.090046008838897,18.690985716581736,544514000,17.608247184753417,20.982675971984865,0.0,0.0
2022-06-02,19.557451248168945,19.584404063861257,18.165910274840577,18.259744381633755,648656000,17.571212482452392,20.844280433654784,0.0,0.0
2022-06-03,18.686988830566406,19.29791105823147,18.489338025612042,19.048351903370342,598779000,17.565023326873778,20.70624423980713,0.0,0.0
2022-06-06,18.75287437438965,19.302903402711614,18.53126570006665,19.10525257728722,422406000,17.570563507080077,20.519294509887697,0.0,0.0
2022-06-07,18.892629623413086,18.96649855003817,18.15593002204157,18.43942965955534,388914000,17.669189357757567,20.344283676147462,0.0,0.0
2022-06-08,18.619056701660156,19.15023056017206,18.50623122330773,18.76982140154583,363252000,17.72194356918335,20.153280029296877,0.0,0.0
2022-06-09,18.01998519897461,18.903611679964875,18.01299609524454,18.452313635347775,395574000,17.792909240722658,19.941570358276365,0.0,0.0
2022-06-10,16.947656631469727,17.669534081205736,16.842818148154638,17.57268450703865,465248000,17.832968139648436,19.72770000457764,0.0,0.0
2022-06-13,15.622712135314941,16.28667984582384,15.581775412240182,15.975163876009786,604153000,17.730364942550658,19.49539655685425,0.0,0.0
2022-06-14,15.811418533325195,16.041061051837058,15.388075961207294,15.706581027600341,469680000,17.65925784111023,19.278326930999757,0.0,0.0
2022-06-15,16.501346588134766,16.841816878842977,15.901278698602091,16.070016042814906,563936000,17.577077627182007,19.06211877822876,0.0,0.0
2022-06-16,15.5767822265625,15.917253444550337,15.37709287922616,15.835380002777606,545749000,17.51051001548767,18.855948848724367,0.0,0.0
2022-06-17,15.855348587036133,15.970169836744422,15.30420544580371,15.623708384885509,630334000,17.448587274551393,18.68577646255493,0.0,0.0
2022-06-21,16.540287017822266,16.981600402488183,16.381533414039843,16.44942865985989,483089000,17.442373323440552,18.533275928497314,0.0,0.0
2022-06-22,16.334604263305664,16.63613550115512,16.154883380504458,16.200811500397187,437135000,17.4156934261322,18.398403377532958,0.0,0.0
2022-06-23,16.199813842773438,16.559253709347978,15.828390615966093,16.493356178297404,463680000,17.41940817832947,18.284832553863524,0.0,0.0
2022-06-24,17.09941291809082,17.11339112344329,16.28467969796983,16.47438527374452,472153000,17.427125120162962,18.197499256134034,0.0,0.0
2022-06-27,16.84281349182129,17.303098316739902,16.60019067372971,17.285126608804937,427968000,17.378289651870727,18.091078548431398,0.0,0.0
2022-06-28,15.957191467285156,17.175296973833603,15.920248247332506,16.873765723191674,461149000,17.237257623672484,17.98581205368042,0.0,0.0
2022-06-29,15.517873764038086,15.795442099062868,15.146451483578412,15.789451847143027,482352000,17.081197214126586,17.861277713775635,0.0,0.0
2022-06-30,15.135469436645508,15.542836100215856,14.838930531324044,15.337155541620188,686070000,16.923585844039916,17.720809955596923,0.0,0.0
2022-07-01,14.500456809997559,15.039618570774806,14.369660585584475,14.875873577381968,577610000,16.67073612213135,17.581936683654785,0.0,0.0
2022-07-05,14.94076919555664,14.947758298080863,14.033180909933423,14.152994504145994,651397000,16.48342514038086,17.477803840637208,0.0,0.0
2022-07-06,15.106514930725098,15.295221689457538,14.766043683803519,14.986701312141356,529066000,16.301107168197632,17.390322399139404,0.0,0.0
2022-07-07,15.833382606506348,15.92024744525078,15.365110796634003,15.432007177555999,492903000,16.148144817352296,17.30965187072754,0.0,0.0
2022-07-08,15.813414573669434,16.012106019018525,15.36511120957137,15.406047929888661,467972000,16.007862710952757,17.250822734832763,0.0,0.0
2022-07-11,15.128480911254883,15.502898821877375,15.014657546488467,15.501899970385464,437321000,15.863287496566773,17.185741786956786,0.0,0.0
2022-07-12,15.058589935302734,15.407048204753346,14.853908206543673,15.244301101988894,458483000,15.768834161758424,17.091971187591554,0.0,0.0
2022-07-13,15.140461921691895,15.351134848256727,14.442547507149973,14.567353481526045,521918000,15.74472165107727,17.02449447631836,0.0,0.0
2022-07-14,15.348138809204102,15.44898186604473,14.705138394189763,15.084548659761676,456235000,15.721557664871217,16.94148609161377,0.0,0.0
2022-07-15,15.737532615661621,15.757501074374188,15.421024308590031,15.63469281563619,385935000,15.683366966247558,16.86488805770874,0.0,0.0
2022-07-18,16.07600975036621,16.87077382032313,15.977164381591052,16.276697995053787,670517000,15.708328342437744,16.780445346832277,0.0,0.0
2022-07-19,16.96562385559082,17.083440714371143,16.146897048307313,16.46040880264038,702366000,15.763842105865479,16.743542385101318,0.0,0.0
2022-07-20,17.779354095458984,17.905159838188535,16.774917282436547,16.920690528118207,760538000,15.825795459747315,16.726288051605223,0.0,0.0
2022-07-21,18.0219783782959,18.115832315371943,17.517763179344158,17.85723551494267,557049000,15.910164165496827,16.748325366973877,0.0,0.0
2022-07-22,17.292118072509766,17.939111072810018,17.11039945674806,17.86522652815311,536671000,15.964779376983643,16.742888278961182,0.0,0.0
2022-07-25,16.997573852539062,17.097419003652497,16.623155964154584,16.992580547570068,480748000,15.959687423706054,16.750826320648194,0.0,0.0
2022-07-26,16.507339477539062,16.892740033046326,16.452424540325435,16.86278591155121,397865000,15.942913722991943,16.758043537139894,0.0,0.0
2022-07-27,17.762388229370117,17.908161524582788,16.886748654316154,17.005563430899105,569776000,16.03317356109619,16.759795780181886,0.0,0.0
2022-07-28,17.95608139038086,18.111839357420962,17.4129271606502,17.947096489128917,474646000,16.15508394241333,16.774246196746827,0.0,0.0
2022-07-29,18.134809494018555,18.21568315008048,17.664539858114644,17.785352344678618,435460000,16.305050945281984,16.774043369293214,0.0,0.0
2022-08-01,18.412378311157227,18.81675040946891,17.96207808023096,18.15377951960492,476469000,16.500647020339965,16.80412824630737,0.0,0.0
2022-08-02,18.497238159179688,18.908599199934613,18.06391191246353,18.09386602418229,489527000,16.67847046852112,16.83219694137573,0.0,0.0
2022-08-03,18.86367416381836,18.93855851148196,18.108847099868385,18.155775030673695,418146000,16.86632843017578,16.876179103851317,0.0,0.0
2022-08-04,19.18517303466797,19.24408146520657,18.73087939960465,18.819741947233144,409652000,17.033917951583863,16.922518520355226,1.0,1.0
2022-08-05,18.95952033996582,19.199147517032394,18.637021835643775,18.78079738012871,386068000,17.191223239898683,16.97919855117798,1.0,1.0
2022-08-08,17.765377044677734,18.210685716204278,17.215233738780228,17.474830337887887,981859000,17.323068046569823,16.995604610443117,1.0,1.0
2022-08-09,17.059480667114258,17.419920407402213,16.69804302742487,17.225223378384737,668263000,17.4231125831604,16.98040376663208,1.0,1.0
2022-08-10,18.068906784057617,18.089874092763363,17.290116951299066,17.670526014260716,597422000,17.569534826278687,16.966225261688233,1.0,1.0
2022-08-11,17.91414451599121,18.67795814995378,17.848246996098702,18.10285217554872,509327000,17.69783511161804,16.951726512908934,1.0,1.0
2022-08-12,18.679960250854492,18.688947058394234,17.925133166712452,18.13181260063338,478094000,17.844956493377687,16.95957178115845,1.0,1.0
2022-08-15,19.002456665039062,19.134251734089823,18.584108348581022,18.67197109315223,457666000,17.991278839111327,16.94847188949585,1.0,1.0
2022-08-16,18.849695205688477,19.112287457353222,18.47228168872419,18.890631929999405,451240000,18.08548240661621,16.95172601699829,1.0,1.0
2022-08-17,18.306537628173828,18.65899030543156,18.11683393671878,18.49424742554819,446799000,18.11184158325195,16.942799282073974,1.0,1.0
2022-08-18,18.743858337402344,18.83571457607667,18.154774075074336,18.272590927539937,415447000,18.147935581207275,16.939823856353758,1.0,1.0
2022-08-19,17.821290969848633,18.491248793105402,17.74241314234734,18.377425454253068,441588000,18.17439422607422,16.92386854171753,1.0,1.0
2022-08-22,17.007558822631836,17.530745594391743,16.93966358559003,17.462850357349936,409593000,18.17489347457886,16.903620014190675,1.0,1.0
2022-08-23,17.15433120727539,17.43789077526951,16.94365828212294,16.962629795617797,369986000,18.207243061065675,16.907753505706786,1.0,1.0
2022-08-24,17.195266723632812,17.378981119005086,16.868774654974345,16.98559171254238,522661000,18.17888698577881,16.939204597473143,1.0,1.0
2022-08-25,17.885194778442383,17.919142398294323,16.80687127701837,16.817853882408595,770691000,18.175342655181886,16.98068012237549,1.0,1.0
2022-08-26,16.234760284423828,17.89617686185633,16.21179527063193,17.82928142778485,769127000,18.08034019470215,16.97534839630127,1.0,1.0
2022-08-29,15.776471138000488,16.312637235028117,15.742524473597898,15.99513199090072,496132000,17.948544836044313,16.97934217453003,1.0,1.0
2022-08-30,15.443989753723145,16.014102549024937,15.158433454249854,15.935225659002597,530181000,17.795882415771484,16.97111499786377,1.0,1.0
2022-08-31,15.07056999206543,15.51587778140862,14.935779319161014,15.360119797456045,573710000,17.60622720718384,16.941720657348633,1.0,1.0
2022-09-01,13.915365219116211,14.35767736958631,13.249400817146027,14.186942340955959,1178865000,17.34273681640625,16.893335876464842,1.0,1.0
2022-09-02,13.625816345214844,14.149002165812359,13.569902564470526,14.078113230868253,743157000,17.0760516166687,16.841855926513674,1.0,1.0
2022-09-06,13.444100379943848,13.757613132647895,13.330277005721786,13.709687300934593,535751000,16.859987783432008,16.768749675750733,1.0,1.0
2022-09-07,13.696782112121582,13.820626981375675,13.329244097845045,13.545971666562709,512657000,16.691852855682374,16.705829048156737,0.0,0.0
2022-09-08,13.972434997558594,13.990413000100926,13.352215340579692,13.442101543383522,624873000,16.48702926635742,16.666133918762206,0.0,0.0
2022-09-09,14.368936538696289,14.455827199487729,14.108264556321975,14.139224819065335,486612000,16.309768867492675,16.64315517425537,0.0,0.0
2022-09-12,14.486786842346191,14.528733921971712,14.180172168334149,14.350957931422553,484159000,16.10011019706726,16.630181522369384,0.0,0.0
2022-09-13,13.11451244354248,13.904519639420537,13.082553033818995,13.784670424242124,714956000,15.805712985992432,16.602462635040283,0.0,0.0
2022-09-14,13.111517906188965,13.273314216178907,12.896787688730967,13.237359163133265,588507000,15.518804121017457,16.56587760925293,0.0,0.0
2022-09-15,12.912763595581055,13.216381731744312,12.773938213461616,12.9986560382835,523625000,15.249115419387817,16.522002582550048,0.0,0.0
2022-09-16,13.181429862976074,13.195412225015103,12.601158980925465,12.726002043403634,670751000,14.970993995666504,16.468963527679442,0.0,0.0
2022-09-19,13.36520004272461,13.446098681984065,12.993667315157222,12.995664659556198,569685000,14.748189449310303,16.419999237060548,0.0,0.0
2022-09-20,13.159456253051758,13.4660709531129,13.040606184015623,13.198407796353832,524818000,14.555784320831298,16.380618743896484,0.0,0.0
2022-09-21,13.244349479675293,14.013383142940281,13.09353904887106,13.196410364553508,807679000,14.360285234451293,16.344333934783936,0.0,0.0
2022-09-22,12.545228958129883,13.132490994300221,12.412396524843558,13.053589709999544,759162000,14.127783346176148,16.292429275512696,0.0,0.0
2022-09-23,12.500286102294922,12.595167097596889,12.241611449028817,12.404406911108035,663309000,13.858537912368774,16.23547222137451,0.0,0.0
2022-09-26,12.212647438049316,12.643107026349453,12.198665076002735,12.475317729313494,547343000,13.657432270050048,16.164974517822266,0.0,0.0
2022-09-27,12.397415161132812,12.720009577879809,12.242610035621365,12.491297003764968,553854000,13.488479471206665,16.0914026260376,0.0,0.0
2022-09-28,12.720010757446289,12.80690142735448,12.338490366595599,12.39441981803498,542414000,13.352280521392823,16.006490364074708,0.0,0.0
2022-09-29,12.204657554626465,12.48430573642893,11.931001405248,12.432370978846492,532763000,13.208984899520875,15.894996433258056,0.0,0.0
2022-09-30,12.123757362365723,12.617137495774331,12.05983759570121,12.071822611480606,565638000,13.119404506683349,15.777032012939452,0.0,0.0
2022-10-03,12.49629020690918,12.662082145584952,12.089800688912364,12.331497416498822,547478000,13.062928199768066,15.681115455627442,0.0,0.0
2022-10-04,13.150466918945312,13.203400820052057,12.862828434100942,12.862828434100942,584182000,13.04824652671814,15.604173316955567,0.0,0.0
2022-10-05,13.192415237426758,13.304275082018679,12.60515414886924,12.89479000485159,507131000,13.0230281829834,15.53787483215332,0.0,0.0
2022-10-06,13.113515853881836,13.638855501952365,13.086549324737346,13.203403014394121,644157000,12.98008222579956,15.444897384643555,0.0,0.0
2022-10-07,12.060837745666504,12.654091789877265,12.006905646417971,12.48929899981872,672478000,12.864677286148071,15.326992511749268,0.0,0.0
2022-10-10,11.655346870422363,12.10877633421103,11.393675761746923,12.02188568072584,698699000,12.72310528755188,15.197403259277344,0.0,0.0
2022-10-11,11.571453094482422,11.831125915365966,11.268833090820673,11.546483912922639,667482000,12.645952320098877,15.060584754943848,0.0,0.0
2022-10-12,11.485560417175293,11.720265004547636,11.330755304332975,11.564461695947893,492590000,12.564654445648193,14.92035120010376,0.0,0.0
2022-10-13,11.944984436035156,12.062836319269977,10.799424165058097,10.957225790788943,850103000,12.516265487670898,14.781977405548096,0.0,0.0
2022-10-14,11.212903022766113,12.095792850477494,11.189932138993667,12.0418607547837,713432000,12.4178391456604,14.622532005310058,0.0,0.0
2022-10-17,11.87307357788086,11.93299866407715,11.502540049196641,11.503538245021701,580774000,12.343232822418212,14.48080307006836,0.0,0.0
2022-10-18,11.951973915100098,12.476314329749629,11.603412151905342,12.328500398811965,659362000,12.28285870552063,14.364535007476807,0.0,0.0
2022-10-19,12.035869598388672,12.334494942688758,11.819142034502585,11.864085613152273,523131000,12.222434711456298,14.264062786102295,0.0,0.0
2022-10-20,12.178689002990723,12.752966821066378,12.089800053684597,12.097790381957378,652398000,12.20410771369934,14.146258430480957,0.0,0.0
2022-10-21,12.450346946716309,12.482307307631256,11.872074435302578,12.082808987293975,609494000,12.20161075592041,14.036982479095458,0.0,0.0
2022-10-24,12.583183288574219,12.69404400097883,12.048855075892607,12.492297925511052,517457000,12.220137548446655,13.915046939849853,0.0,0.0
2022-10-25,13.244349479675293,13.283301022718456,12.648098936943423,12.678061955431058,505482000,12.262484264373779,13.799884796142578,0.0,0.0
2022-10-26,12.879806518554688,13.371188345254836,12.692042862759553,12.852840947976517,532953000,12.270474052429199,13.680487022399902,0.0,0.0
2022-10-27,13.159456253051758,13.820625721091393,13.105524152883197,13.612886696752097,583113000,12.318213987350465,13.577545394897461,0.0,0.0
2022-10-28,13.816628456115723,13.832609111860705,13.044599338614265,13.087545565034905,521040000,12.402857542037964,13.479000797271729,0.0,0.0
2022-10-31,13.480051040649414,13.820623390124373,13.28030237881131,13.760698315334567,486341000,12.452045583724976,13.392175998687744,0.0,0.0
2022-11-01,13.525993347167969,13.907513613093192,13.502023317977857,13.793656450678526,432817000,12.470821905136109,13.322544689178466,0.0,0.0
2022-11-02,13.202399253845215,14.192154917147132,13.194409879465294,13.832607353180377,672628000,12.471321105957031,13.243506050109863,0.0,0.0
2022-11-03,13.404149055480957,13.763697674159971,12.939733677148814,13.026624339335722,500065000,12.485852766036988,13.167683696746826,0.0,0.0
2022-11-04,14.138227462768555,14.211135766496513,13.679803144589222,13.968440819365393,612576000,12.58972225189209,13.09274435043335,0.0,0.0
2022-11-07,14.283042907714844,14.393903593979909,13.936479441145188,14.210134614268167,410061000,12.721107053756715,13.05371000289917,0.0,0.0
2022-11-08,14.583666801452637,14.872303507657966,14.198150808496923,14.782416354106235,595292000,12.871717739105225,13.029853916168213,0.0,0.0
2022-11-09,13.75870418548584,14.193158459885122,13.741725330956239,14.144219240509747,454414000,12.985374927520752,12.996148204803466,0.0,0.0
2022-11-10,15.730225563049316,15.753196449879484,14.528735884798065,14.78141849736078,700819000,13.17463698387146,13.009341316223145,1.0,1.0
2022-11-11,16.30649757385254,16.368419993714063,15.462559340470623,15.78715104196188,655487000,13.42931671142578,13.05716396331787,1.0,1.0
2022-11-14,16.274538040161133,16.519231225758354,15.9020062807447,16.197635066244544,527852000,13.649389934539794,13.110138397216797,1.0,1.0
2022-11-15,16.64507484436035,16.976656817848582,16.361431033277864,16.70100428796189,545876000,13.884044981002807,13.174157886505126,1.0,1.0
2022-11-16,15.890024185180664,16.34145634523152,15.853070937382359,16.14170859646812,649547000,14.076752710342408,13.218022727966309,1.0,1.0
2022-11-17,15.657315254211426,16.245576378644603,15.515493358092419,15.695267646270135,710894000,14.250684022903442,13.251720333099366,1.0,1.0
2022-11-18,15.389652252197266,15.981908069637043,15.101014621390979,15.945952068716577,492072000,14.39764928817749,13.272134647369384,1.0,1.0
2022-11-21,15.297769546508789,15.457568510471011,15.06106664059395,15.127982909179686,404739000,14.533378601074219,13.288354301452637,1.0,1.0
2022-11-22,16.017864227294922,16.037839574271395,15.103013909275052,15.308755601738653,472866000,14.672054338455201,13.346421337127685,1.0,1.0
2022-11-23,16.498254776000977,16.506246055562524,16.027847485500658,16.07778393423162,427241000,14.852976751327514,13.414156074523925,1.0,1.0
2022-11-25,16.24957275390625,16.466299355969085,16.151696223942388,16.29751282305904,167934000,15.00748257637024,13.48089225769043,1.0,1.0
2022-11-28,15.80712890625,16.336464178373642,15.70525768325476,16.00587846790758,303741000,15.107007598876953,13.533406238555909,1.0,1.0
2022-11-29,15.619363784790039,15.911996118227389,15.500513718012343,15.807127459770173,298384000,15.213973236083984,13.578489513397217,1.0,1.0
2022-11-30,16.906078338623047,16.913071308550972,15.581404046602852,15.681303480898846,565298000,15.382977485656738,13.653421955108643,1.0,1.0
2022-12-01,17.11786651611328,17.24773568748677,16.618366478545138,16.982002826008905,470977000,15.578750848770142,13.730892295837402,1.0,1.0
2022-12-02,16.85912322998047,16.916067342010866,16.428554479527566,16.64234117792431,371389000,15.751499557495118,13.817170181274413,1.0,1.0
2022-12-05,16.5933895111084,16.97800471429634,16.455527032443175,16.662320750441012,352255000,15.874257659912109,13.899032249450684,1.0,1.0
2022-12-06,15.971014022827148,16.55642753261855,15.803181795933243,16.513471262807453,352694000,15.958656215667725,13.974199581146241,1.0,1.0
2022-12-07,16.1038818359375,16.169815824778205,15.65133378658821,15.75622928850062,372388000,16.034666967391967,14.048328914642333,1.0,1.0
2022-12-08,17.151830673217773,17.161820901316364,15.943039749464951,16.256726814348887,515456000,16.204323291778564,14.136965312957763,1.0,1.0
2022-12-09,16.98399543762207,17.565414066145607,16.958022372086035,17.14283680576932,465338000,16.2670117855072,14.232552070617675,1.0,1.0
2022-12-12,17.51746368408203,17.52046094302297,16.78020276960981,17.019962525032387,457328000,16.327560091018675,14.340426197052002,1.0,1.0
2022-12-13,18.053930282592773,18.771212764869844,17.693291186070848,18.512470961945905,656589000,16.41652970314026,14.451578998565674,1.0,1.0
2022-12-14,17.656322479248047,18.233745392403016,17.40257681640619,17.96900914629274,496888000,16.467092084884644,14.541696109771728,1.0,1.0
2022-12-15,16.935043334960938,17.302675271457737,16.68329649685773,17.128849529308148,478542000,16.519343042373656,14.616548671722413,1.0,1.0
2022-12-16,16.554426193237305,17.023957357323482,16.393587913415725,16.847134332454832,478232000,16.564198589324953,14.685366878509521,1.0,1.0
2022-12-19,16.23774528503418,16.592389818438555,16.128855034819484,16.55542806937623,354039000,16.6066032409668,14.768905029296874,1.0,1.0
2022-12-20,16.06891632080078,16.293691733158465,15.836150439306303,16.0479374093435,403260000,16.645160579681395,14.857176418304443,1.0,1.0
2022-12-21,16.4844970703125,16.610372416442008,16.085895936024823,16.09788497158055,325025000,16.668492221832274,14.955437297821044,1.0,1.0
2022-12-22,15.323659896850586,16.12186159180077,14.867117143254697,16.07790496925897,565045000,16.609762477874757,15.032199287414551,1.0,1.0
2022-12-23,15.190794944763184,15.323661370905867,14.86811797738712,15.180804715704442,349326000,16.556823587417604,15.097115497589112,1.0,1.0
2022-12-27,14.106878280639648,15.084899302148365,14.041942751760569,15.058925281140848,464902000,16.471811056137085,15.154995002746581,1.0,1.0
2022-12-28,14.021964073181152,14.247737902630835,13.870115648293575,13.913072868778418,351066000,16.39194107055664,15.197972812652587,1.0,1.0
2022-12-29,14.588396072387695,14.668315992800219,14.212772636992952,14.387597820165574,354923000,16.276056957244872,15.25070125579834,1.0,1.0
2022-12-30,14.599386215209961,14.61437060536108,14.218766699664881,14.319665531261037,310490000,16.150132942199708,15.301971588134766,1.0,1.0
2023-01-03,14.30068302154541,14.981002656191748,14.081902182591683,14.836147214679976,401277000,16.022210931777956,15.344411468505859,1.0,1.0
2023-01-04,14.734251022338867,14.83814711680598,14.226759586910239,14.552433809742093,431324000,15.929254007339477,15.39008955001831,1.0,1.0
2023-01-05,14.250734329223633,14.549435094565505,14.13385075828424,14.476508145483907,389168000,15.843240022659302,15.423440570831298,1.0,1.0
2023-01-06,14.84414005279541,14.994989063943777,14.01996530735585,14.45952485401676,405044000,15.780252933502197,15.455436382293701,1.0,1.0
2023-01-09,15.612372398376465,16.039943899153194,15.1258589291099,15.268716532503397,504231000,15.703280019760133,15.510087699890137,1.0,1.0
2023-01-10,15.893089294433594,15.946035784394798,15.456526077786554,15.49149092072707,384101000,15.648734712600708,15.564760360717774,1.0,1.0
2023-01-11,15.984996795654297,16.011970219679487,15.547435115356448,15.824158513514837,353285000,15.572111368179321,15.608127727508545,0.0,0.0
2023-01-12,16.49448585510254,16.620359284778843,15.476504976085742,16.083897626620722,551409000,15.494139146804809,15.668416423797607,0.0,0.0
2023-01-13,16.882102966308594,16.905080685202577,16.148837635119033,16.261723610585914,447287000,15.455428171157838,15.73553861618042,0.0,0.0
2023-01-17,17.684297561645508,17.71027253708016,16.882101069354157,16.882101069354157,511102000,15.492890882492066,15.825176582336425,0.0,0.0
2023-01-18,17.3596248626709,17.855127276963216,17.264718637422014,17.649333889444033,439624000,15.533150815963745,15.904286098480224,0.0,0.0
2023-01-19,16.74823570251465,17.179804849106613,16.714271208962963,17.01896463226559,452932000,15.55867533683777,15.956486263275146,0.0,0.0
2023-01-20,17.821157455444336,17.83814064956411,16.808171757754756,16.993984631195573,564967000,15.646287393569946,16.027248554229736,0.0,0.0
2023-01-23,19.173809051513672,19.225757100654896,17.80018396132877,18.045936361649353,655163000,15.780752992630005,16.11905139923096,0.0,0.0
2023-01-24,19.24573516845703,19.47550662588318,18.80118045535214,18.808173425147835,496204000,15.976856756210328,16.22879201889038,0.0,0.0
2023-01-25,19.303672790527344,19.350626664524295,18.561415920142778,18.89408303130988,449537000,16.182500648498536,16.300260963439943,0.0,0.0
2023-01-26,19.782197952270508,20.14583427066666,19.258721787064815,19.681299120426033,489535000,16.466266632080078,16.3697749710083,1.0,1.0
2023-01-27,20.344629287719727,20.60736670469528,19.38559046082785,19.442532652816258,542142000,16.782399892807007,16.451176795959473,1.0,1.0
2023-01-30,19.142839431762695,20.11986020617036,19.13085039471645,19.930051570390866,488611000,17.010122060775757,16.501132087707518,1.0,1.0
2023-01-31,19.517459869384766,19.667309459227994,18.931047089844537,19.150826361251877,498017000,17.256025743484496,16.573680801391603,1.0,1.0
2023-02-01,20.922054290771484,21.170803892462075,19.591385781806697,19.671305692212208,660477000,17.5870943069458,16.678975582122803,1.0,1.0
2023-02-02,21.687286376953125,21.927046101235472,20.679296702842173,20.97899588183488,564276000,17.934746074676514,16.80492826461792,1.0,1.0
2023-02-03,21.07889747619629,21.723252844703303,20.768207695861946,20.978997108875344,429366000,18.276154232025146,16.92055082321167,1.0,1.0
2023-02-06,21.067909240722656,21.54842717853091,20.76521087366942,20.78519132864185,452197000,18.587342691421508,17.021551723480226,1.0,1.0
2023-02-07,22.15082550048828,22.236739935433913,21.12884786869814,21.360616200100747,664150000,18.9142653465271,17.13460313796997,1.0,1.0
2023-02-08,22.18279266357422,22.85511993042836,21.985989180590057,22.364609852385264,559651000,19.22875051498413,17.25326753616333,1.0,1.0
2023-02-09,22.31465721130371,22.996974601575534,22.097875211601888,22.58338914894937,523876000,19.545233535766602,17.383418102264404,1.0,1.0
2023-02-10,21.24373435974121,22.055921084190924,20.790189793284593,21.668310502396057,550737000,19.782695960998534,17.49590551376343,1.0,1.0
2023-02-13,21.76620864868164,22.025948836069368,20.94103456636859,21.51645868835971,474919000,20.026901245117188,17.5931081199646,1.0,1.0
2023-02-14,22.948028564453125,23.025949676572004,21.34463219361314,21.556420076698707,675474000,20.29008779525757,17.709711360931397,1.0,1.0
2023-02-15,22.741235733032227,22.832144335876976,22.083894699328933,22.52645058254248,420575000,20.559168338775635,17.827353610992432,1.0,1.0
2023-02-16,21.979999542236328,22.52744999044247,21.905073777556623,22.110867159447228,412026000,20.82075653076172,17.93508581161499,1.0,1.0
2023-02-17,21.366609573364258,21.71825680895327,20.954022522936867,21.609366570739,465888000,20.998029136657713,18.04299772262573,1.0,1.0
2023-02-21,20.63434600830078,21.472505817155305,20.597382352251547,20.979000327725977,410015000,21.07105598449707,18.133607006073,1.0,1.0
2023-02-22,20.73324203491211,21.082892354016522,20.400574910962913,20.68629006455199,513184000,21.145431327819825,18.205235233306883,1.0,1.0
2023-02-23,23.640331268310547,23.864108157560736,23.001970445117642,23.416556284501297,1117995000,21.362264251708986,18.338361949920653,1.0,1.0
2023-02-24,23.262710571289062,23.450524180326013,22.924050815235166,23.201772660724565,589716000,21.53628988265991,18.453266887664796,1.0,1.0
2023-02-27,23.477497100830078,23.85611778942511,23.43054512484724,23.64632871610379,452994000,21.69293327331543,18.56173822402954,1.0,1.0
2023-02-28,23.192781448364258,23.801173550334713,23.182791220639693,23.348625571073445,455963000,21.89543037414551,18.672467403411865,1.0,1.0
2023-03-01,22.675302505493164,23.232745083054898,22.48549196735542,23.168807999209974,460026000,22.053322505950927,18.78727258682251,1.0,1.0
2023-03-02,23.290681838989258,23.356615814296525,22.40956399575206,22.465509649279113,389415000,22.171753883361816,18.92199769973755,1.0,1.0
2023-03-03,23.866107940673828,23.87609816871999,23.106867758135774,23.29667828013058,412393000,22.28069496154785,19.07456495285034,1.0,1.0
2023-03-06,23.53044319152832,24.223747422082624,23.463508860514835,23.86710603242782,437429000,22.403272247314455,19.22379549026489,1.0,1.0
2023-03-07,23.268661499023438,24.104966338425466,23.22169964405819,23.580402685270712,515154000,22.51330986022949,19.35947877883911,1.0,1.0
2023-03-08,24.160917282104492,24.179902508727604,23.404546005900805,23.467493409570896,513573000,22.613814449310304,19.53622392654419,1.0,1.0
2023-03-09,23.416540145874023,24.43369447307599,23.36358275312628,24.154924912871536,501257000,22.675501823425293,19.700738830566408,1.0,1.0
2023-03-10,22.94593048095703,23.607381425129905,22.70712862155447,23.389562036275382,474866000,22.707065486907958,19.877519874572755,1.0,1.0
2023-03-13,22.946928024291992,23.27865305444534,22.278484860419933,22.733106940046454,421890000,22.7922251701355,20.05601915359497,1.0,1.0
2023-03-14,24.04301643371582,24.19888701960605,23.44051655907677,23.476487867060463,474910000,22.90606555938721,20.245111560821535,1.0,1.0
2023-03-15,24.2078800201416,24.26583051123997,23.340600837359847,23.74126688899198,524486000,22.969058132171632,20.437281436920166,1.0,1.0
2023-03-16,25.519794464111328,25.566754419975947,23.874160651808026,24.007051552436884,583253000,23.107986068725587,20.661663665771485,1.0,1.0
2023-03-17,25.703641891479492,26.37708208145305,25.6466881034461,25.960428483656013,848547000,23.294168186187743,20.881051483154298,1.0,1.0
2023-03-20,25.87849235534668,26.00238993506894,25.109131303094223,25.59372917074599,432747000,23.519762325286866,21.113606643676757,1.0,1.0
2023-03-21,26.177244186401367,26.370084715171625,25.359924553123577,26.158260863210074,547408000,23.796907234191895,21.340268726348878,1.0,1.0
2023-03-22,26.446022033691406,27.566091472465203,26.215212950904103,26.40305656588551,797295000,24.08254623413086,21.556941719055175,1.0,1.0
2023-03-23,27.168420791625977,27.476165594948146,26.66783736695665,27.092483687984217,564889000,24.25895071029663,21.782448348999022,1.0,1.0
2023-03-24,26.756765365600586,27.144443706351247,26.333117616110897,27.0085569440688,454920000,24.43365345001221,21.99788372039795,1.0,1.0
2023-03-27,26.50897216796875,26.97758263278237,26.34310962735661,26.814717860535694,361026000,24.58522720336914,22.198173446655275,1.0,1.0
2023-03-28,26.388071060180664,26.49098617741666,25.828536573761543,26.42504099387314,356104000,24.74499168395996,22.388292808532714,1.0,1.0
2023-03-29,26.96158790588379,27.055509697714722,26.57491019469119,26.802721471437458,393694000,24.95930595397949,22.57383861541748,1.0,1.0
2023-03-30,27.36026382446289,27.476168640030792,27.079496996327453,27.20639235863119,364516000,25.162785053253174,22.77385139465332,1.0,1.0
2023-03-31,27.75393295288086,27.810884824300686,27.082490132563102,27.117460914270833,433933000,25.357176303863525,22.993965339660644,1.0,1.0
2023-04-03,27.9417781829834,27.97674896673063,27.31330079051416,27.486157467758918,398716000,25.57774305343628,23.196377754211426,1.0,1.0
2023-04-04,27.430200576782227,27.97674720101981,27.28432191499647,27.942775040162378,368592000,25.78582000732422,23.361505584716795,1.0,1.0
2023-04-05,26.858678817749023,26.975580335763187,26.37308232607004,26.806721952265576,515015000,25.920708084106444,23.513764457702635,1.0,1.0
2023-04-06,27.01454734802246,27.057510906173512,26.405053322399837,26.561922527602437,397654000,26.10060844421387,23.66798194885254,1.0,1.0
2023-04-10,27.55609893798828,27.598063878336834,26.64685475224009,26.80072620018478,395279000,26.33111686706543,23.823459968566894,1.0,1.0
2023-04-11,27.14643669128418,27.76692123864769,27.10347122895872,27.70097606708646,314378000,26.541092300415038,23.959496116638185,1.0,1.0
2023-04-12,26.472999572753906,27.445191173354328,26.426037716955808,27.347272978771652,446259000,26.662591457366943,24.106099319458007,1.0,1.0
2023-04-13,26.441024780273438,26.864672482211642,26.307137180511106,26.71179965358217,353615000,26.774248695373537,24.24457061767578,1.0,1.0
2023-04-14,26.735782623291016,26.860678837519675,26.19822921052803,26.48199380565466,395660000,26.835048103332518,24.360845184326173,1.0,1.0
2023-04-17,26.979578018188477,26.98357440686349,26.41105027878462,26.542940633883788,321471000,26.898844909667968,24.46669101715088,1.0,1.0
2023-04-18,27.644025802612305,28.086658738816173,27.334283752804854,27.510138201217032,604812000,26.98712158203125,24.597993583679198,1.0,1.0
2023-04-19,27.907806396484375,27.97674934416324,27.209387427098346,27.338280018329133,358660000,27.0736496925354,24.734791526794435,1.0,1.0
2023-04-20,27.081493377685547,28.00672503718342,26.97757964609056,27.648021986147068,427713000,27.105423259735108,24.83340488433838,1.0,1.0
2023-04-21,27.096477508544922,27.16042543986034,26.699807852164234,26.929616382803516,345103000,27.101826095581053,24.931678581237794,1.0,1.0
2023-04-24,27.019542694091797,27.343273032566316,26.648850502655943,26.990567448071825,339282000,27.114964962005615,25.025776290893553,1.0,1.0
2023-04-25,26.219207763671875,27.224372863895415,26.203222209345313,27.055512582409374,378527000,27.10047674179077,25.12528575897217,1.0,1.0
2023-04-26,26.93361473083496,27.307304704799684,26.682823713649157,26.97957796491873,406337000,27.127753925323486,25.228633880615234,1.0,1.0
2023-04-27,27.203392028808594,27.47216966404172,26.60289125219407,27.340279304100545,377161000,27.139844131469726,25.313741149902345,1.0,1.0
2023-04-28,27.725955963134766,27.73494736073306,27.048517616065947,27.202390959322397,292216000,27.15812873840332,25.413435554504396,1.0,1.0
2023-05-01,28.8859920501709,29.033869862760206,27.756931277189757,27.81688091763852,570329000,27.214731693267822,25.551555404663088,1.0,1.0
2023-05-02,28.18657684326172,28.8120584439284,28.05968338673671,28.656187830632053,402730000,27.22697162628174,25.687954750061035,1.0,1.0
2023-05-03,27.778911590576172,28.34344291416342,27.44918571868085,27.81688013981046,383387000,27.244407176971436,25.83084606170654,1.0,1.0
2023-05-04,27.539113998413086,27.835866361148614,27.217380869969254,27.628038892272958,321850000,27.278428936004637,25.96696350097656,1.0,1.0
2023-05-05,28.65618133544922,28.731117903890393,27.70797008214086,27.802890497805507,361494000,27.360510635375977,26.067280502319335,1.0,1.0
2023-05-08,29.126789093017578,29.195732032286276,28.326455636647413,28.498311768735906,344979000,27.43904514312744,26.184562072753906,1.0,1.0
2023-05-09,28.547271728515625,28.94893830563209,28.426373831725307,28.875000355164328,314869000,27.509086894989014,26.285957565307616,1.0,1.0
2023-05-10,28.86101531982422,29.08882663839483,28.437367605326653,28.98091460956097,369350000,27.62848768234253,26.399322242736815,1.0,1.0
2023-05-11,28.554269790649414,28.925962552461296,28.22254663595356,28.87200653679025,322149000,27.734149932861328,26.516901588439943,1.0,1.0
2023-05-12,28.316469192504883,28.7561043901141,28.022712678290027,28.505311440794113,274222000,27.81318426132202,26.617417335510254,1.0,1.0
2023-05-15,28.928955078125,28.94494253797439,28.12862158025983,28.484324933585533,293926000,27.910653114318848,26.71867427825928,1.0,1.0
2023-05-16,29.188739776611328,29.845195673358166,28.808057560657943,28.81704895850863,449405000,27.9878888130188,26.831840209960937,1.0,1.0
2023-05-17,30.152936935424805,30.173919403634283,29.40555895083751,29.559430384373677,432535000,28.10014533996582,26.969525718688963,1.0,1.0
2023-05-18,31.65169334411621,31.801568399451863,30.294821257305664,30.384746671659997,748725000,28.328655338287355,27.1193412399292,1.0,1.0
2023-05-19,31.238037109375,31.553774675559076,30.89032652886848,31.509810589762786,473908000,28.53573331832886,27.275771179199218,1.0,1.0
2023-05-22,31.150114059448242,31.493828286869693,30.654525616110014,30.875340877060037,372000000,28.74226188659668,27.43985485076904,1.0,1.0
2023-05-23,30.66251564025879,31.262017766354816,30.60556376728732,30.974256822059314,356253000,28.964427280426026,27.59416660308838,1.0,1.0
2023-05-24,30.51264190673828,30.58158485433067,29.781249395568967,30.184913250484932,721419000,29.14337863922119,27.723559112548827,1.0,1.0
2023-05-25,37.94845962524414,39.44721397289926,36.60457534049064,38.49100796728165,1543911000,29.680632019042967,27.998370704650878,1.0,1.0
2023-05-26,38.91366195678711,39.13747499196258,37.51882115873588,37.85853900635431,714397000,30.240017318725585,28.266248054504395,1.0,1.0
2023-05-30,40.077693939208984,41.903176556488546,39.91582970590061,40.56129320908205,923401000,30.79960241317749,28.553729095458984,1.0,1.0
2023-05-31,37.802589416503906,40.261544802654605,37.79059834230431,39.45521557604164,1002580000,31.280403041839598,28.79221103668213,1.0,1.0
2023-06-01,39.736976623535156,40.01674290011226,38.30816374839411,38.457038285135596,635873000,31.878306293487547,29.063405685424804,1.0,1.0
2023-06-02,39.29434585571289,40.46637223130838,39.02556820427834,40.0637069703337,482731000,32.46606788635254,29.320372161865233,1.0,1.0
2023-06-05,39.13847351074219,39.5321435245976,38.674858118858616,38.87669004097322,396094000,32.99018249511719,29.55977321624756,1.0,1.0
2023-06-06,38.62190628051758,39.12748668498753,38.116325876047625,38.79776265430803,388729000,33.46493835449219,29.7970760345459,1.0,1.0
2023-06-07,37.447750091552734,39.47028049803264,37.32883713586247,38.886705495226614,511998000,33.909962272644044,30.01585159301758,1.0,1.0
2023-06-08,38.48200607299805,38.83574884803621,37.47773933461828,37.69657810413266,417772000,34.391011810302736,30.257730293273926,1.0,1.0
2023-06-09,38.7418098449707,39.68212369971367,38.538958335587395,39.00861399501781,427717000,34.9003888130188,30.493334732055665,1.0,1.0
2023-06-12,39.45330047607422,39.501265922143716,38.58993007067233,39.171507768831006,388701000,35.45723037719726,30.73519546508789,1.0,1.0
2023-06-13,40.99217987060547,41.07112482299617,39.71111409271858,40.15678903495475,613208000,36.06039161682129,30.999960403442383,1.0,1.0
2023-06-14,42.96574020385742,42.968736375923285,40.5225143610938,40.79431977201554,740465000,36.74924163818359,31.300439643859864,1.0,1.0
2023-06-15,42.62199783325195,43.25753714671118,42.11636509751025,42.57103621355931,568622000,37.372694683074954,31.604275588989257,1.0,1.0
2023-06-16,42.66096496582031,43.68921622898707,42.629985459114906,43.418413332978865,655709000,37.92315826416016,31.920321311950683,1.0,1.0
2023-06-20,43.77614974975586,43.95802045275375,42.642975308832675,42.96674106849241,451153000,38.550063896179196,32.25555335998535,1.0,1.0
2023-06-21,43.01370620727539,43.583295347445485,42.04941138244555,43.469375994641815,551603000,39.14324350357056,32.564705505371094,1.0,1.0
2023-06-22,42.99372100830078,43.39442663272672,42.20329572401854,42.22227910485018,417737000,39.759803771972656,32.88165119171143,1.0,1.0
2023-06-23,42.17831039428711,42.77787262265415,41.984451203476524,42.43312605670876,358140000,40.3430871963501,33.19575740814209,1.0,1.0
2023-06-26,40.602455139160156,42.732904863087526,40.07084047914839,42.43012378131747,594322000,40.475786972045896,33.478986015319826,1.0,1.0
2023-06-27,41.84555435180664,41.90950699852485,40.41859495947549,40.769337698334375,462175000,40.622381591796874,33.781181449890134,1.0,1.0
2023-06-28,41.08710861206055,41.81457999808646,40.488545059577945,40.63044011815251,582639000,40.67285232543945,34.063332061767575,1.0,1.0
2023-06-29,40.792320251464844,41.56975450915622,40.57048152757147,41.527785226902004,380514000,40.8223388671875,34.32629795074463,1.0,1.0
2023-06-30,42.271244049072266,42.51906484775984,41.470827697536826,41.649698416136715,501148000,40.949052238464354,34.61356670379639,1.0,1.0
2023-07-03,42.382164001464844,42.8668120169638,42.171318861986485,42.48608848507777,198209000,41.10344314575195,34.91958011627197,1.0,1.0
2023-07-05,42.28623962402344,43.14561125771648,42.05440601633571,42.10436890718979,323618000,41.26083145141602,35.22337535858154,1.0,1.0
2023-07-06,42.072391510009766,42.14833647102733,41.31594188398918,41.81358093287342,303582000,41.433355712890624,35.5244323348999,1.0,1.0
2023-07-07,42.47209548950195,43.18258088740522,42.149332286394056,42.29122733401887,355881000,41.68457298278808,35.849490089416506,1.0,1.0
2023-07-10,42.14933776855469,42.77987958473674,41.618721733111734,42.62599220515189,353908000,41.86793956756592,36.1538045501709,1.0,1.0
2023-07-11,42.37417221069336,42.72691623562603,42.03642048343686,42.45011717550455,298244000,42.04955768585205,36.45722015380859,1.0,1.0
2023-07-12,43.870079040527344,43.90305599140233,42.74589703423399,43.001711413643235,481277000,42.270396614074706,36.78010261535645,1.0,1.0
2023-07-13,45.94357681274414,46.12144500110187,44.459655768689124,44.485637843052004,478204000,42.51796646118164,37.12125431060791,1.0,1.0
2023-07-14,45.43594741821289,48.053042979669556,45.027244350268305,46.54913599395856,772075000,42.64147682189942,37.466241722106936,1.0,1.0
2023-07-17,46.42722702026367,46.462201427028674,45.2291010485681,46.25535497097536,510488000,42.83173828125,37.83920803070068,1.0,1.0
2023-07-18,47.459468841552734,47.86117699331049,45.700750131517545,46.66704612621804,569164000,43.07166347503662,38.23761512756348,1.0,1.0
2023-07-19,47.04277801513672,47.783240488874554,46.708022451305204,47.42949773035123,427502000,43.234994888305664,38.605347061157225,1.0,1.0
2023-07-20,45.486915588378906,47.052778002456606,45.029248289194435,46.473197728621386,537865000,43.35865535736084,38.93254959106445,1.0,1.0
2023-07-21,44.27678298950195,45.83265398251241,44.067935310129315,45.754707765315004,963769000,43.422808456420896,39.24713981628418,1.0,1.0
2023-07-24,44.57956314086914,45.07620343021659,44.00798043185595,44.69847610025229,382516000,43.54287109375,39.56151077270508,1.0,1.0
2023-07-25,45.645790100097656,46.14942147302996,44.8903392287754,44.90832769720461,348081000,43.795037841796876,39.903341178894046,1.0,1.0
2023-07-26,45.4189567565918,46.01952157703273,44.59755574079193,45.98754334626847,364237000,43.97370796203613,40.24539093017578,1.0,1.0
2023-07-27,45.86663055419922,47.360542567448725,45.716738084889066,46.48518000024853,455976000,44.212684059143065,40.58414443969727,1.0,1.0
2023-07-28,46.71601104736328,46.9928100852104,46.34727984222391,46.63406993246034,331194000,44.50886859893799,40.934689865112304,1.0,1.0
2023-07-31,46.695030212402344,47.09573967930946,46.472192750297545,46.7200135632976,251055000,44.730057907104495,41.26553173065186,1.0,1.0
2023-08-01,46.47319030761719,46.86590615971662,45.99353971547932,46.42622359131387,237858000,44.93460922241211,41.56196166992188,1.0,1.0
2023-08-02,44.23682403564453,45.806681298718125,43.35546514879733,45.79768896870756,530142000,45.032138442993165,41.82193740844727,1.0,1.0
2023-08-03,44.482635498046875,45.08519773730657,43.76815517445485,43.76815517445485,324176000,45.15265064239502,42.08858783721924,1.0,1.0
2023-08-04,44.64752197265625,45.60882067268021,44.36073184609566,44.95230057010458,362666000,45.26142196655273,42.36828796386719,1.0,1.0
2023-08-07,45.38398361206055,45.506895294186684,44.53060434183165,45.07820630485827,322154000,45.423154258728026,42.665714797973635,1.0,1.0
2023-08-08,44.631526947021484,45.20910580762462,44.0239673068551,44.820388704613485,353843000,45.53602199554443,42.79937614440918,1.0,1.0
2023-08-09,42.52306365966797,44.279784996235016,42.10336702177276,44.2418106099287,586449000,45.46867122650146,42.8715641784668,1.0,1.0
2023-08-10,42.35718536376953,43.54232399177734,41.80458597956359,42.129350474246436,492705000,45.28935165405274,42.91715400695801,1.0,1.0
2023-08-11,40.82529830932617,41.98745483103536,40.609455735906536,41.72064683355446,533085000,45.0588191986084,42.97760818481445,1.0,1.0
2023-08-14,43.721187591552734,43.76815430441539,40.28169257903262,40.456564582325726,690286000,44.92351722717285,43.0572924041748,1.0,1.0
2023-08-15,43.90805435180664,45.23509182651046,43.67822201869262,44.52760635786077,676512000,44.74594650268555,43.14956657409668,1.0,1.0
2023-08-16,43.454383850097656,44.642518572075744,43.374440183849174,44.487632483624076,527451000,44.56652679443359,43.23588478088379,1.0,1.0
2023-08-17,43.3124885559082,44.02996504043604,42.9697356160732,43.93803287430319,452395000,44.457805442810056,43.3296964263916,1.0,1.0
2023-08-18,43.26751708984375,43.54631355808522,41.6297088674994,42.603998420369834,583768000,44.40734214782715,43.44609176635742,1.0,1.0
2023-08-21,46.93285369873047,47.030782025071126,44.18985040134457,44.46165201493228,692573000,44.52500667572021,43.61510871887207,1.0,1.0
2023-08-22,45.634796142578125,48.15196569860594,45.30004062070193,48.10000155373569,755293000,44.52445697784424,43.75296844482422,1.0,1.0
2023-08-23,47.081748962402344,47.165687530536545,45.175135085824124,45.832657681466124,779046000,44.60759658813477,43.90553741455078,1.0,1.0
2023-08-24,47.12871170043945,50.229456525679716,47.12471680402284,50.17949363700367,1156044000,44.67070064544678,44.028268051147464,1.0,1.0
2023-08-25,45.98454666137695,47.7702462695261,44.99126600172495,46.97782350910496,925341000,44.63412742614746,44.08864418029785,1.0,1.0
2023-08-28,46.80094909667969,46.945844136189635,44.85536600768865,46.44820509438741,685192000,44.63942337036133,44.172223205566404,1.0,1.0
2023-08-29,48.748531341552734,49.04531628812588,46.35726964870884,46.632071231077255,701397000,44.753190422058104,44.293974533081055,1.0,1.0
2023-08-30,49.22818374633789,49.89069992908974,48.38979301948212,49.008342472169936,735206000,45.00275840759277,44.403015213012694,1.0,1.0
2023-08-31,49.319122314453125,49.70783948086103,48.922411542832535,49.34410566617648,528570000,45.24458274841309,44.52912353515625,1.0,1.0
2023-09-01,48.47373580932617,49.763797697596935,48.107002016363225,49.72582712049024,463830000,45.43589344024658,44.638723831176755,1.0,1.0
2023-09-05,48.51271057128906,48.81549172198567,47.825210956107306,48.18794605289678,382653000,45.592329788208005,44.765411834716794,1.0,1.0
2023-09-06,47.03065872192383,48.5176983121161,46.54996984821671,48.409770048373865,468670000,45.712286376953124,44.89397590637207,1.0,1.0
2023-09-07,46.21119689941406,46.31413115212792,45.122898103314355,45.49565878737646,433330000,45.89669303894043,44.98128875732422,1.0,1.0
2023-09-08,45.54262161254883,46.575955463730146,45.241816956969146,45.912385845022,473069000,46.05596485137939,45.07039901733398,1.0,1.0
2023-09-11,45.14888000488281,46.1332418790325,44.283437093528,46.118252157877485,473966000,46.27214393615723,45.15753021240234,1.0,1.0
2023-09-12,44.841068267822266,45.643551923371255,44.502286142152805,44.709153407474325,349256000,46.328137969970705,45.20892669677735,1.0,1.0
2023-09-13,45.45567321777344,45.9003859898633,44.47430412568911,44.571241704929434,398355000,46.40551891326904,45.270396881103515,1.0,1.0
2023-09-14,45.55162048339844,45.95735701328926,45.101909783891045,45.92038211332298,370097000,46.51038074493408,45.335704498291015,1.0,1.0
2023-09-15,43.87169647216797,45.56959852066616,43.779752923471165,45.31176544872774,506831000,46.53834114074707,45.37169059753418,1.0,1.0
2023-09-18,43.937652587890625,44.21347561321812,41.97292056005233,42.7204393860463,500271000,46.571847915649414,45.40100173950195,1.0,1.0
2023-09-19,43.491947174072266,43.93765882554462,42.97427952494741,43.80474513769536,373064000,46.3998025894165,45.427853927612304,1.0,1.0
2023-09-20,42.211769104003906,43.874697872716084,42.1957805773011,43.571891798323115,367108000,46.228651237487796,45.42460586547852,1.0,1.0
2023-09-21,40.99055480957031,42.0728567871405,40.953579913724376,41.55619180268766,450736000,45.924091529846194,45.36701538085938,1.0,1.0
2023-09-22,41.58317565917969,42.087851165439716,41.204418374834624,41.54519814398996,479236000,45.6468147277832,45.27980735778809,1.0,1.0
2023-09-25,42.19477844238281,42.50857517454085,41.15045020013546,41.564184746897794,419091000,45.457326316833495,45.21498397827148,1.0,1.0
2023-09-26,41.88398361206055,42.79239807025896,41.62814811031587,41.97392575085955,402282000,45.211478042602536,45.12411911010742,1.0,1.0
2023-09-27,42.44062042236328,42.844363114706354,41.60216441597511,42.30271271186717,444935000,44.89608249664307,45.02374214172363,0.0,0.0
2023-09-28,43.061214447021484,43.41798267758721,42.08784351392444,42.432618445848725,424663000,44.58773403167724,44.94411087036133,0.0,0.0
2023-09-29,43.47095489501953,44.11553949357653,43.27907734367155,43.79874253504086,397830000,44.295325660705565,44.90379165649414,0.0,0.0
2023-10-02,44.75312042236328,45.1458647096369,43.83271296572386,44.00160269233367,433298000,44.10929489135742,44.913318405151365,0.0,0.0
2023-10-03,43.48894500732422,45.10090796030272,43.21811979928393,44.7791131286437,470850000,43.85810661315918,44.89150604248047,0.0,0.0
2023-10-04,44.012611389160156,44.11454682903524,43.26409364811851,43.71380433905175,361821000,43.707204246520995,44.85884246826172,0.0,0.0
2023-10-05,44.65919494628906,44.87106009571042,43.859711368944936,44.02160569733858,393483000,43.62960414886474,44.843647232055666,0.0,0.0
2023-10-06,45.73249816894531,45.759481188953075,43.99761731119279,44.16450946291641,434436000,43.63909797668457,44.84096458435059,0.0,0.0
2023-10-09,45.243804931640625,45.57559157643432,44.339389732508636,44.81308310202198,409675000,43.64384422302246,44.811520462036135,0.0,0.0
2023-10-10,45.76847457885742,46.22917591041197,45.05893322747722,45.280790227106074,368582000,43.69021453857422,44.792989349365236,0.0,0.0
2023-10-11,46.77582550048828,46.82879273607268,46.02031234982247,46.16621813703432,378137000,43.75622215270996,44.79904205322266,0.0,0.0
2023-10-12,46.91473388671875,47.57830726462998,46.30013251687724,46.746842929581085,481325000,43.824377822875974,44.85260025024414,0.0,0.0
2023-10-13,45.43169021606445,47.0856258439627,45.25080714920821,46.92972437247631,474115000,43.9023775100708,44.87158134460449,0.0,0.0
2023-10-16,46.065284729003906,46.19519817588755,44.8830449142491,45.03394854361238,375099000,44.008759117126466,44.89993659973145,0.0,0.0
2023-10-17,43.90967559814453,44.72515146398081,42.452615298122,43.971635905037324,812333000,44.02964553833008,44.87045043945312,0.0,0.0
2023-10-18,42.16879653930664,43.19113966201485,41.79803732924531,42.56354235108208,627294000,44.027496910095216,44.82119583129883,0.0,0.0
2023-10-19,42.07386016845703,43.26908828015481,41.85499958396407,42.783401532452814,501233000,44.08166217803955,44.81221176147461,0.0,0.0
2023-10-20,41.360321044921875,42.44262307555848,41.05151831937694,41.86299514075664,477266000,44.07051944732666,44.792274475097656,0.0,0.0
2023-10-23,42.947296142578125,43.22012278548461,40.91860593108143,41.20242325687503,478530000,44.10814533233643,44.8347144317627,0.0,0.0
2023-10-24,43.63484573364258,43.668824208033044,42.663476137534204,43.04922503107713,401463000,44.19568843841553,44.83298759460449,0.0,0.0
2023-10-25,41.75206756591797,43.62186366950043,41.52821293771827,43.37002340053755,398379000,44.161260795593265,44.789867858886716,0.0,0.0
2023-10-26,40.29999923706055,42.22875513682953,39.85428765821612,41.826015100945305,541001000,44.023200035095215,44.72678016662598,0.0,0.0
2023-10-27,40.47389221191406,41.17943837928563,39.98920425077625,41.10348715819275,416784000,43.87334690093994,44.670008239746096,0.0,0.0
2023-10-30,41.134464263916016,41.73907378443747,40.45490233078289,41.06051446991565,388028000,43.692414093017575,44.62734718322754,0.0,0.0
2023-10-31,40.75371551513672,40.85265454459505,39.20471527367733,40.423930186991555,517969000,43.5556526184082,44.503764419555665,0.0,0.0
2023-11-01,42.2977180480957,42.353681706486846,40.84265530544935,40.857645026484356,437593000,43.46990795135498,44.437022857666015,0.0,0.0
2023-11-02,43.47795104980469,43.855705696322225,42.86634611035468,43.300064408208144,409172000,43.41084575653076,44.364946899414065,0.0,0.0
2023-11-03,44.975982666015625,45.27978369407566,43.69480778178644,43.99161716605405,424610000,43.373019981384275,44.32189231872559,0.0,0.0
2023-11-06,45.72150802612305,45.905391339762694,44.870056042056,45.25580880956027,400733000,43.3969051361084,44.31663154602051,0.0,0.0
2023-11-07,45.92537307739258,46.18820018807057,45.12888604597762,45.68952517362853,343165000,43.40475006103516,44.299120025634764,0.0,0.0
2023-11-08,46.54397201538086,46.83678236721753,45.938359937306,46.070274797797154,346719000,43.393157386779784,44.255028839111326,0.0,0.0
2023-11-09,46.919734954833984,48.198908596818825,46.71986312021431,47.43639996851601,540496000,43.39340744018555,44.20885986328125,0.0,0.0
2023-11-10,48.30384826660156,48.440761010117264,47.25252811727141,47.46938732022543,421245000,43.5370153427124,44.18855438232422,0.0,0.0
2023-11-13,48.58864974975586,49.084332134936744,48.06798577140686,48.288843946075154,384136000,43.66318359375,44.190852661132816,0.0,0.0
2023-11-14,49.62398147583008,49.80186810947218,49.00838133866222,49.647968075180216,416954000,43.94889888763428,44.213078079223635,0.0,0.0
2023-11-15,48.856483459472656,49.927790961524366,48.168927272564574,49.902809365822506,475497000,44.28328323364258,44.24959457397461,1.0,1.0
2023-11-16,49.44810104370117,49.49307401570829,48.29884470682521,48.64761873945954,339756000,44.65199527740479,44.31433265686035,1.0,1.0
2023-11-17,49.2662239074707,49.68495254819164,48.975411113822275,49.49207615888525,325205000,45.04729042053223,44.38880470275879,1.0,1.0
2023-11-20,50.376502990722656,50.515413319946866,49.14929401076898,49.28021007685078,414120000,45.41875076293945,44.49335716247558,1.0,1.0
2023-11-21,49.91180419921875,50.48443286697379,49.19026950939756,50.09368608126626,565747000,45.73259868621826,44.59477188110352,1.0,1.0
2023-11-22,48.684593200683594,50.302548939584284,47.659253670052365,49.819862426084605,899420000,46.07922496795654,44.65935028076172,1.0,1.0
2023-11-24,47.74520492553711,48.889467324614394,47.71422286454428,48.438757822338204,294645000,46.45148525238037,44.70322196960449,1.0,1.0
2023-11-27,48.21090316772461,48.498715719855554,47.62128333679978,47.76918674468385,395662000,46.838335800170896,44.79000610351562,1.0,1.0
2023-11-28,47.790164947509766,48.29184398043461,47.442389759187826,48.204898277235316,401491000,47.17112083435059,44.867056350708005,1.0,1.0
2023-11-29,48.10896301269531,48.73056364947179,47.82914475163215,48.347811153163846,382005000,47.538883209228516,44.95939666748047,1.0,1.0
2023-11-30,46.739845275878906,48.07898145694806,46.392070077516905,47.993034557521675,526247000,47.760989570617674,45.04995819091797,1.0,1.0
2023-12-01,46.7348518371582,47.169572782203616,46.15722533542331,46.495008690555146,369317000,47.92383460998535,45.16484413146973,1.0,1.0
2023-12-04,45.48065948486328,46.04729530005155,44.98098181883111,46.04729530005155,437543000,47.94906845092773,45.2427938079834,1.0,1.0
2023-12-05,46.54007339477539,46.57405104711008,45.24579248346221,45.44068360016381,371718000,47.98999671936035,45.32969970703125,1.0,1.0
2023-12-06,45.477664947509766,47.36061873070036,45.38671600748787,47.188713605709914,380590000,47.96761131286621,45.40157333374023,1.0,1.0
2023-12-07,46.5700569152832,46.6030394870367,45.578608662273986,45.67455588233509,350823000,47.96891555786133,45.48416206359863,1.0,1.0
2023-12-08,47.479549407958984,47.71441917110969,46.52408042310089,46.56905734985708,359224000,47.99690628051758,45.572528762817385,1.0,1.0
2023-12-11,46.60103988647461,47.50453592444969,45.8044865345936,47.46456109151934,509728000,47.91176586151123,45.63513046264649,1.0,1.0
2023-12-12,47.63046646118164,47.63946032153252,46.02036339199116,46.02036339199116,372387000,47.86385669708252,45.692677383422854,1.0,1.0
2023-12-13,48.06122970581055,48.56694852407048,47.58149738885303,47.60248560623417,447792000,47.785719108581546,45.78412307739258,1.0,1.0
2023-12-14,48.32307434082031,48.64289584092454,47.395593515547255,48.36305298147659,391232000,47.75904865264893,45.87033233642578,1.0,1.0
2023-12-15,48.86277770996094,49.37649145661912,48.09320598416868,48.16716609290554,479948000,47.72978248596191,45.954403991699216,1.0,1.0
2023-12-18,50.04911804199219,50.40491882356695,49.12263603296827,49.37249683921415,412587000,47.76892719268799,46.04073638916016,1.0,1.0
2023-12-19,49.57637405395508,49.67232125952952,48.86776928450163,49.396473996646186,464444000,47.72892074584961,46.12738777160644,1.0,1.0
2023-12-20,48.08421325683594,49.971162561409855,48.07122000684809,49.6273523215611,397894000,47.63754119873047,46.173702545166016,1.0,1.0
2023-12-21,48.96272277832031,49.06766385409553,48.39203776733346,48.783821596134075,300425000,47.6514476776123,46.21744049072266,1.0,1.0
2023-12-22,48.802818298339844,49.35550803515768,48.44001760392499,49.16761296876515,252507000,47.70432834625244,46.25520217895508,1.0,1.0
2023-12-26,49.251556396484375,49.572376781102484,48.93273380006729,48.9407287654443,244200000,47.75636100769043,46.33159950256348,1.0,1.0
2023-12-27,49.38948440551758,49.65233845498923,49.05766853127738,49.483433835302336,233648000,47.83632698059082,46.39808349609375,1.0,1.0
2023-12-28,49.494422912597656,49.85622084400242,49.384483556355164,49.61535772949362,246587000,47.905599975585936,46.50977844238281,1.0,1.0
2023-12-29,49.494422912597656,49.969160695229064,48.7238523373362,49.78526123454254,389293000,48.043328857421876,46.656290969848634,1.0,1.0
2024-01-02,48.141178131103516,49.267549491534815,47.56849914375037,49.21657920112469,411254000,48.11364517211914,46.777637329101566,1.0,1.0
2024-01-03,47.542510986328125,48.15716638258974,47.29364909537562,47.45855812854748,320896000,48.21673774719238,46.901281127929686,1.0,1.0
2024-01-04,47.97127914428711,48.47299856752152,47.481550264732384,47.740404942993884,306535000,48.28829803466797,47.00176078796387,1.0,1.0
2024-01-05,49.06966018676758,49.5194103643003,48.27910029347317,48.43501546755193,415039000,48.46789779663086,47.11045707702637,1.0,1.0
2024-01-08,52.223899841308594,52.2458907620678,49.4514463575837,49.48442892614956,642510000,48.75058994293213,47.31989372253418,1.0,1.0
2024-01-09,53.110408782958984,54.29475029719907,51.66121544197603,52.371821875549315,773100000,49.032132911682126,47.57610191345215,1.0,1.0
2024-01-10,54.31973648071289,54.569597281107285,53.45921582315341,53.58614782430592,533796000,49.41806774139404,47.853018798828124,1.0,1.0
2024-01-11,54.79146957397461,55.31517984530642,53.530175126278365,54.96837295906674,596759000,49.77611789703369,48.1261589050293,1.0,1.0
2024-01-12,54.67953872680664,54.939396104159464,54.2997530407885,54.58958868273426,352994000,50.1070333480835,48.4046753692627,1.0,1.0
2024-01-16,56.35060501098633,56.80335188433168,54.86943178251625,54.98736610755934,449580000,50.508409881591795,48.68573310852051,1.0,1.0
2024-01-17,56.021793365478516,56.43955990801359,54.70952466514394,56.31562839717504,474394000,50.866360664367676,48.93660995483398,1.0,1.0
2024-01-18,57.07520294189453,57.567928484455464,56.0757597125632,57.22811763397988,491650000,51.217664909362796,49.17859436035156,1.0,1.0
2024-01-19,59.457881927490234,59.466875788583536,57.19314077752002,57.95671539051007,543501000,51.71174030303955,49.453321838378905,1.0,1.0
2024-01-22,59.62078857421875,60.29741362477489,59.03711406646688,60.01556912613644,452955000,52.28856906890869,49.72723014831543,1.0,1.0
2024-01-23,59.839664459228516,59.876642607504685,58.55237959065836,59.536831763324194,294654000,52.8324161529541,49.993143997192384,1.0,1.0
2024-01-24,61.32783508300781,62.814006680232,59.90462813486255,60.27042548611156,560271000,53.4586669921875,50.28130599975586,1.0,1.0
2024-01-25,61.58269500732422,62.68408265284871,60.81611993386063,62.3152848013764,482777000,54.07522392272949,50.54688293457031,1.0,1.0
2024-01-26,60.99701690673828,61.748600916766215,60.53927554518053,60.926057292697806,390309000,54.65560054779053,50.79505027770996,1.0,1.0
2024-01-29,62.430213928222656,62.45419882429467,60.87308290712382,61.197898867345,348733000,55.30239009857178,51.05117492675781,1.0,1.0
2024-01-30,62.73904800415039,63.457649460395544,62.225334241470755,62.86498111554158,410735000,55.96462135314941,51.32882621765137,1.0,1.0
2024-01-31,61.49274444580078,62.23433190687522,60.666205224632265,61.40579108468123,453795000,56.632199668884276,51.56971908569336,1.0,1.0
2024-02-01,62.991905212402344,63.15581535659614,61.615673062934434,62.06541944015991,369146000,57.40466938018799,51.84423271179199,1.0,1.0
2024-02-02,66.1231689453125,66.56291878931643,63.654539090246594,63.938381369175765,476578000,58.312263870239256,52.15916603088379,1.0,1.0
2024-02-05,69.29339599609375,69.45830503749701,67.16758142852466,68.18701012748092,680078000,59.32345066070557,52.54679786682129,1.0,1.0
2024-02-06,68.18501281738281,69.71515858330277,66.26308702618283,69.59122707783612,683111000,60.12150630950928,52.936806259155276,1.0,1.0
2024-02-07,70.0599594116211,70.18089422020962,67.56235060844563,68.28095195120673,495575000,60.968983840942386,53.383101348876956,1.0,1.0
2024-02-08,69.60222625732422,70.75458420328539,69.41633280176669,70.03498384281633,414422000,61.733108329772946,53.81092781066894,1.0,1.0
2024-02-09,72.09285736083984,72.14482274694846,70.17292125397418,70.49374174629027,436637000,62.59817771911621,54.29698165893555,1.0,1.0
2024-02-12,72.20777130126953,74.56945447682682,71.21032591879988,72.55957267433736,613710000,63.474589347839355,54.77895782470703,1.0,1.0
2024-02-13,72.08785247802734,73.40911526024477,69.58125280309775,70.36081744123659,602580000,64.2614517211914,55.28591796875,1.0,1.0
2024-02-14,73.8588638305664,74.19467532641171,71.89795802434332,73.16125433620005,504917000,65.1533052444458,55.82839820861816,1.0,1.0
2024-02-15,72.61753845214844,73.93380643951798,72.35968650824275,73.82787028335872,420122000,65.9304220199585,56.371135787963865,1.0,1.0
2024-02-16,72.57256317138672,74.36056840015162,72.46062602851259,74.05873462198204,495327000,66.58615608215332,56.891785583496095,1.0,1.0
2024-02-20,69.41333770751953,71.91594146829705,67.69629184561839,71.90694379478387,704833000,67.07578353881836,57.37049903869629,1.0,1.0
2024-02-21,67.43444061279297,68.84965273678795,66.21112295055113,67.9681399359681,673755000,67.45552234649658,57.787786712646486,1.0,1.0
2024-02-22,78.49427032470703,78.53124465919488,74.17867388920303,74.9832259524774,865100000,68.31384410858155,58.408081130981444,1.0,1.0
2024-02-23,78.77312469482422,82.34812926609345,77.5268172404039,80.7450259181588,829388000,69.17336559295654,59.05152282714844,1.0,1.0
2024-02-26,79.0479736328125,80.60110940022084,78.4612947940882,79.6556292519544,503973000,70.07591342926025,59.67987297058105,1.0,1.0
2024-02-27,78.65717315673828,79.43574633865495,77.11903628247967,79.3367948159067,391705000,70.88726139068604,60.29179183959961,1.0,1.0
2024-02-28,77.61975860595703,78.88904810428491,77.08205615581203,77.57678328073024,393110000,71.63129692077636,60.877725524902345,1.0,1.0
2024-02-29,79.06795501708984,79.94546455588929,78.30637821286784,79.04996729538055,507289000,72.51005744934082,61.48182907104492,1.0,1.0
2024-03-01,82.2331771850586,82.2541692109824,79.39075927311268,79.95544705800646,479135000,73.47212104797363,62.12551025390625,1.0,1.0
2024-03-04,85.18954467773438,87.64617639419636,83.67239206586414,84.08315873170044,615616000,74.42543983459473,62.837773666381835,1.0,1.0
2024-03-05,85.92017364501953,86.05310907669562,83.37447499815761,85.22652719248794,520639000,75.25677871704102,63.59449287414551,1.0,1.0
2024-03-06,88.65476989746094,89.67824984643924,86.9856232402923,87.97712182383515,582520000,76.28026657104492,64.38833381652832,1.0,1.0
2024-03-07,92.62174224853516,92.71969184649807,89.55630492024456,90.11202114454544,608119000,77.40835571289062,65.26471229553222,1.0,1.0
2024-03-08,87.48336791992188,97.35033567284756,86.46188588221935,95.08948806655721,1142269000,78.3024127960205,66.02934852600097,1.0,1.0
2024-03-11,85.73026275634766,88.75171621511622,84.1230810265849,86.38492752767289,678364000,78.98428306579589,66.75616409301757,1.0,1.0
2024-03-12,91.86613464355469,91.91310774958505,86.10607276758905,88.00410652239347,668075000,79.96720123291016,67.60359832763672,1.0,1.0
2024-03-13,90.8416519165039,91.45733510152752,88.38989990202793,91.00856657140831,635713000,80.90489120483399,68.43054290771484,1.0,1.0
2024-03-14,87.8991470336914,90.59977243652932,86.55583073162953,89.53131740403234,602318000,81.60690536499024,69.2257022857666,1.0,1.0
2024-03-15,87.7922134399414,89.500341723681,86.21302481365912,86.88567820084742,642086000,82.36563911437989,70.03069633483886,1.0,1.0
2024-03-18,88.40990447998047,92.35788758620774,87.04060020712583,90.34191762912647,668976000,83.15750617980957,70.83946884155273,1.0,1.0
2024-03-19,89.35242462158203,90.49783644933297,84.96666127835144,86.65579447616338,672171000,84.15446052551269,71.64512413024903,1.0,1.0
2024-03-20,90.32592010498047,90.36390274155225,88.17801382637771,89.75120872764549,479063000,85.29903450012208,72.40716453552245,1.0,1.0
2024-03-21,91.38837432861328,92.60076087628697,90.3589007516049,92.2529387505123,480372000,85.94373970031738,73.17272384643555,1.0,1.0
2024-03-22,94.24091339111328,94.72966241146648,90.78767363601877,91.09451627074266,586719000,86.71712913513184,73.97114738464356,1.0,1.0
2024-03-25,94.95355224609375,96.71665262612369,93.46231633076846,93.89309629655145,552136000,87.5124080657959,74.77438903808594,1.0,1.0
2024-03-26,92.51380157470703,96.32585986372577,92.4548335490284,95.8021249691622,513648000,88.20523948669434,75.53107429504395,1.0,1.0
2024-03-27,90.2039794921875,93.19245268869888,89.07755527294492,93.06451960589087,586067000,88.83445053100586,76.20814178466797,1.0,1.0
2024-03-28,90.30992889404297,91.25344777796057,89.14751991247192,89.95410761772509,435212000,89.39654922485352,76.89390449523925,1.0,1.0
2024-04-01,90.3169174194336,92.17796738530402,89.15851187965868,90.25295469319977,452441000,89.80073623657226,77.55873878479004,1.0,1.0
2024-04-02,89.40637969970703,90.04805054821496,87.57531335437362,88.4028863469108,433064000,90.0115779876709,78.15770874023437,1.0,1.0
2024-04-03,88.91864013671875,90.32792493292138,88.35493231864154,88.43888912667452,370067000,90.16150131225587,78.74366577148437,1.0,1.0
2024-04-04,85.86117553710938,90.58776700768702,85.83618676541171,90.35987886542738,434965000,90.02182159423828,79.26409599304199,1.0,1.0
2024-04-05,87.96312713623047,88.43588552210704,85.88218803532831,86.82170353525082,399678000,89.78889083862305,79.79680183410645,1.0,1.0
2024-04-08,87.08856201171875,88.7846950725735,86.68776556126254,88.65475649731144,283220000,89.76915054321289,80.30691917419433,1.0,1.0
2024-04-09,85.31045532226562,87.59029759028141,82.97965182031417,87.39739525078261,501700000,89.74816017150879,80.79318794250489,1.0,1.0
2024-04-10,86.99462127685547,87.35543726810234,83.66631737551937,83.8832095968993,431929000,89.50458450317383,81.28447608947754,1.0,1.0
2024-04-11,90.5698013305664,90.6927397233091,86.88168767581091,87.37543150360503,431637000,89.49099197387696,81.84109115600586,1.0,1.0
2024-04-12,88.14104461669922,90.1290367728089,87.48538077869667,89.65327386017714,426805000,89.50308685302734,82.37405715942383,1.0,1.0
2024-04-15,85.95713806152344,90.56678540632922,85.88517618535235,89.05255868186178,443077000,89.41133308410645,82.83336181640625,1.0,1.0
2024-04-16,87.37042236328125,88.0730591608871,86.02011339953525,86.38892089132743,370453000,89.35935897827149,83.25830688476563,1.0,1.0
2024-04-17,83.99214935302734,88.72973001771733,83.90718598900048,88.29494666403578,495400000,89.09134521484376,83.55228195190429,1.0,1.0
2024-04-18,84.62782287597656,86.14605313921993,82.35998267211264,84.9266740115763,447260000,88.80644035339355,83.88113815307617,1.0,1.0
2024-04-19,76.16114044189453,84.28099833646611,75.56744919546927,83.10760101811651,875198000,88.04507865905762,84.00316177368164,1.0,1.0
2024-04-22,79.47745513916016,80.0321724749778,76.36104864748893,78.06417460921173,596341000,87.30690574645996,84.20066635131836,1.0,1.0
2024-04-23,82.38096618652344,82.72679042021001,80.2230705514645,80.7278102893302,438559000,86.67827644348145,84.40642852783203,1.0,1.0
2024-04-24,79.6363754272461,84.03912814064545,79.14262401880819,83.90719166390734,512208000,86.0344051361084,84.55500061035156,1.0,1.0
2024-04-25,82.58987426757812,83.28051623028156,78.18311796504497,78.82778575977734,424641000,85.65369987487793,84.76504104614258,1.0,1.0
2024-04-26,87.69026947021484,88.28596627439501,83.34448669778978,83.77526671112514,551011000,85.52271690368653,85.04166915893555,1.0,1.0
2024-04-29,87.7122573852539,87.94713054569272,85.22252257935692,87.55033742522801,388971000,85.39248390197754,85.34356353759766,1.0,1.0
2024-04-30,86.35795593261719,88.77372365378562,86.25601055156,87.195526189522,363709000,85.24006271362305,85.61927139282227,0.0,0.0
2024-05-01,82.99864959716797,85.95614014617317,81.21355734292688,85.03361435183398,559863000,84.94406318664551,85.89097763061524,0.0,0.0
2024-05-02,85.77323913574219,86.19302312746696,83.15756927733226,84.40593290133356,377898000,84.93966636657714,86.25775360107421,0.0,0.0
2024-05-03,88.74372100830078,89.23546686580507,86.99561241116382,87.7442309865165,398341000,84.97869606018067,86.46274261474609,0.0,0.0
2024-05-06,92.09300994873047,92.17297098055205,89.00958414820802,89.34441239026923,376203000,85.22891845703126,86.72914031982423,0.0,0.0
2024-05-07,90.5078125,91.73418402804691,88.96560026111723,91.05153374398775,437342000,85.48878631591796,86.95833709716797,0.0,0.0
2024-05-08,90.36589813232422,91.14749704338682,89.37439959760155,89.43737100980039,325721000,85.6573501586914,87.1925115966797,0.0,0.0
2024-05-09,88.70174407958984,91.02555536852674,88.18600837888344,90.48283300975697,378013000,85.56394729614257,87.41415130615235,0.0,0.0
2024-05-10,89.83216857910156,91.3543946079418,89.18149955504683,90.25895279926722,335325000,85.6485034942627,87.62943557739258,0.0,0.0
2024-05-13,90.3529052734375,90.95159885169748,88.48385608988069,90.43185974293648,289680000,85.8682918548584,87.79183013916015,0.0,0.0
2024-05-14,91.30941772460938,91.60426546540805,88.88864807554503,89.55330988776338,296507000,86.0652416229248,87.91422760009766,0.0,0.0
2024-05-15,94.58172607421875,94.81360998714375,91.55227396981113,92.42482974673099,417735000,86.59472045898437,88.08745864868165,0.0,0.0
2024-05-16,94.31088256835938,95.77013712291551,94.05500878486642,94.86160408579778,323952000,87.07887344360351,88.2005809020996,0.0,0.0
2024-05-17,92.43184661865234,94.69169545244071,91.75919321941595,94.32089003310901,359691000,87.89240875244141,88.19678298950195,0.0,0.0
2024-05-20,94.73167419433594,95.15145822277206,93.39236106775267,93.70220057081201,318764000,88.65511970520019,88.34174911499024,1.0,1.0
2024-05-21,95.33735656738281,95.35134936664903,93.1324803037148,93.55126534071833,328946000,89.30293922424316,88.53389099121094,1.0,1.0
2024-05-22,94.90158081054688,95.97103489974472,93.20145177000462,95.41032394954395,548648000,90.0661994934082,88.59459991455078,1.0,1.0
2024-05-23,103.74608612060547,106.26579699236947,101.46824101677741,101.97598526792865,835065000,91.12401008605957,88.85268859863281,1.0,1.0
2024-05-24,106.41471099853516,106.42070464479184,102.94747814509458,104.39573676851408,429494000,92.06023216247559,89.22299987792968,1.0,1.0
2024-05-28,113.8429183959961,114.88039109228285,109.8269695886833,110.18778556165118,652728000,93.3667652130127,89.74401397705078,1.0,1.0
2024-05-29,114.76644134521484,115.43310102209165,110.84444643564275,112.99235261607853,557442000,94.78718948364258,90.27114471435547,1.0,1.0
2024-05-30,110.44366455078125,115.75995304588886,109.607093285824,114.59155031014234,484553000,96.15944023132325,90.69296951293946,1.0,1.0
2024-05-31,109.57709503173828,112.6595219559155,106.88546755499186,112.46261619518734,613263000,97.34963302612304,91.0779930114746,1.0,1.0
2024-06-03,114.94136047363281,114.94136047363281,111.94588702357191,113.56306583418551,438392000,98.65951499938964,91.549052734375,1.0,1.0
2024-06-04,116.37762451171875,116.5405434101387,113.98684591549986,115.65699910856021,403324000,99.87374572753906,91.99178695678711,1.0,1.0
2024-06-05,122.37757110595703,122.38656157559062,117.40810617337777,118.31064561773049,528402000,101.46723365783691,92.54026733398437,1.0,1.0
2024-06-06,120.93629455566406,125.52295114690725,118.25965887862115,123.98473454180629,664696000,102.99575347900391,93.10871719360351,1.0,1.0
2024-06-07,120.82635498046875,121.62994584355768,117.9618191498612,119.70892124903274,412386000,104.60198402404785,93.72116470336914,1.0,1.0
2024-06-10,121.72789001464844,123.03721949599527,116.95032895624942,120.3086160214553,313434100,106.1967700958252,94.34952392578126,1.0,1.0
2024-06-11,120.85828399658203,122.81744468477636,118.68920642560704,121.71790911261488,222551200,107.72203903198242,94.96035125732422,1.0,1.0
2024-06-12,125.14643096923828,126.8257124975509,122.51755894250634,123.00734716397616,299595000,109.41388969421386,95.67515228271485,1.0,1.0
2024-06-13,129.55455017089844,129.74447132445016,127.10560139337456,129.33464307228707,260704500,111.16253089904785,96.48787048339844,1.0,1.0
2024-06-14,131.82359313964844,132.78317395786428,128.26511837192902,129.90441625095465,309320400,113.03816642761231,97.40711883544923,1.0,1.0
2024-06-17,130.92396545410156,133.67278906643185,129.52457044327446,132.9331153831068,288504400,114.96277236938477,98.26633560180665,1.0,1.0
2024-06-18,135.52198791503906,136.27166699428068,130.63408092847425,131.08388532556722,294335100,117.00228805541992,99.23500411987305,1.0,1.0
2024-06-20,130.72406005859375,140.69978702792184,129.46460449105635,139.74020619139688,517768400,118.77162322998046,100.14327621459961,1.0,1.0
2024-06-21,126.51583862304688,130.5741064780737,124.2468133432689,127.06560632081215,649445800,120.35233612060547,100.93370056152344,1.0,1.0
2024-06-24,118.05945587158203,124.40673688729653,117.9894861328688,123.18725776161229,476060900,121.0680046081543,101.48349365234375,1.0,1.0
2024-06-25,126.03604888916016,126.44587713171062,119.26894878077069,121.14814167969276,414192600,122.04907150268555,102.24139373779298,1.0,1.0
2024-06-26,126.3459243774414,128.0651821115694,122.54754706402704,126.07603561970313,362975900,122.67422180175781,103.04916946411133,1.0,1.0
2024-06-27,123.93694305419922,126.35591334202208,122.86740120783881,124.04689659574252,252571700,123.13274688720703,103.78049987792969,1.0,1.0
2024-06-28,123.48714447021484,127.65535851030685,122.69748155565787,124.52670042256338,315516700,123.78492088317871,104.57039978027343,1.0,1.0
2024-07-01,124.24683380126953,124.78659610560356,118.77917237025213,123.41718700299181,284885500,124.51840782165527,105.3627799987793,1.0,1.0
2024-07-02,122.61751556396484,123.35720445635805,120.97821782460922,121.07817351581278,218374000,124.90221557617187,106.2919075012207,1.0,1.0
2024-07-03,128.22511291503906,128.22511291503906,121.30807553564613,121.60795022813568,215749000,125.4945899963379,107.26686065673829,1.0,1.0
2024-07-05,125.77616882324219,128.7948810674807,125.62623147151251,127.32550112143423,214176700,125.66451988220214,108.13476470947266,1.0,1.0
2024-07-08,128.1451416015625,130.7140492483546,126.98564191819271,127.43544631776729,237677300,126.02496223449707,109.10494003295898,1.0,1.0
2024-07-09,131.3238067626953,133.76276548705792,128.59496354527897,130.29424856790877,285366600,126.54983482360839,110.07961868286132,1.0,1.0
2024-07-10,134.852294921875,135.04221608834806,132.36335454676214,133.9726664675838,248978600,127.20605506896973,111.02285919189453,1.0,1.0
2024-07-11,127.34549713134766,136.09174607157163,126.99564839391957,135.69192330087128,374782700,127.53041572570801,111.8155239868164,1.0,1.0
2024-07-12,129.18470764160156,131.86355363035963,127.16556766728102,128.20511597204649,252680500,127.73232955932617,112.67205902099609,1.0,1.0
2024-07-15,128.3850555419922,131.33379047542198,127.1255924372887,130.50414372087192,208326200,127.67385482788086,113.57978713989257,1.0,1.0
2024-07-16,126.30593872070312,128.9847847878456,124.52670149646414,128.38505064333017,214769500,127.3979721069336,114.3904411315918,1.0,1.0
2024-07-17,117.93952178955078,121.79787109317448,116.67006845054381,121.29808499297587,390086200,126.74874992370606,114.9743571472168,1.0,1.0
2024-07-18,121.0381851196289,122.34762979092075,116.51012460742739,121.79786207097416,320979500,126.02455978393554,115.55326065063477,1.0,1.0
2024-07-19,117.8795394897461,121.54796731102965,117.31978154730916,120.29850217085433,217223800,125.38233375549316,116.10069519042969,1.0,1.0
2024-07-22,123.48714447021484,124.01691649015211,119.80871864887781,120.2985068676328,258068900,125.23089904785157,116.7631201171875,1.0,1.0
2024-07-23,122.53754425048828,124.63665183286045,122.04775604012886,122.72746539631609,173911000,125.45480346679688,117.43983612060546,1.0,1.0
2024-07-24,114.20111083984375,119.89866868030745,113.3914598904436,119.11900367331029,327776900,124.86305656433106,117.92721496582031,1.0,1.0
2024-07-25,112.23196411132812,116.5801016063377,106.25452669437287,112.99164110995024,460067000,124.1573585510254,118.36479614257813,1.0,1.0
2024-07-26,113.01162719726562,116.15028320368103,111.53226465502331,116.14029297278634,293399100,123.61109275817871,118.79884033203125,1.0,1.0
2024-07-29,111.5422592163086,116.23025532001331,111.25238998649994,113.64136695751597,248152100,123.0138484954834,119.13805099487304,1.0,1.0
2024-07-30,103.68562316894531,111.94208369239041,102.49612986212257,111.47228355856528,486833300,121.98578796386718,119.32554580688476,1.0,1.0
2024-07-31,116.96991729736328,118.28935209111981,110.83254555393661,112.85168535455355,473174200,121.7034080505371,119.81630722045898,1.0,1.0
2024-08-01,109.16327667236328,120.10859659996095,106.76430191931924,117.47971689042026,523462300,120.75031623840331,120.10493927001953,1.0,1.0
2024-08-02,107.22410583496094,108.67349009112934,101.3266359945612,103.71561292679569,482027500,119.82271308898926,120.3426742553711,0.0,0.0
2024-08-05,100.40702056884766,103.36576087778293,90.65120176374947,92.020610744235,552842400,118.43580703735351,120.4527830505371,0.0,0.0
2024-08-06,104.20539855957031,107.66391734722711,100.50698458680512,103.79557030996848,409012100,117.07988662719727,120.46196929931641,0.0,0.0
2024-08-07,98.86768341064453,108.75345120343057,98.64777632103673,107.76386930019544,411440400,115.28065605163575,120.3110287475586,0.0,0.0
2024-08-08,104.92508697509766,105.45485898012505,97.47827008281362,101.95635654950479,391910000,114.15963554382324,120.13267211914062,0.0,0.0
2024-08-09,104.70518493652344,106.55439192807604,103.38574997554278,105.59480355882924,290844200,112.93565940856934,119.93144699096679,0.0,0.0
2024-08-12,108.97335815429688,111.02248421974713,106.214544366382,106.27451625816647,325559900,111.96507453918457,119.90204086303712,0.0,0.0
2024-08-13,116.0903091430664,116.18027460234957,111.53226256952769,112.3918952304853,312646700,111.45429306030273,120.03230514526368,0.0,0.0
2024-08-14,118.02948760986328,118.5492618001431,114.02120093884069,118.47929205094907,339246400,111.45879135131835,120.09406768798829,0.0,0.0
2024-08-15,122.80744171142578,123.18727640390337,117.41974813678404,118.7091971963176,318086700,111.5472541809082,120.22266403198242,0.0,0.0
2024-08-16,124.52670288085938,124.94652136236562,121.12815597457694,121.88783295977665,302589900,111.87961235046387,120.26564666748047,0.0,0.0
2024-08-19,129.9443817138672,129.9443817138672,123.36719502454015,124.22682769827617,318333600,112.20247421264648,120.44580841064453,0.0,0.0
2024-08-20,127.195556640625,129.82443628728038,125.83613790062299,128.3450585172195,300087400,112.43537483215331,120.57319244384766,0.0,0.0
2024-08-21,128.4450225830078,129.29466502006431,126.60581346882094,127.26552712895132,257883600,113.14757041931152,120.70753509521484,0.0,0.0
2024-08-22,123.68705749511719,130.69406050330699,123.04733191995243,129.96437709388331,376189100,113.72032508850097,120.76411056518555,0.0,0.0
2024-08-23,129.31463623046875,129.54454879248973,125.16641816339359,125.80614369005178,323230300,114.53547554016113,120.84747467041015,0.0,0.0
2024-08-26,126.40589904785156,131.20384101513017,124.3167968178151,129.5145768150302,331964700,115.27865753173828,120.78450164794921,0.0,0.0
2024-08-27,128.2451171875,129.14472607274774,123.8270022374259,124.99650751528328,303134600,116.50663223266602,120.71293212890625,0.0,0.0
2024-08-28,125.55625915527344,128.2750966404244,122.5875286310627,128.06517977661952,448101100,116.93594932556152,120.60557800292969,0.0,0.0
2024-08-29,117.53968811035156,124.37676573622443,116.66006734390899,121.30807947152184,453023300,117.35476989746094,120.24593200683594,0.0,0.0
2024-08-30,119.31893157958984,121.69791057687668,117.169849908653,119.47885915972935,333751600,117.95951118469239,120.01782943725586,0.0,0.0
2024-09-03,107.95378875732422,116.1602749319815,107.24409346859224,115.96036355880885,477155100,118.33684959411622,119.64658843994141,0.0,0.0
2024-09-04,106.16456604003906,113.22154357052297,104.07546373187543,105.36491282865293,372470300,118.43480796813965,119.40869064331055,0.0,0.0
2024-09-05,107.16413879394531,109.60309749669094,104.71518985962717,104.94508720389065,306850700,118.8496307373047,119.03125244140625,0.0,0.0
2024-09-06,102.78599548339844,108.10371847150348,100.90679515321645,107.99376493617882,413638100,118.74267616271973,118.5600538635254,1.0,1.0
2024-09-09,106.42445373535156,106.50442134190934,103.64564422957986,104.83512996607128,273912000,118.82863960266113,118.20980407714843,1.0,1.0
2024-09-10,108.05374145507812,109.35318822314704,104.90508784485718,107.76386463370491,268283700,118.7826587677002,117.9011360168457,1.0,1.0
2024-09-11,116.8599853515625,117.13986433729632,107.37404002456883,109.34319840779227,441422400,118.821142578125,117.75339904785156,1.0,1.0
2024-09-12,119.0992202758789,120.74865704096976,115.34050510922769,116.80000446674823,366052700,118.87462921142578,117.68303314208984,1.0,1.0
2024-09-13,119.0592269897461,119.91893319621943,117.5597404845181,119.03923719212747,238358300,118.6872184753418,117.49971542358398,1.0,1.0
2024-09-16,116.7400131225586,118.13953528569532,114.32084356482326,116.75001183404176,248772300,118.29788398742676,117.31899230957032,1.0,1.0
2024-09-17,115.55043029785156,118.75933823796504,114.79069593440207,118.12954900355818,231925900,117.57818641662598,117.06709808349609,1.0,1.0
2024-09-18,113.33118438720703,117.659695980885,113.18123422247302,115.850318172966,310318900,116.88496780395508,116.70724563598633,1.0,1.0
2024-09-19,117.82965087890625,119.6190390017094,117.20986038538442,117.30982462581498,293506400,116.35419921875,116.36679275512695,0.0,0.0
2024-09-20,115.96029663085938,118.57940262799143,115.35050480567513,117.0199313836397,382462400,115.96786117553711,116.13908874511719,0.0,0.0
2024-09-23,116.22020721435547,116.94995306986277,114.82068489843978,116.51010886475667,206228500,115.31313972473144,115.87979873657227,0.0,0.0
2024-09-24,120.82862854003906,121.75831050299728,115.34050229413268,116.48011145817397,354966800,115.03427619934082,115.7286701965332,0.0,0.0
2024-09-25,123.46772003173828,124.8972307941946,121.56836894761845,121.9782246233193,284692900,114.79540634155273,115.6719058227539,0.0,0.0
2024-09-26,123.99754333496094,127.62629807870698,121.75831219877176,126.75660075164774,302582900,114.71747055053712,115.7930662536621,0.0,0.0
2024-09-27,121.35844421386719,123.9875411739155,119.21917738287792,123.9275641535197,271009200,114.9084083557129,115.79947143554688,0.0,0.0
2024-09-30,121.39842987060547,121.45840689022769,118.10955522149155,118.26949648274505,226553700,115.01238327026367,115.86984924316407,0.0,0.0
2024-10-01,116.95994567871094,122.39808576451375,115.7503608309228,121.72830933905863,302094500,115.462691116333,115.73930526733399,0.0,0.0
2024-10-02,118.80931854248047,119.33913591399957,115.1005893150636,116.40014740227824,221845900,116.09492874145508,115.66474075317383,1.0,1.0
2024-10-03,122.80794525146484,124.31743049345978,120.2988023230489,120.87860561160097,277118000,116.87711906433105,115.83687744140624,1.0,1.0
2024-10-04,124.87722778320312,124.99718944297891,121.78828940510478,124.89722520655694,243678100,117.98168067932129,116.08978271484375,1.0,1.0
2024-10-07,127.67627716064453,130.59527568838965,124.90722118000957,124.94720840149982,346250200,119.04427185058594,116.38307571411133,1.0,1.0
2024-10-08,132.84449768066406,133.43429200303964,129.3756845929013,130.2153933149511,285722500,120.28380966186523,116.80912048339843,1.0,1.0
2024-10-09,132.60458374023438,134.473953954377,131.33502948270424,134.06409064908044,246191600,121.07103958129883,117.38749969482421,1.0,1.0
2024-10-10,134.7638397216797,134.95377710780917,130.9551466749852,131.86483875930813,242311300,121.85427055358886,117.74337814331055,1.0,1.0
2024-10-11,134.7538604736328,135.73352074472976,133.61425131031754,133.9641223517835,170209500,122.63900222778321,118.25518981933594,1.0,1.0
2024-10-14,138.0227508544922,139.5522259694365,136.25335239175735,136.42329237635488,232347700,123.70313911437988,118.87116271972656,1.0,1.0
2024-10-15,131.55496215820312,138.52257769243778,128.6959404665834,137.82280508502743,377831000,124.50336570739746,119.49412155151367,1.0,1.0
2024-10-16,135.67355346679688,136.57323935639468,131.53497091822635,133.93414345953184,264879700,125.62048416137695,120.12348464965821,1.0,1.0
2024-10-17,136.88311767578125,140.8417687676179,136.82314065604464,139.29229632563835,306435900,126.5731575012207,120.88379333496094,1.0,1.0
2024-10-18,137.9527587890625,138.85244459278235,137.23300404466042,138.62252759913224,176090200,127.67278060913085,121.54434677124023,1.0,1.0
2024-10-21,143.6608123779297,143.6608123779297,137.95276029474488,138.0827206747143,264554500,129.04481086730956,122.32345932006837,1.0,1.0
2024-10-22,143.54086303710938,144.3705808600113,141.731484819394,142.86110303968678,226311600,130.1804225921631,123.0148094177246,1.0,1.0
2024-10-23,139.51222229003906,142.38123492807873,137.41295033058282,141.9813779606296,285930000,130.98264770507814,123.48324768066406,1.0,1.0
2024-10-24,140.3619384765625,141.30161913611144,138.41260905173522,140.7718017861216,172354900,131.8008674621582,123.92989669799805,1.0,1.0
2024-10-25,141.49154663085938,144.08067171203157,140.75180968215267,140.8817548130095,205122100,132.80752258300782,124.30357879638672,1.0,1.0
2024-10-28,140.47190856933594,143.09100694226274,140.00206821568727,142.95105547012693,173586700,133.76119651794434,124.62248291015625,1.0,1.0
2024-10-29,141.20164489746094,142.21129364579818,138.8524432880062,140.2419668294209,157593600,134.97328147888183,124.84762817382813,1.0,1.0
2024-10-30,139.29229736328125,140.28196395700422,136.76316465511044,139.49222584841445,179418100,135.99743041992187,125.08956298828124,1.0,1.0
2024-10-31,132.71456909179688,137.5629157078968,132.06479759847417,137.55292462080052,270039600,136.49276161193848,125.17495391845704,1.0,1.0
2024-11-01,135.35365295410156,137.26300291330367,134.52395044654537,134.65389558133728,207127800,137.0165828704834,125.40828582763672,1.0,1.0
2024-11-04,136.00343322753906,138.91244079735898,135.52360180221356,137.16303982117785,187528200,137.4329406738281,125.54206176757812,1.0,1.0
2024-11-05,139.8621063232422,140.3219403030432,137.28298774012364,137.40294177771256,160537400,137.78382110595703,125.81118591308594,1.0,1.0
2024-11-06,145.56016540527344,146.43986910531262,141.91142072377156,142.9110784725191,242043900,138.43160018920898,126.1574868774414,1.0,1.0
2024-11-07,148.8290557861328,148.87902647248674,146.11997647950326,146.33990241230273,207323300,139.13486099243164,126.62294281005859,1.0,1.0
2024-11-08,147.57945251464844,149.71871911263233,146.2099112659944,148.71906153874144,175665800,139.77614059448243,127.22373809814454,1.0,1.0
2024-11-11,145.21026611328125,148.79904870323992,143.52085748188875,148.62909347800425,182325600,140.13551635742186,127.74156478881837,1.0,1.0
2024-11-12,148.2392120361328,149.59874692031187,145.95999403229789,146.7297346202135,198634700,140.96972885131837,128.54727325439453,1.0,1.0
2024-11-13,146.21994018554688,149.27889039349282,145.85005645366056,149.01898487542564,191903300,141.49704818725587,129.3483807373047,1.0,1.0
2024-11-14,146.70974731445312,148.94898588208457,145.5001701321721,147.58945090415918,194463300,141.98837966918944,130.13929290771483,1.0,1.0
2024-11-15,141.93138122558594,145.1902747512061,140.03203789439084,144.8203910682193,250132900,142.18731079101562,130.9222006225586,1.0,1.0
2024-11-18,140.1020050048828,141.50153478170088,137.10303223771245,139.45223367342163,221205300,142.00937042236328,131.5957516479492,1.0,1.0
2024-11-19,146.9596710205078,147.0796403153284,140.94174272954967,141.27163159656618,227834900,142.1803108215332,132.37387023925783,1.0,1.0
2024-11-20,145.84005737304688,147.50948385732136,142.68113546401185,147.35954130772643,309871700,142.4967025756836,132.9534716796875,1.0,1.0
2024-11-21,146.6197967529297,152.83766902515802,140.65183891204953,149.29888738883682,400946600,142.80959548950196,133.50388320922852,1.0,1.0
2024-11-22,141.90139770507812,147.10962067545384,141.05169787065546,145.88003080645086,236406200,142.8300880432129,133.96072662353515,1.0,1.0
2024-11-25,135.97344970703125,142.00138464304115,135.77352121027207,141.94140761937004,344941900,142.60516510009765,134.3453953552246,1.0,1.0
2024-11-26,136.8731231689453,139.25231324946176,135.62355111044974,137.65285491316135,190287700,142.38873901367188,134.7718492126465,1.0,1.0
2024-11-27,135.2936553955078,137.17301655731904,131.7548742168772,134.96376655836661,226370900,142.1888069152832,135.2110986328125,1.0,1.0
2024-11-29,138.2026824951172,139.30231211006736,136.0034385187834,136.7331843976686,141863200,142.4632125854492,135.61855926513672,1.0,1.0
2024-12-02,138.58253479003906,140.401903648449,137.77281459318448,138.78246325473978,171682800,142.6246566772461,136.07100402832032,1.0,1.0
2024-12-03,140.2119903564453,140.49189330582607,137.90278339727084,138.21267485883047,164414000,142.8350845336914,136.5508396911621,1.0,1.0
2024-12-04,145.09031677246094,145.7400881706811,140.24197086598,141.95139223046513,231224300,143.09649505615235,137.03607345581054,1.0,1.0
2024-12-05,145.0203399658203,146.49993108099994,143.9106428157812,145.07032934736787,172621200,143.0695037841797,137.4671258544922,1.0,1.0
2024-12-06,142.40106201171875,145.66016529709515,141.27136605108353,144.5604751692698,188505600,142.74810409545898,137.83519622802734,1.0,1.0
2024-12-09,138.77203369140625,139.91172129670065,137.0925004855475,138.93199359328304,189308600,142.30773315429687,138.18346801757812,1.0,1.0
2024-12-10,135.03306579589844,141.7812196768295,133.7534018405272,138.97197539548316,210020900,141.79887313842772,138.45616073608397,1.0,1.0
2024-12-11,139.2718963623047,140.13166176303284,135.173026862483,137.32243273699547,184905200,141.35050735473632,138.90239974975586,1.0,1.0
2024-12-12,137.3024444580078,138.40214979482639,135.76287224107875,137.04252103958567,159211400,140.90463256835938,139.2722622680664,1.0,1.0
2024-12-13,134.21328735351562,139.56183041879834,132.50374826625531,138.9020072444441,231514900,140.2798095703125,139.5003691101074,1.0,1.0
2024-12-16,131.96388244628906,134.36321966164874,130.3843129319086,134.14327863720246,237951100,139.78143463134765,139.64210220336915,1.0,1.0
2024-12-17,130.35433959960938,131.5540083659402,126.82530622422306,129.0546920799943,259410300,139.29405136108397,139.69566345214844,0.0,0.0
2024-12-18,128.874755859375,136.6626191312432,128.2449232385065,133.82339933223892,277444500,138.38980560302736,139.61626861572265,0.0,0.0
2024-12-19,130.6442413330078,133.99333094415113,129.51456085077075,131.72394769790225,209719200,137.6300148010254,139.57706176757813,0.0,0.0
2024-12-20,134.6631622314453,135.24300545668208,128.1849385069714,129.7745000485284,306528600,137.03218307495118,139.57504821777343,0.0,0.0
2024-12-23,139.6317901611328,139.75175245255647,135.08303180440205,136.2427181368804,176053500,136.9187026977539,139.67260681152345,0.0,0.0
2024-12-24,140.18165588378906,141.86118913948326,138.61207790245493,139.9617148258363,105157000,137.1291130065918,139.71578491210937,0.0,0.0
2024-12-26,139.8917236328125,140.811485448775,137.69232835527816,139.66179080612986,116205600,137.28004302978516,139.88252014160156,0.0,0.0
2024-12-27,136.9725341796875,138.9819943823141,134.67317523350815,138.5121216661011,170582600,137.36398696899414,139.90849975585937,0.0,0.0
2024-12-30,137.452392578125,140.2316308377207,133.98334063995796,134.79311660884966,167734700,137.32647247314452,139.91988525390624,0.0,0.0
2024-12-31,134.25328063964844,138.0322612848829,133.79341493856927,137.99226367763055,155659200,137.110009765625,139.84589569091796,0.0,0.0
